縣市,行政區,里別,調查日期,確診數
台南市,七股區,七股里,2023-06-12,0
台南市,七股區,七股里,2023-06-19,0
台南市,七股區,七股里,2023-06-26,0
台南市,七股區,七股里,2023-07-03,0
台南市,七股區,七股里,2023-07-10,0
台南市,七股區,七股里,2023-07-17,0
台南市,七股區,七股里,2023-07-24,0
台南市,七股區,七股里,2023-07-31,0
台南市,七股區,七股里,2023-08-07,0
台南市,七股區,七股里,2023-08-14,0
台南市,七股區,七股里,2023-08-21,0
台南市,七股區,七股里,2023-08-28,0
台南市,七股區,七股里,2023-09-04,0
台南市,七股區,七股里,2023-09-11,0
台南市,七股區,七股里,2023-09-18,0
台南市,七股區,七股里,2023-09-25,0
台南市,七股區,七股里,2023-10-02,0
台南市,七股區,七股里,2023-10-09,0
台南市,七股區,七股里,2023-10-16,0
台南市,七股區,七股里,2023-10-23,0
台南市,七股區,七股里,2023-10-30,0
台南市,七股區,七股里,2023-11-06,0
台南市,七股區,七股里,2023-11-13,0
台南市,七股區,七股里,2023-11-20,0
台南市,七股區,七股里,2023-11-27,0
台南市,七股區,七股里,2023-12-04,0
台南市,七股區,七股里,2023-12-11,0
台南市,七股區,七股里,2023-12-18,0
台南市,七股區,七股里,2023-12-25,0
台南市,七股區,七股里,2024-01-01,0
台南市,七股區,三股里,2023-06-12,0
台南市,七股區,三股里,2023-06-19,0
台南市,七股區,三股里,2023-06-26,0
台南市,七股區,三股里,2023-07-03,0
台南市,七股區,三股里,2023-07-10,0
台南市,七股區,三股里,2023-07-17,0
台南市,七股區,三股里,2023-07-24,0
台南市,七股區,三股里,2023-07-31,0
台南市,七股區,三股里,2023-08-07,0
台南市,七股區,三股里,2023-08-14,0
台南市,七股區,三股里,2023-08-21,0
台南市,七股區,三股里,2023-08-28,0
台南市,七股區,三股里,2023-09-04,0
台南市,七股區,三股里,2023-09-11,0
台南市,七股區,三股里,2023-09-18,0
台南市,七股區,三股里,2023-09-25,1
台南市,七股區,三股里,2023-10-02,0
台南市,七股區,三股里,2023-10-09,0
台南市,七股區,三股里,2023-10-16,0
台南市,七股區,三股里,2023-10-23,0
台南市,七股區,三股里,2023-10-30,0
台南市,七股區,三股里,2023-11-06,0
台南市,七股區,三股里,2023-11-13,0
台南市,七股區,三股里,2023-11-20,0
台南市,七股區,三股里,2023-11-27,0
台南市,七股區,三股里,2023-12-04,0
台南市,七股區,三股里,2023-12-11,0
台南市,七股區,三股里,2023-12-18,0
台南市,七股區,三股里,2023-12-25,0
台南市,七股區,三股里,2024-01-01,0
台南市,七股區,中寮里,2023-06-12,0
台南市,七股區,中寮里,2023-06-19,0
台南市,七股區,中寮里,2023-06-26,0
台南市,七股區,中寮里,2023-07-03,0
台南市,七股區,中寮里,2023-07-10,0
台南市,七股區,中寮里,2023-07-17,0
台南市,七股區,中寮里,2023-07-24,0
台南市,七股區,中寮里,2023-07-31,0
台南市,七股區,中寮里,2023-08-07,0
台南市,七股區,中寮里,2023-08-14,0
台南市,七股區,中寮里,2023-08-21,0
台南市,七股區,中寮里,2023-08-28,0
台南市,七股區,中寮里,2023-09-04,0
台南市,七股區,中寮里,2023-09-11,0
台南市,七股區,中寮里,2023-09-18,0
台南市,七股區,中寮里,2023-09-25,0
台南市,七股區,中寮里,2023-10-02,0
台南市,七股區,中寮里,2023-10-09,0
台南市,七股區,中寮里,2023-10-16,0
台南市,七股區,中寮里,2023-10-23,0
台南市,七股區,中寮里,2023-10-30,0
台南市,七股區,中寮里,2023-11-06,0
台南市,七股區,中寮里,2023-11-13,0
台南市,七股區,中寮里,2023-11-20,0
台南市,七股區,中寮里,2023-11-27,0
台南市,七股區,中寮里,2023-12-04,0
台南市,七股區,中寮里,2023-12-11,0
台南市,七股區,中寮里,2023-12-18,0
台南市,七股區,中寮里,2023-12-25,0
台南市,七股區,中寮里,2024-01-01,0
台南市,七股區,十份里,2023-06-12,0
台南市,七股區,十份里,2023-06-19,0
台南市,七股區,十份里,2023-06-26,0
台南市,七股區,十份里,2023-07-03,0
台南市,七股區,十份里,2023-07-10,0
台南市,七股區,十份里,2023-07-17,0
台南市,七股區,十份里,2023-07-24,0
台南市,七股區,十份里,2023-07-31,0
台南市,七股區,十份里,2023-08-07,0
台南市,七股區,十份里,2023-08-14,0
台南市,七股區,十份里,2023-08-21,1
台南市,七股區,十份里,2023-08-28,0
台南市,七股區,十份里,2023-09-04,0
台南市,七股區,十份里,2023-09-11,0
台南市,七股區,十份里,2023-09-18,0
台南市,七股區,十份里,2023-09-25,0
台南市,七股區,十份里,2023-10-02,0
台南市,七股區,十份里,2023-10-09,0
台南市,七股區,十份里,2023-10-16,0
台南市,七股區,十份里,2023-10-23,1
台南市,七股區,十份里,2023-10-30,0
台南市,七股區,十份里,2023-11-06,0
台南市,七股區,十份里,2023-11-13,0
台南市,七股區,十份里,2023-11-20,0
台南市,七股區,十份里,2023-11-27,0
台南市,七股區,十份里,2023-12-04,0
台南市,七股區,十份里,2023-12-11,0
台南市,七股區,十份里,2023-12-18,0
台南市,七股區,十份里,2023-12-25,0
台南市,七股區,十份里,2024-01-01,0
台南市,七股區,塩埕里,2023-06-12,0
台南市,七股區,塩埕里,2023-06-19,0
台南市,七股區,塩埕里,2023-06-26,0
台南市,七股區,塩埕里,2023-07-03,0
台南市,七股區,塩埕里,2023-07-10,0
台南市,七股區,塩埕里,2023-07-17,0
台南市,七股區,塩埕里,2023-07-24,0
台南市,七股區,塩埕里,2023-07-31,0
台南市,七股區,塩埕里,2023-08-07,0
台南市,七股區,塩埕里,2023-08-14,0
台南市,七股區,塩埕里,2023-08-21,0
台南市,七股區,塩埕里,2023-08-28,0
台南市,七股區,塩埕里,2023-09-04,0
台南市,七股區,塩埕里,2023-09-11,0
台南市,七股區,塩埕里,2023-09-18,0
台南市,七股區,塩埕里,2023-09-25,0
台南市,七股區,塩埕里,2023-10-02,0
台南市,七股區,塩埕里,2023-10-09,0
台南市,七股區,塩埕里,2023-10-16,0
台南市,七股區,塩埕里,2023-10-23,0
台南市,七股區,塩埕里,2023-10-30,0
台南市,七股區,塩埕里,2023-11-06,0
台南市,七股區,塩埕里,2023-11-13,0
台南市,七股區,塩埕里,2023-11-20,0
台南市,七股區,塩埕里,2023-11-27,0
台南市,七股區,塩埕里,2023-12-04,0
台南市,七股區,塩埕里,2023-12-11,0
台南市,七股區,塩埕里,2023-12-18,0
台南市,七股區,塩埕里,2023-12-25,0
台南市,七股區,塩埕里,2024-01-01,0
台南市,七股區,後港里,2023-06-12,0
台南市,七股區,後港里,2023-06-19,0
台南市,七股區,後港里,2023-06-26,0
台南市,七股區,後港里,2023-07-03,0
台南市,七股區,後港里,2023-07-10,0
台南市,七股區,後港里,2023-07-17,0
台南市,七股區,後港里,2023-07-24,0
台南市,七股區,後港里,2023-07-31,0
台南市,七股區,後港里,2023-08-07,0
台南市,七股區,後港里,2023-08-14,0
台南市,七股區,後港里,2023-08-21,0
台南市,七股區,後港里,2023-08-28,0
台南市,七股區,後港里,2023-09-04,0
台南市,七股區,後港里,2023-09-11,0
台南市,七股區,後港里,2023-09-18,0
台南市,七股區,後港里,2023-09-25,0
台南市,七股區,後港里,2023-10-02,0
台南市,七股區,後港里,2023-10-09,0
台南市,七股區,後港里,2023-10-16,0
台南市,七股區,後港里,2023-10-23,0
台南市,七股區,後港里,2023-10-30,0
台南市,七股區,後港里,2023-11-06,0
台南市,七股區,後港里,2023-11-13,0
台南市,七股區,後港里,2023-11-20,0
台南市,七股區,後港里,2023-11-27,0
台南市,七股區,後港里,2023-12-04,0
台南市,七股區,後港里,2023-12-11,0
台南市,七股區,後港里,2023-12-18,0
台南市,七股區,後港里,2023-12-25,0
台南市,七股區,後港里,2024-01-01,0
台南市,七股區,樹林里,2023-06-12,0
台南市,七股區,樹林里,2023-06-19,0
台南市,七股區,樹林里,2023-06-26,0
台南市,七股區,樹林里,2023-07-03,0
台南市,七股區,樹林里,2023-07-10,0
台南市,七股區,樹林里,2023-07-17,0
台南市,七股區,樹林里,2023-07-24,0
台南市,七股區,樹林里,2023-07-31,0
台南市,七股區,樹林里,2023-08-07,0
台南市,七股區,樹林里,2023-08-14,0
台南市,七股區,樹林里,2023-08-21,0
台南市,七股區,樹林里,2023-08-28,0
台南市,七股區,樹林里,2023-09-04,1
台南市,七股區,樹林里,2023-09-11,0
台南市,七股區,樹林里,2023-09-18,0
台南市,七股區,樹林里,2023-09-25,0
台南市,七股區,樹林里,2023-10-02,0
台南市,七股區,樹林里,2023-10-09,1
台南市,七股區,樹林里,2023-10-16,0
台南市,七股區,樹林里,2023-10-23,2
台南市,七股區,樹林里,2023-10-30,1
台南市,七股區,樹林里,2023-11-06,0
台南市,七股區,樹林里,2023-11-13,0
台南市,七股區,樹林里,2023-11-20,0
台南市,七股區,樹林里,2023-11-27,0
台南市,七股區,樹林里,2023-12-04,0
台南市,七股區,樹林里,2023-12-11,0
台南市,七股區,樹林里,2023-12-18,0
台南市,七股區,樹林里,2023-12-25,0
台南市,七股區,樹林里,2024-01-01,0
台南市,七股區,永吉里,2023-06-12,0
台南市,七股區,永吉里,2023-06-19,0
台南市,七股區,永吉里,2023-06-26,0
台南市,七股區,永吉里,2023-07-03,0
台南市,七股區,永吉里,2023-07-10,0
台南市,七股區,永吉里,2023-07-17,0
台南市,七股區,永吉里,2023-07-24,0
台南市,七股區,永吉里,2023-07-31,0
台南市,七股區,永吉里,2023-08-07,0
台南市,七股區,永吉里,2023-08-14,0
台南市,七股區,永吉里,2023-08-21,0
台南市,七股區,永吉里,2023-08-28,0
台南市,七股區,永吉里,2023-09-04,0
台南市,七股區,永吉里,2023-09-11,0
台南市,七股區,永吉里,2023-09-18,0
台南市,七股區,永吉里,2023-09-25,0
台南市,七股區,永吉里,2023-10-02,1
台南市,七股區,永吉里,2023-10-09,0
台南市,七股區,永吉里,2023-10-16,0
台南市,七股區,永吉里,2023-10-23,0
台南市,七股區,永吉里,2023-10-30,0
台南市,七股區,永吉里,2023-11-06,0
台南市,七股區,永吉里,2023-11-13,0
台南市,七股區,永吉里,2023-11-20,0
台南市,七股區,永吉里,2023-11-27,0
台南市,七股區,永吉里,2023-12-04,0
台南市,七股區,永吉里,2023-12-11,0
台南市,七股區,永吉里,2023-12-18,0
台南市,七股區,永吉里,2023-12-25,0
台南市,七股區,永吉里,2024-01-01,0
台南市,七股區,溪南里,2023-06-12,0
台南市,七股區,溪南里,2023-06-19,0
台南市,七股區,溪南里,2023-06-26,0
台南市,七股區,溪南里,2023-07-03,0
台南市,七股區,溪南里,2023-07-10,0
台南市,七股區,溪南里,2023-07-17,0
台南市,七股區,溪南里,2023-07-24,0
台南市,七股區,溪南里,2023-07-31,0
台南市,七股區,溪南里,2023-08-07,0
台南市,七股區,溪南里,2023-08-14,0
台南市,七股區,溪南里,2023-08-21,0
台南市,七股區,溪南里,2023-08-28,0
台南市,七股區,溪南里,2023-09-04,0
台南市,七股區,溪南里,2023-09-11,0
台南市,七股區,溪南里,2023-09-18,0
台南市,七股區,溪南里,2023-09-25,0
台南市,七股區,溪南里,2023-10-02,1
台南市,七股區,溪南里,2023-10-09,0
台南市,七股區,溪南里,2023-10-16,0
台南市,七股區,溪南里,2023-10-23,0
台南市,七股區,溪南里,2023-10-30,0
台南市,七股區,溪南里,2023-11-06,0
台南市,七股區,溪南里,2023-11-13,0
台南市,七股區,溪南里,2023-11-20,0
台南市,七股區,溪南里,2023-11-27,0
台南市,七股區,溪南里,2023-12-04,0
台南市,七股區,溪南里,2023-12-11,0
台南市,七股區,溪南里,2023-12-18,0
台南市,七股區,溪南里,2023-12-25,0
台南市,七股區,溪南里,2024-01-01,0
台南市,七股區,玉成里,2023-06-12,0
台南市,七股區,玉成里,2023-06-19,0
台南市,七股區,玉成里,2023-06-26,0
台南市,七股區,玉成里,2023-07-03,0
台南市,七股區,玉成里,2023-07-10,0
台南市,七股區,玉成里,2023-07-17,0
台南市,七股區,玉成里,2023-07-24,0
台南市,七股區,玉成里,2023-07-31,0
台南市,七股區,玉成里,2023-08-07,0
台南市,七股區,玉成里,2023-08-14,0
台南市,七股區,玉成里,2023-08-21,0
台南市,七股區,玉成里,2023-08-28,0
台南市,七股區,玉成里,2023-09-04,0
台南市,七股區,玉成里,2023-09-11,0
台南市,七股區,玉成里,2023-09-18,0
台南市,七股區,玉成里,2023-09-25,0
台南市,七股區,玉成里,2023-10-02,0
台南市,七股區,玉成里,2023-10-09,0
台南市,七股區,玉成里,2023-10-16,0
台南市,七股區,玉成里,2023-10-23,0
台南市,七股區,玉成里,2023-10-30,0
台南市,七股區,玉成里,2023-11-06,0
台南市,七股區,玉成里,2023-11-13,0
台南市,七股區,玉成里,2023-11-20,0
台南市,七股區,玉成里,2023-11-27,0
台南市,七股區,玉成里,2023-12-04,0
台南市,七股區,玉成里,2023-12-11,0
台南市,七股區,玉成里,2023-12-18,0
台南市,七股區,玉成里,2023-12-25,0
台南市,七股區,玉成里,2024-01-01,0
台南市,七股區,竹橋里,2023-06-12,0
台南市,七股區,竹橋里,2023-06-19,0
台南市,七股區,竹橋里,2023-06-26,0
台南市,七股區,竹橋里,2023-07-03,0
台南市,七股區,竹橋里,2023-07-10,0
台南市,七股區,竹橋里,2023-07-17,0
台南市,七股區,竹橋里,2023-07-24,0
台南市,七股區,竹橋里,2023-07-31,0
台南市,七股區,竹橋里,2023-08-07,0
台南市,七股區,竹橋里,2023-08-14,0
台南市,七股區,竹橋里,2023-08-21,0
台南市,七股區,竹橋里,2023-08-28,0
台南市,七股區,竹橋里,2023-09-04,0
台南市,七股區,竹橋里,2023-09-11,0
台南市,七股區,竹橋里,2023-09-18,0
台南市,七股區,竹橋里,2023-09-25,0
台南市,七股區,竹橋里,2023-10-02,0
台南市,七股區,竹橋里,2023-10-09,1
台南市,七股區,竹橋里,2023-10-16,1
台南市,七股區,竹橋里,2023-10-23,0
台南市,七股區,竹橋里,2023-10-30,0
台南市,七股區,竹橋里,2023-11-06,0
台南市,七股區,竹橋里,2023-11-13,0
台南市,七股區,竹橋里,2023-11-20,0
台南市,七股區,竹橋里,2023-11-27,0
台南市,七股區,竹橋里,2023-12-04,0
台南市,七股區,竹橋里,2023-12-11,0
台南市,七股區,竹橋里,2023-12-18,0
台南市,七股區,竹橋里,2023-12-25,0
台南市,七股區,竹橋里,2024-01-01,0
台南市,七股區,篤加里,2023-06-12,0
台南市,七股區,篤加里,2023-06-19,0
台南市,七股區,篤加里,2023-06-26,0
台南市,七股區,篤加里,2023-07-03,0
台南市,七股區,篤加里,2023-07-10,0
台南市,七股區,篤加里,2023-07-17,0
台南市,七股區,篤加里,2023-07-24,0
台南市,七股區,篤加里,2023-07-31,0
台南市,七股區,篤加里,2023-08-07,0
台南市,七股區,篤加里,2023-08-14,0
台南市,七股區,篤加里,2023-08-21,0
台南市,七股區,篤加里,2023-08-28,0
台南市,七股區,篤加里,2023-09-04,0
台南市,七股區,篤加里,2023-09-11,0
台南市,七股區,篤加里,2023-09-18,0
台南市,七股區,篤加里,2023-09-25,0
台南市,七股區,篤加里,2023-10-02,0
台南市,七股區,篤加里,2023-10-09,0
台南市,七股區,篤加里,2023-10-16,0
台南市,七股區,篤加里,2023-10-23,1
台南市,七股區,篤加里,2023-10-30,0
台南市,七股區,篤加里,2023-11-06,0
台南市,七股區,篤加里,2023-11-13,0
台南市,七股區,篤加里,2023-11-20,0
台南市,七股區,篤加里,2023-11-27,0
台南市,七股區,篤加里,2023-12-04,0
台南市,七股區,篤加里,2023-12-11,0
台南市,七股區,篤加里,2023-12-18,0
台南市,七股區,篤加里,2023-12-25,0
台南市,七股區,篤加里,2024-01-01,0
台南市,七股區,義合里,2023-06-12,0
台南市,七股區,義合里,2023-06-19,0
台南市,七股區,義合里,2023-06-26,0
台南市,七股區,義合里,2023-07-03,0
台南市,七股區,義合里,2023-07-10,0
台南市,七股區,義合里,2023-07-17,0
台南市,七股區,義合里,2023-07-24,0
台南市,七股區,義合里,2023-07-31,0
台南市,七股區,義合里,2023-08-07,0
台南市,七股區,義合里,2023-08-14,0
台南市,七股區,義合里,2023-08-21,0
台南市,七股區,義合里,2023-08-28,0
台南市,七股區,義合里,2023-09-04,0
台南市,七股區,義合里,2023-09-11,0
台南市,七股區,義合里,2023-09-18,0
台南市,七股區,義合里,2023-09-25,0
台南市,七股區,義合里,2023-10-02,0
台南市,七股區,義合里,2023-10-09,0
台南市,七股區,義合里,2023-10-16,0
台南市,七股區,義合里,2023-10-23,0
台南市,七股區,義合里,2023-10-30,0
台南市,七股區,義合里,2023-11-06,1
台南市,七股區,義合里,2023-11-13,0
台南市,七股區,義合里,2023-11-20,0
台南市,七股區,義合里,2023-11-27,0
台南市,七股區,義合里,2023-12-04,0
台南市,七股區,義合里,2023-12-11,0
台南市,七股區,義合里,2023-12-18,0
台南市,七股區,義合里,2023-12-25,0
台南市,七股區,義合里,2024-01-01,0
台南市,七股區,西寮里,2023-06-12,0
台南市,七股區,西寮里,2023-06-19,0
台南市,七股區,西寮里,2023-06-26,0
台南市,七股區,西寮里,2023-07-03,0
台南市,七股區,西寮里,2023-07-10,0
台南市,七股區,西寮里,2023-07-17,0
台南市,七股區,西寮里,2023-07-24,0
台南市,七股區,西寮里,2023-07-31,0
台南市,七股區,西寮里,2023-08-07,0
台南市,七股區,西寮里,2023-08-14,0
台南市,七股區,西寮里,2023-08-21,0
台南市,七股區,西寮里,2023-08-28,0
台南市,七股區,西寮里,2023-09-04,0
台南市,七股區,西寮里,2023-09-11,0
台南市,七股區,西寮里,2023-09-18,0
台南市,七股區,西寮里,2023-09-25,0
台南市,七股區,西寮里,2023-10-02,0
台南市,七股區,西寮里,2023-10-09,0
台南市,七股區,西寮里,2023-10-16,0
台南市,七股區,西寮里,2023-10-23,0
台南市,七股區,西寮里,2023-10-30,0
台南市,七股區,西寮里,2023-11-06,0
台南市,七股區,西寮里,2023-11-13,0
台南市,七股區,西寮里,2023-11-20,0
台南市,七股區,西寮里,2023-11-27,0
台南市,七股區,西寮里,2023-12-04,0
台南市,七股區,西寮里,2023-12-11,0
台南市,七股區,西寮里,2023-12-18,0
台南市,七股區,西寮里,2023-12-25,0
台南市,七股區,西寮里,2024-01-01,0
台南市,七股區,頂山里,2023-06-12,0
台南市,七股區,頂山里,2023-06-19,0
台南市,七股區,頂山里,2023-06-26,0
台南市,七股區,頂山里,2023-07-03,0
台南市,七股區,頂山里,2023-07-10,0
台南市,七股區,頂山里,2023-07-17,0
台南市,七股區,頂山里,2023-07-24,0
台南市,七股區,頂山里,2023-07-31,0
台南市,七股區,頂山里,2023-08-07,0
台南市,七股區,頂山里,2023-08-14,0
台南市,七股區,頂山里,2023-08-21,0
台南市,七股區,頂山里,2023-08-28,0
台南市,七股區,頂山里,2023-09-04,0
台南市,七股區,頂山里,2023-09-11,0
台南市,七股區,頂山里,2023-09-18,0
台南市,七股區,頂山里,2023-09-25,0
台南市,七股區,頂山里,2023-10-02,0
台南市,七股區,頂山里,2023-10-09,0
台南市,七股區,頂山里,2023-10-16,0
台南市,七股區,頂山里,2023-10-23,0
台南市,七股區,頂山里,2023-10-30,0
台南市,七股區,頂山里,2023-11-06,0
台南市,七股區,頂山里,2023-11-13,1
台南市,七股區,頂山里,2023-11-20,0
台南市,七股區,頂山里,2023-11-27,0
台南市,七股區,頂山里,2023-12-04,0
台南市,七股區,頂山里,2023-12-11,0
台南市,七股區,頂山里,2023-12-18,0
台南市,七股區,頂山里,2023-12-25,0
台南市,七股區,頂山里,2024-01-01,0
台南市,下營區,下營里,2023-06-12,0
台南市,下營區,下營里,2023-06-19,0
台南市,下營區,下營里,2023-06-26,0
台南市,下營區,下營里,2023-07-03,0
台南市,下營區,下營里,2023-07-10,0
台南市,下營區,下營里,2023-07-17,0
台南市,下營區,下營里,2023-07-24,0
台南市,下營區,下營里,2023-07-31,0
台南市,下營區,下營里,2023-08-07,0
台南市,下營區,下營里,2023-08-14,0
台南市,下營區,下營里,2023-08-21,0
台南市,下營區,下營里,2023-08-28,0
台南市,下營區,下營里,2023-09-04,0
台南市,下營區,下營里,2023-09-11,0
台南市,下營區,下營里,2023-09-18,0
台南市,下營區,下營里,2023-09-25,0
台南市,下營區,下營里,2023-10-02,0
台南市,下營區,下營里,2023-10-09,0
台南市,下營區,下營里,2023-10-16,0
台南市,下營區,下營里,2023-10-23,1
台南市,下營區,下營里,2023-10-30,0
台南市,下營區,下營里,2023-11-06,1
台南市,下營區,下營里,2023-11-13,0
台南市,下營區,下營里,2023-11-20,0
台南市,下營區,下營里,2023-11-27,0
台南市,下營區,下營里,2023-12-04,0
台南市,下營區,下營里,2023-12-11,0
台南市,下營區,下營里,2023-12-18,0
台南市,下營區,下營里,2023-12-25,0
台南市,下營區,下營里,2024-01-01,0
台南市,下營區,仁里里,2023-06-12,0
台南市,下營區,仁里里,2023-06-19,0
台南市,下營區,仁里里,2023-06-26,0
台南市,下營區,仁里里,2023-07-03,0
台南市,下營區,仁里里,2023-07-10,0
台南市,下營區,仁里里,2023-07-17,0
台南市,下營區,仁里里,2023-07-24,0
台南市,下營區,仁里里,2023-07-31,0
台南市,下營區,仁里里,2023-08-07,0
台南市,下營區,仁里里,2023-08-14,0
台南市,下營區,仁里里,2023-08-21,0
台南市,下營區,仁里里,2023-08-28,0
台南市,下營區,仁里里,2023-09-04,0
台南市,下營區,仁里里,2023-09-11,0
台南市,下營區,仁里里,2023-09-18,0
台南市,下營區,仁里里,2023-09-25,0
台南市,下營區,仁里里,2023-10-02,0
台南市,下營區,仁里里,2023-10-09,0
台南市,下營區,仁里里,2023-10-16,0
台南市,下營區,仁里里,2023-10-23,0
台南市,下營區,仁里里,2023-10-30,0
台南市,下營區,仁里里,2023-11-06,0
台南市,下營區,仁里里,2023-11-13,0
台南市,下營區,仁里里,2023-11-20,0
台南市,下營區,仁里里,2023-11-27,0
台南市,下營區,仁里里,2023-12-04,0
台南市,下營區,仁里里,2023-12-11,0
台南市,下營區,仁里里,2023-12-18,0
台南市,下營區,仁里里,2023-12-25,0
台南市,下營區,仁里里,2024-01-01,0
台南市,下營區,宅內里,2023-06-12,0
台南市,下營區,宅內里,2023-06-19,0
台南市,下營區,宅內里,2023-06-26,0
台南市,下營區,宅內里,2023-07-03,0
台南市,下營區,宅內里,2023-07-10,0
台南市,下營區,宅內里,2023-07-17,0
台南市,下營區,宅內里,2023-07-24,0
台南市,下營區,宅內里,2023-07-31,0
台南市,下營區,宅內里,2023-08-07,0
台南市,下營區,宅內里,2023-08-14,0
台南市,下營區,宅內里,2023-08-21,0
台南市,下營區,宅內里,2023-08-28,0
台南市,下營區,宅內里,2023-09-04,0
台南市,下營區,宅內里,2023-09-11,0
台南市,下營區,宅內里,2023-09-18,0
台南市,下營區,宅內里,2023-09-25,0
台南市,下營區,宅內里,2023-10-02,0
台南市,下營區,宅內里,2023-10-09,0
台南市,下營區,宅內里,2023-10-16,0
台南市,下營區,宅內里,2023-10-23,0
台南市,下營區,宅內里,2023-10-30,0
台南市,下營區,宅內里,2023-11-06,0
台南市,下營區,宅內里,2023-11-13,0
台南市,下營區,宅內里,2023-11-20,0
台南市,下營區,宅內里,2023-11-27,0
台南市,下營區,宅內里,2023-12-04,0
台南市,下營區,宅內里,2023-12-11,0
台南市,下營區,宅內里,2023-12-18,0
台南市,下營區,宅內里,2023-12-25,0
台南市,下營區,宅內里,2024-01-01,0
台南市,下營區,後街里,2023-06-12,0
台南市,下營區,後街里,2023-06-19,0
台南市,下營區,後街里,2023-06-26,0
台南市,下營區,後街里,2023-07-03,0
台南市,下營區,後街里,2023-07-10,0
台南市,下營區,後街里,2023-07-17,0
台南市,下營區,後街里,2023-07-24,0
台南市,下營區,後街里,2023-07-31,0
台南市,下營區,後街里,2023-08-07,0
台南市,下營區,後街里,2023-08-14,0
台南市,下營區,後街里,2023-08-21,0
台南市,下營區,後街里,2023-08-28,0
台南市,下營區,後街里,2023-09-04,0
台南市,下營區,後街里,2023-09-11,0
台南市,下營區,後街里,2023-09-18,0
台南市,下營區,後街里,2023-09-25,0
台南市,下營區,後街里,2023-10-02,0
台南市,下營區,後街里,2023-10-09,0
台南市,下營區,後街里,2023-10-16,0
台南市,下營區,後街里,2023-10-23,0
台南市,下營區,後街里,2023-10-30,0
台南市,下營區,後街里,2023-11-06,0
台南市,下營區,後街里,2023-11-13,0
台南市,下營區,後街里,2023-11-20,0
台南市,下營區,後街里,2023-11-27,0
台南市,下營區,後街里,2023-12-04,0
台南市,下營區,後街里,2023-12-11,0
台南市,下營區,後街里,2023-12-18,0
台南市,下營區,後街里,2023-12-25,0
台南市,下營區,後街里,2024-01-01,0
台南市,下營區,營前里,2023-06-12,0
台南市,下營區,營前里,2023-06-19,0
台南市,下營區,營前里,2023-06-26,0
台南市,下營區,營前里,2023-07-03,0
台南市,下營區,營前里,2023-07-10,0
台南市,下營區,營前里,2023-07-17,0
台南市,下營區,營前里,2023-07-24,0
台南市,下營區,營前里,2023-07-31,0
台南市,下營區,營前里,2023-08-07,0
台南市,下營區,營前里,2023-08-14,0
台南市,下營區,營前里,2023-08-21,0
台南市,下營區,營前里,2023-08-28,0
台南市,下營區,營前里,2023-09-04,0
台南市,下營區,營前里,2023-09-11,0
台南市,下營區,營前里,2023-09-18,0
台南市,下營區,營前里,2023-09-25,0
台南市,下營區,營前里,2023-10-02,0
台南市,下營區,營前里,2023-10-09,0
台南市,下營區,營前里,2023-10-16,0
台南市,下營區,營前里,2023-10-23,0
台南市,下營區,營前里,2023-10-30,0
台南市,下營區,營前里,2023-11-06,0
台南市,下營區,營前里,2023-11-13,0
台南市,下營區,營前里,2023-11-20,0
台南市,下營區,營前里,2023-11-27,0
台南市,下營區,營前里,2023-12-04,0
台南市,下營區,營前里,2023-12-11,0
台南市,下營區,營前里,2023-12-18,0
台南市,下營區,營前里,2023-12-25,0
台南市,下營區,營前里,2024-01-01,0
台南市,下營區,西連里,2023-06-12,0
台南市,下營區,西連里,2023-06-19,0
台南市,下營區,西連里,2023-06-26,0
台南市,下營區,西連里,2023-07-03,0
台南市,下營區,西連里,2023-07-10,0
台南市,下營區,西連里,2023-07-17,0
台南市,下營區,西連里,2023-07-24,0
台南市,下營區,西連里,2023-07-31,0
台南市,下營區,西連里,2023-08-07,0
台南市,下營區,西連里,2023-08-14,0
台南市,下營區,西連里,2023-08-21,0
台南市,下營區,西連里,2023-08-28,0
台南市,下營區,西連里,2023-09-04,0
台南市,下營區,西連里,2023-09-11,0
台南市,下營區,西連里,2023-09-18,0
台南市,下營區,西連里,2023-09-25,0
台南市,下營區,西連里,2023-10-02,0
台南市,下營區,西連里,2023-10-09,0
台南市,下營區,西連里,2023-10-16,0
台南市,下營區,西連里,2023-10-23,0
台南市,下營區,西連里,2023-10-30,0
台南市,下營區,西連里,2023-11-06,0
台南市,下營區,西連里,2023-11-13,0
台南市,下營區,西連里,2023-11-20,0
台南市,下營區,西連里,2023-11-27,0
台南市,下營區,西連里,2023-12-04,0
台南市,下營區,西連里,2023-12-11,0
台南市,下營區,西連里,2023-12-18,0
台南市,下營區,西連里,2023-12-25,0
台南市,下營區,西連里,2024-01-01,0
台南市,下營區,賀建里,2023-06-12,0
台南市,下營區,賀建里,2023-06-19,0
台南市,下營區,賀建里,2023-06-26,0
台南市,下營區,賀建里,2023-07-03,0
台南市,下營區,賀建里,2023-07-10,0
台南市,下營區,賀建里,2023-07-17,0
台南市,下營區,賀建里,2023-07-24,0
台南市,下營區,賀建里,2023-07-31,0
台南市,下營區,賀建里,2023-08-07,0
台南市,下營區,賀建里,2023-08-14,0
台南市,下營區,賀建里,2023-08-21,0
台南市,下營區,賀建里,2023-08-28,0
台南市,下營區,賀建里,2023-09-04,0
台南市,下營區,賀建里,2023-09-11,0
台南市,下營區,賀建里,2023-09-18,0
台南市,下營區,賀建里,2023-09-25,0
台南市,下營區,賀建里,2023-10-02,0
台南市,下營區,賀建里,2023-10-09,0
台南市,下營區,賀建里,2023-10-16,0
台南市,下營區,賀建里,2023-10-23,0
台南市,下營區,賀建里,2023-10-30,0
台南市,下營區,賀建里,2023-11-06,0
台南市,下營區,賀建里,2023-11-13,0
台南市,下營區,賀建里,2023-11-20,0
台南市,下營區,賀建里,2023-11-27,0
台南市,下營區,賀建里,2023-12-04,0
台南市,下營區,賀建里,2023-12-11,0
台南市,下營區,賀建里,2023-12-18,0
台南市,下營區,賀建里,2023-12-25,0
台南市,下營區,賀建里,2024-01-01,0
台南市,下營區,開化里,2023-06-12,0
台南市,下營區,開化里,2023-06-19,0
台南市,下營區,開化里,2023-06-26,0
台南市,下營區,開化里,2023-07-03,0
台南市,下營區,開化里,2023-07-10,0
台南市,下營區,開化里,2023-07-17,0
台南市,下營區,開化里,2023-07-24,0
台南市,下營區,開化里,2023-07-31,0
台南市,下營區,開化里,2023-08-07,0
台南市,下營區,開化里,2023-08-14,0
台南市,下營區,開化里,2023-08-21,0
台南市,下營區,開化里,2023-08-28,0
台南市,下營區,開化里,2023-09-04,0
台南市,下營區,開化里,2023-09-11,0
台南市,下營區,開化里,2023-09-18,0
台南市,下營區,開化里,2023-09-25,0
台南市,下營區,開化里,2023-10-02,0
台南市,下營區,開化里,2023-10-09,0
台南市,下營區,開化里,2023-10-16,1
台南市,下營區,開化里,2023-10-23,0
台南市,下營區,開化里,2023-10-30,0
台南市,下營區,開化里,2023-11-06,0
台南市,下營區,開化里,2023-11-13,0
台南市,下營區,開化里,2023-11-20,0
台南市,下營區,開化里,2023-11-27,0
台南市,下營區,開化里,2023-12-04,2
台南市,下營區,開化里,2023-12-11,0
台南市,下營區,開化里,2023-12-18,0
台南市,下營區,開化里,2023-12-25,0
台南市,下營區,開化里,2024-01-01,0
台南市,中西區,光賢里,2023-06-12,0
台南市,中西區,光賢里,2023-06-19,0
台南市,中西區,光賢里,2023-06-26,0
台南市,中西區,光賢里,2023-07-03,0
台南市,中西區,光賢里,2023-07-10,0
台南市,中西區,光賢里,2023-07-17,0
台南市,中西區,光賢里,2023-07-24,0
台南市,中西區,光賢里,2023-07-31,0
台南市,中西區,光賢里,2023-08-07,0
台南市,中西區,光賢里,2023-08-14,3
台南市,中西區,光賢里,2023-08-21,2
台南市,中西區,光賢里,2023-08-28,3
台南市,中西區,光賢里,2023-09-04,7
台南市,中西區,光賢里,2023-09-11,17
台南市,中西區,光賢里,2023-09-18,9
台南市,中西區,光賢里,2023-09-25,15
台南市,中西區,光賢里,2023-10-02,9
台南市,中西區,光賢里,2023-10-09,3
台南市,中西區,光賢里,2023-10-16,1
台南市,中西區,光賢里,2023-10-23,1
台南市,中西區,光賢里,2023-10-30,3
台南市,中西區,光賢里,2023-11-06,3
台南市,中西區,光賢里,2023-11-13,1
台南市,中西區,光賢里,2023-11-20,2
台南市,中西區,光賢里,2023-11-27,2
台南市,中西區,光賢里,2023-12-04,0
台南市,中西區,光賢里,2023-12-11,0
台南市,中西區,光賢里,2023-12-18,1
台南市,中西區,光賢里,2023-12-25,0
台南市,中西區,光賢里,2024-01-01,0
台南市,中西區,大涼里,2023-06-12,0
台南市,中西區,大涼里,2023-06-19,0
台南市,中西區,大涼里,2023-06-26,0
台南市,中西區,大涼里,2023-07-03,0
台南市,中西區,大涼里,2023-07-10,0
台南市,中西區,大涼里,2023-07-17,0
台南市,中西區,大涼里,2023-07-24,0
台南市,中西區,大涼里,2023-07-31,0
台南市,中西區,大涼里,2023-08-07,0
台南市,中西區,大涼里,2023-08-14,0
台南市,中西區,大涼里,2023-08-21,0
台南市,中西區,大涼里,2023-08-28,1
台南市,中西區,大涼里,2023-09-04,3
台南市,中西區,大涼里,2023-09-11,2
台南市,中西區,大涼里,2023-09-18,5
台南市,中西區,大涼里,2023-09-25,4
台南市,中西區,大涼里,2023-10-02,2
台南市,中西區,大涼里,2023-10-09,5
台南市,中西區,大涼里,2023-10-16,1
台南市,中西區,大涼里,2023-10-23,2
台南市,中西區,大涼里,2023-10-30,0
台南市,中西區,大涼里,2023-11-06,2
台南市,中西區,大涼里,2023-11-13,1
台南市,中西區,大涼里,2023-11-20,3
台南市,中西區,大涼里,2023-11-27,1
台南市,中西區,大涼里,2023-12-04,1
台南市,中西區,大涼里,2023-12-11,0
台南市,中西區,大涼里,2023-12-18,0
台南市,中西區,大涼里,2023-12-25,0
台南市,中西區,大涼里,2024-01-01,0
台南市,中西區,永華里,2023-06-12,0
台南市,中西區,永華里,2023-06-19,0
台南市,中西區,永華里,2023-06-26,0
台南市,中西區,永華里,2023-07-03,0
台南市,中西區,永華里,2023-07-10,0
台南市,中西區,永華里,2023-07-17,0
台南市,中西區,永華里,2023-07-24,0
台南市,中西區,永華里,2023-07-31,0
台南市,中西區,永華里,2023-08-07,0
台南市,中西區,永華里,2023-08-14,0
台南市,中西區,永華里,2023-08-21,0
台南市,中西區,永華里,2023-08-28,0
台南市,中西區,永華里,2023-09-04,2
台南市,中西區,永華里,2023-09-11,3
台南市,中西區,永華里,2023-09-18,3
台南市,中西區,永華里,2023-09-25,12
台南市,中西區,永華里,2023-10-02,10
台南市,中西區,永華里,2023-10-09,14
台南市,中西區,永華里,2023-10-16,8
台南市,中西區,永華里,2023-10-23,9
台南市,中西區,永華里,2023-10-30,1
台南市,中西區,永華里,2023-11-06,4
台南市,中西區,永華里,2023-11-13,4
台南市,中西區,永華里,2023-11-20,1
台南市,中西區,永華里,2023-11-27,4
台南市,中西區,永華里,2023-12-04,1
台南市,中西區,永華里,2023-12-11,1
台南市,中西區,永華里,2023-12-18,0
台南市,中西區,永華里,2023-12-25,0
台南市,中西區,永華里,2024-01-01,0
台南市,中西區,法華里,2023-06-12,0
台南市,中西區,法華里,2023-06-19,0
台南市,中西區,法華里,2023-06-26,0
台南市,中西區,法華里,2023-07-03,0
台南市,中西區,法華里,2023-07-10,0
台南市,中西區,法華里,2023-07-17,1
台南市,中西區,法華里,2023-07-24,0
台南市,中西區,法華里,2023-07-31,0
台南市,中西區,法華里,2023-08-07,0
台南市,中西區,法華里,2023-08-14,0
台南市,中西區,法華里,2023-08-21,1
台南市,中西區,法華里,2023-08-28,1
台南市,中西區,法華里,2023-09-04,0
台南市,中西區,法華里,2023-09-11,1
台南市,中西區,法華里,2023-09-18,3
台南市,中西區,法華里,2023-09-25,4
台南市,中西區,法華里,2023-10-02,2
台南市,中西區,法華里,2023-10-09,4
台南市,中西區,法華里,2023-10-16,5
台南市,中西區,法華里,2023-10-23,1
台南市,中西區,法華里,2023-10-30,6
台南市,中西區,法華里,2023-11-06,2
台南市,中西區,法華里,2023-11-13,0
台南市,中西區,法華里,2023-11-20,3
台南市,中西區,法華里,2023-11-27,2
台南市,中西區,法華里,2023-12-04,0
台南市,中西區,法華里,2023-12-11,1
台南市,中西區,法華里,2023-12-18,1
台南市,中西區,法華里,2023-12-25,0
台南市,中西區,法華里,2024-01-01,0
台南市,中西區,藥王里,2023-06-12,0
台南市,中西區,藥王里,2023-06-19,0
台南市,中西區,藥王里,2023-06-26,0
台南市,中西區,藥王里,2023-07-03,0
台南市,中西區,藥王里,2023-07-10,0
台南市,中西區,藥王里,2023-07-17,0
台南市,中西區,藥王里,2023-07-24,0
台南市,中西區,藥王里,2023-07-31,0
台南市,中西區,藥王里,2023-08-07,0
台南市,中西區,藥王里,2023-08-14,0
台南市,中西區,藥王里,2023-08-21,1
台南市,中西區,藥王里,2023-08-28,2
台南市,中西區,藥王里,2023-09-04,6
台南市,中西區,藥王里,2023-09-11,6
台南市,中西區,藥王里,2023-09-18,9
台南市,中西區,藥王里,2023-09-25,12
台南市,中西區,藥王里,2023-10-02,21
台南市,中西區,藥王里,2023-10-09,30
台南市,中西區,藥王里,2023-10-16,16
台南市,中西區,藥王里,2023-10-23,6
台南市,中西區,藥王里,2023-10-30,3
台南市,中西區,藥王里,2023-11-06,7
台南市,中西區,藥王里,2023-11-13,7
台南市,中西區,藥王里,2023-11-20,2
台南市,中西區,藥王里,2023-11-27,0
台南市,中西區,藥王里,2023-12-04,0
台南市,中西區,藥王里,2023-12-11,1
台南市,中西區,藥王里,2023-12-18,0
台南市,中西區,藥王里,2023-12-25,0
台南市,中西區,藥王里,2024-01-01,0
台南市,中西區,西湖里,2023-06-12,0
台南市,中西區,西湖里,2023-06-19,0
台南市,中西區,西湖里,2023-06-26,0
台南市,中西區,西湖里,2023-07-03,0
台南市,中西區,西湖里,2023-07-10,0
台南市,中西區,西湖里,2023-07-17,0
台南市,中西區,西湖里,2023-07-24,0
台南市,中西區,西湖里,2023-07-31,0
台南市,中西區,西湖里,2023-08-07,0
台南市,中西區,西湖里,2023-08-14,2
台南市,中西區,西湖里,2023-08-21,0
台南市,中西區,西湖里,2023-08-28,2
台南市,中西區,西湖里,2023-09-04,3
台南市,中西區,西湖里,2023-09-11,6
台南市,中西區,西湖里,2023-09-18,8
台南市,中西區,西湖里,2023-09-25,5
台南市,中西區,西湖里,2023-10-02,10
台南市,中西區,西湖里,2023-10-09,8
台南市,中西區,西湖里,2023-10-16,7
台南市,中西區,西湖里,2023-10-23,9
台南市,中西區,西湖里,2023-10-30,5
台南市,中西區,西湖里,2023-11-06,7
台南市,中西區,西湖里,2023-11-13,2
台南市,中西區,西湖里,2023-11-20,2
台南市,中西區,西湖里,2023-11-27,4
台南市,中西區,西湖里,2023-12-04,0
台南市,中西區,西湖里,2023-12-11,0
台南市,中西區,西湖里,2023-12-18,0
台南市,中西區,西湖里,2023-12-25,3
台南市,中西區,西湖里,2024-01-01,1
台南市,中西區,西賢里,2023-06-12,0
台南市,中西區,西賢里,2023-06-19,0
台南市,中西區,西賢里,2023-06-26,0
台南市,中西區,西賢里,2023-07-03,0
台南市,中西區,西賢里,2023-07-10,0
台南市,中西區,西賢里,2023-07-17,0
台南市,中西區,西賢里,2023-07-24,0
台南市,中西區,西賢里,2023-07-31,0
台南市,中西區,西賢里,2023-08-07,2
台南市,中西區,西賢里,2023-08-14,1
台南市,中西區,西賢里,2023-08-21,1
台南市,中西區,西賢里,2023-08-28,0
台南市,中西區,西賢里,2023-09-04,2
台南市,中西區,西賢里,2023-09-11,1
台南市,中西區,西賢里,2023-09-18,5
台南市,中西區,西賢里,2023-09-25,4
台南市,中西區,西賢里,2023-10-02,6
台南市,中西區,西賢里,2023-10-09,7
台南市,中西區,西賢里,2023-10-16,5
台南市,中西區,西賢里,2023-10-23,1
台南市,中西區,西賢里,2023-10-30,6
台南市,中西區,西賢里,2023-11-06,4
台南市,中西區,西賢里,2023-11-13,4
台南市,中西區,西賢里,2023-11-20,2
台南市,中西區,西賢里,2023-11-27,4
台南市,中西區,西賢里,2023-12-04,0
台南市,中西區,西賢里,2023-12-11,0
台南市,中西區,西賢里,2023-12-18,0
台南市,中西區,西賢里,2023-12-25,0
台南市,中西區,西賢里,2024-01-01,0
台南市,中西區,赤嵌里,2023-06-12,0
台南市,中西區,赤嵌里,2023-06-19,0
台南市,中西區,赤嵌里,2023-06-26,0
台南市,中西區,赤嵌里,2023-07-03,0
台南市,中西區,赤嵌里,2023-07-10,0
台南市,中西區,赤嵌里,2023-07-17,0
台南市,中西區,赤嵌里,2023-07-24,0
台南市,中西區,赤嵌里,2023-07-31,0
台南市,中西區,赤嵌里,2023-08-07,0
台南市,中西區,赤嵌里,2023-08-14,0
台南市,中西區,赤嵌里,2023-08-21,0
台南市,中西區,赤嵌里,2023-08-28,1
台南市,中西區,赤嵌里,2023-09-04,3
台南市,中西區,赤嵌里,2023-09-11,1
台南市,中西區,赤嵌里,2023-09-18,3
台南市,中西區,赤嵌里,2023-09-25,5
台南市,中西區,赤嵌里,2023-10-02,12
台南市,中西區,赤嵌里,2023-10-09,21
台南市,中西區,赤嵌里,2023-10-16,8
台南市,中西區,赤嵌里,2023-10-23,12
台南市,中西區,赤嵌里,2023-10-30,3
台南市,中西區,赤嵌里,2023-11-06,8
台南市,中西區,赤嵌里,2023-11-13,11
台南市,中西區,赤嵌里,2023-11-20,7
台南市,中西區,赤嵌里,2023-11-27,7
台南市,中西區,赤嵌里,2023-12-04,4
台南市,中西區,赤嵌里,2023-12-11,4
台南市,中西區,赤嵌里,2023-12-18,0
台南市,中西區,赤嵌里,2023-12-25,1
台南市,中西區,赤嵌里,2024-01-01,0
台南市,中西區,郡王里,2023-06-12,0
台南市,中西區,郡王里,2023-06-19,0
台南市,中西區,郡王里,2023-06-26,0
台南市,中西區,郡王里,2023-07-03,0
台南市,中西區,郡王里,2023-07-10,0
台南市,中西區,郡王里,2023-07-17,0
台南市,中西區,郡王里,2023-07-24,0
台南市,中西區,郡王里,2023-07-31,0
台南市,中西區,郡王里,2023-08-07,1
台南市,中西區,郡王里,2023-08-14,1
台南市,中西區,郡王里,2023-08-21,2
台南市,中西區,郡王里,2023-08-28,1
台南市,中西區,郡王里,2023-09-04,1
台南市,中西區,郡王里,2023-09-11,2
台南市,中西區,郡王里,2023-09-18,1
台南市,中西區,郡王里,2023-09-25,1
台南市,中西區,郡王里,2023-10-02,5
台南市,中西區,郡王里,2023-10-09,5
台南市,中西區,郡王里,2023-10-16,2
台南市,中西區,郡王里,2023-10-23,2
台南市,中西區,郡王里,2023-10-30,2
台南市,中西區,郡王里,2023-11-06,2
台南市,中西區,郡王里,2023-11-13,2
台南市,中西區,郡王里,2023-11-20,2
台南市,中西區,郡王里,2023-11-27,0
台南市,中西區,郡王里,2023-12-04,0
台南市,中西區,郡王里,2023-12-11,0
台南市,中西區,郡王里,2023-12-18,1
台南市,中西區,郡王里,2023-12-25,0
台南市,中西區,郡王里,2024-01-01,0
台南市,中西區,開山里,2023-06-12,0
台南市,中西區,開山里,2023-06-19,0
台南市,中西區,開山里,2023-06-26,0
台南市,中西區,開山里,2023-07-03,0
台南市,中西區,開山里,2023-07-10,0
台南市,中西區,開山里,2023-07-17,0
台南市,中西區,開山里,2023-07-24,0
台南市,中西區,開山里,2023-07-31,0
台南市,中西區,開山里,2023-08-07,0
台南市,中西區,開山里,2023-08-14,0
台南市,中西區,開山里,2023-08-21,0
台南市,中西區,開山里,2023-08-28,1
台南市,中西區,開山里,2023-09-04,0
台南市,中西區,開山里,2023-09-11,6
台南市,中西區,開山里,2023-09-18,2
台南市,中西區,開山里,2023-09-25,7
台南市,中西區,開山里,2023-10-02,5
台南市,中西區,開山里,2023-10-09,11
台南市,中西區,開山里,2023-10-16,10
台南市,中西區,開山里,2023-10-23,10
台南市,中西區,開山里,2023-10-30,5
台南市,中西區,開山里,2023-11-06,5
台南市,中西區,開山里,2023-11-13,5
台南市,中西區,開山里,2023-11-20,0
台南市,中西區,開山里,2023-11-27,0
台南市,中西區,開山里,2023-12-04,1
台南市,中西區,開山里,2023-12-11,0
台南市,中西區,開山里,2023-12-18,0
台南市,中西區,開山里,2023-12-25,0
台南市,中西區,開山里,2024-01-01,0
台南市,仁德區,一甲里,2023-06-12,0
台南市,仁德區,一甲里,2023-06-19,0
台南市,仁德區,一甲里,2023-06-26,0
台南市,仁德區,一甲里,2023-07-03,0
台南市,仁德區,一甲里,2023-07-10,0
台南市,仁德區,一甲里,2023-07-17,0
台南市,仁德區,一甲里,2023-07-24,0
台南市,仁德區,一甲里,2023-07-31,1
台南市,仁德區,一甲里,2023-08-07,1
台南市,仁德區,一甲里,2023-08-14,1
台南市,仁德區,一甲里,2023-08-21,2
台南市,仁德區,一甲里,2023-08-28,0
台南市,仁德區,一甲里,2023-09-04,2
台南市,仁德區,一甲里,2023-09-11,3
台南市,仁德區,一甲里,2023-09-18,0
台南市,仁德區,一甲里,2023-09-25,1
台南市,仁德區,一甲里,2023-10-02,4
台南市,仁德區,一甲里,2023-10-09,4
台南市,仁德區,一甲里,2023-10-16,0
台南市,仁德區,一甲里,2023-10-23,4
台南市,仁德區,一甲里,2023-10-30,3
台南市,仁德區,一甲里,2023-11-06,6
台南市,仁德區,一甲里,2023-11-13,3
台南市,仁德區,一甲里,2023-11-20,2
台南市,仁德區,一甲里,2023-11-27,1
台南市,仁德區,一甲里,2023-12-04,0
台南市,仁德區,一甲里,2023-12-11,2
台南市,仁德區,一甲里,2023-12-18,0
台南市,仁德區,一甲里,2023-12-25,0
台南市,仁德區,一甲里,2024-01-01,0
台南市,仁德區,上崙里,2023-06-12,0
台南市,仁德區,上崙里,2023-06-19,0
台南市,仁德區,上崙里,2023-06-26,1
台南市,仁德區,上崙里,2023-07-03,1
台南市,仁德區,上崙里,2023-07-10,0
台南市,仁德區,上崙里,2023-07-17,0
台南市,仁德區,上崙里,2023-07-24,0
台南市,仁德區,上崙里,2023-07-31,1
台南市,仁德區,上崙里,2023-08-07,0
台南市,仁德區,上崙里,2023-08-14,1
台南市,仁德區,上崙里,2023-08-21,0
台南市,仁德區,上崙里,2023-08-28,2
台南市,仁德區,上崙里,2023-09-04,1
台南市,仁德區,上崙里,2023-09-11,3
台南市,仁德區,上崙里,2023-09-18,1
台南市,仁德區,上崙里,2023-09-25,3
台南市,仁德區,上崙里,2023-10-02,6
台南市,仁德區,上崙里,2023-10-09,2
台南市,仁德區,上崙里,2023-10-16,0
台南市,仁德區,上崙里,2023-10-23,4
台南市,仁德區,上崙里,2023-10-30,1
台南市,仁德區,上崙里,2023-11-06,0
台南市,仁德區,上崙里,2023-11-13,3
台南市,仁德區,上崙里,2023-11-20,1
台南市,仁德區,上崙里,2023-11-27,0
台南市,仁德區,上崙里,2023-12-04,0
台南市,仁德區,上崙里,2023-12-11,1
台南市,仁德區,上崙里,2023-12-18,1
台南市,仁德區,上崙里,2023-12-25,0
台南市,仁德區,上崙里,2024-01-01,0
台南市,仁德區,中洲里,2023-06-12,0
台南市,仁德區,中洲里,2023-06-19,0
台南市,仁德區,中洲里,2023-06-26,0
台南市,仁德區,中洲里,2023-07-03,0
台南市,仁德區,中洲里,2023-07-10,0
台南市,仁德區,中洲里,2023-07-17,0
台南市,仁德區,中洲里,2023-07-24,0
台南市,仁德區,中洲里,2023-07-31,0
台南市,仁德區,中洲里,2023-08-07,0
台南市,仁德區,中洲里,2023-08-14,2
台南市,仁德區,中洲里,2023-08-21,0
台南市,仁德區,中洲里,2023-08-28,0
台南市,仁德區,中洲里,2023-09-04,0
台南市,仁德區,中洲里,2023-09-11,2
台南市,仁德區,中洲里,2023-09-18,1
台南市,仁德區,中洲里,2023-09-25,2
台南市,仁德區,中洲里,2023-10-02,0
台南市,仁德區,中洲里,2023-10-09,2
台南市,仁德區,中洲里,2023-10-16,2
台南市,仁德區,中洲里,2023-10-23,0
台南市,仁德區,中洲里,2023-10-30,0
台南市,仁德區,中洲里,2023-11-06,1
台南市,仁德區,中洲里,2023-11-13,1
台南市,仁德區,中洲里,2023-11-20,0
台南市,仁德區,中洲里,2023-11-27,0
台南市,仁德區,中洲里,2023-12-04,0
台南市,仁德區,中洲里,2023-12-11,0
台南市,仁德區,中洲里,2023-12-18,0
台南市,仁德區,中洲里,2023-12-25,0
台南市,仁德區,中洲里,2024-01-01,0
台南市,仁德區,二行里,2023-06-12,0
台南市,仁德區,二行里,2023-06-19,0
台南市,仁德區,二行里,2023-06-26,0
台南市,仁德區,二行里,2023-07-03,0
台南市,仁德區,二行里,2023-07-10,0
台南市,仁德區,二行里,2023-07-17,1
台南市,仁德區,二行里,2023-07-24,0
台南市,仁德區,二行里,2023-07-31,0
台南市,仁德區,二行里,2023-08-07,0
台南市,仁德區,二行里,2023-08-14,0
台南市,仁德區,二行里,2023-08-21,2
台南市,仁德區,二行里,2023-08-28,0
台南市,仁德區,二行里,2023-09-04,1
台南市,仁德區,二行里,2023-09-11,0
台南市,仁德區,二行里,2023-09-18,0
台南市,仁德區,二行里,2023-09-25,0
台南市,仁德區,二行里,2023-10-02,2
台南市,仁德區,二行里,2023-10-09,1
台南市,仁德區,二行里,2023-10-16,0
台南市,仁德區,二行里,2023-10-23,0
台南市,仁德區,二行里,2023-10-30,1
台南市,仁德區,二行里,2023-11-06,0
台南市,仁德區,二行里,2023-11-13,0
台南市,仁德區,二行里,2023-11-20,2
台南市,仁德區,二行里,2023-11-27,1
台南市,仁德區,二行里,2023-12-04,1
台南市,仁德區,二行里,2023-12-11,1
台南市,仁德區,二行里,2023-12-18,1
台南市,仁德區,二行里,2023-12-25,0
台南市,仁德區,二行里,2024-01-01,0
台南市,仁德區,仁和里,2023-06-12,0
台南市,仁德區,仁和里,2023-06-19,3
台南市,仁德區,仁和里,2023-06-26,3
台南市,仁德區,仁和里,2023-07-03,6
台南市,仁德區,仁和里,2023-07-10,3
台南市,仁德區,仁和里,2023-07-17,3
台南市,仁德區,仁和里,2023-07-24,2
台南市,仁德區,仁和里,2023-07-31,3
台南市,仁德區,仁和里,2023-08-07,2
台南市,仁德區,仁和里,2023-08-14,3
台南市,仁德區,仁和里,2023-08-21,3
台南市,仁德區,仁和里,2023-08-28,7
台南市,仁德區,仁和里,2023-09-04,8
台南市,仁德區,仁和里,2023-09-11,10
台南市,仁德區,仁和里,2023-09-18,9
台南市,仁德區,仁和里,2023-09-25,7
台南市,仁德區,仁和里,2023-10-02,6
台南市,仁德區,仁和里,2023-10-09,3
台南市,仁德區,仁和里,2023-10-16,7
台南市,仁德區,仁和里,2023-10-23,12
台南市,仁德區,仁和里,2023-10-30,7
台南市,仁德區,仁和里,2023-11-06,8
台南市,仁德區,仁和里,2023-11-13,5
台南市,仁德區,仁和里,2023-11-20,6
台南市,仁德區,仁和里,2023-11-27,5
台南市,仁德區,仁和里,2023-12-04,0
台南市,仁德區,仁和里,2023-12-11,0
台南市,仁德區,仁和里,2023-12-18,0
台南市,仁德區,仁和里,2023-12-25,0
台南市,仁德區,仁和里,2024-01-01,0
台南市,仁德區,仁德里,2023-06-12,0
台南市,仁德區,仁德里,2023-06-19,0
台南市,仁德區,仁德里,2023-06-26,0
台南市,仁德區,仁德里,2023-07-03,0
台南市,仁德區,仁德里,2023-07-10,0
台南市,仁德區,仁德里,2023-07-17,0
台南市,仁德區,仁德里,2023-07-24,2
台南市,仁德區,仁德里,2023-07-31,1
台南市,仁德區,仁德里,2023-08-07,4
台南市,仁德區,仁德里,2023-08-14,1
台南市,仁德區,仁德里,2023-08-21,3
台南市,仁德區,仁德里,2023-08-28,3
台南市,仁德區,仁德里,2023-09-04,5
台南市,仁德區,仁德里,2023-09-11,10
台南市,仁德區,仁德里,2023-09-18,9
台南市,仁德區,仁德里,2023-09-25,7
台南市,仁德區,仁德里,2023-10-02,13
台南市,仁德區,仁德里,2023-10-09,10
台南市,仁德區,仁德里,2023-10-16,1
台南市,仁德區,仁德里,2023-10-23,12
台南市,仁德區,仁德里,2023-10-30,4
台南市,仁德區,仁德里,2023-11-06,6
台南市,仁德區,仁德里,2023-11-13,6
台南市,仁德區,仁德里,2023-11-20,4
台南市,仁德區,仁德里,2023-11-27,3
台南市,仁德區,仁德里,2023-12-04,1
台南市,仁德區,仁德里,2023-12-11,0
台南市,仁德區,仁德里,2023-12-18,0
台南市,仁德區,仁德里,2023-12-25,0
台南市,仁德區,仁德里,2024-01-01,0
台南市,仁德區,仁義里,2023-06-12,0
台南市,仁德區,仁義里,2023-06-19,0
台南市,仁德區,仁義里,2023-06-26,0
台南市,仁德區,仁義里,2023-07-03,0
台南市,仁德區,仁義里,2023-07-10,0
台南市,仁德區,仁義里,2023-07-17,0
台南市,仁德區,仁義里,2023-07-24,2
台南市,仁德區,仁義里,2023-07-31,2
台南市,仁德區,仁義里,2023-08-07,3
台南市,仁德區,仁義里,2023-08-14,2
台南市,仁德區,仁義里,2023-08-21,3
台南市,仁德區,仁義里,2023-08-28,5
台南市,仁德區,仁義里,2023-09-04,5
台南市,仁德區,仁義里,2023-09-11,7
台南市,仁德區,仁義里,2023-09-18,12
台南市,仁德區,仁義里,2023-09-25,9
台南市,仁德區,仁義里,2023-10-02,3
台南市,仁德區,仁義里,2023-10-09,14
台南市,仁德區,仁義里,2023-10-16,18
台南市,仁德區,仁義里,2023-10-23,18
台南市,仁德區,仁義里,2023-10-30,13
台南市,仁德區,仁義里,2023-11-06,7
台南市,仁德區,仁義里,2023-11-13,9
台南市,仁德區,仁義里,2023-11-20,18
台南市,仁德區,仁義里,2023-11-27,10
台南市,仁德區,仁義里,2023-12-04,4
台南市,仁德區,仁義里,2023-12-11,1
台南市,仁德區,仁義里,2023-12-18,2
台南市,仁德區,仁義里,2023-12-25,1
台南市,仁德區,仁義里,2024-01-01,1
台南市,仁德區,保安里,2023-06-12,0
台南市,仁德區,保安里,2023-06-19,0
台南市,仁德區,保安里,2023-06-26,0
台南市,仁德區,保安里,2023-07-03,1
台南市,仁德區,保安里,2023-07-10,0
台南市,仁德區,保安里,2023-07-17,0
台南市,仁德區,保安里,2023-07-24,0
台南市,仁德區,保安里,2023-07-31,0
台南市,仁德區,保安里,2023-08-07,1
台南市,仁德區,保安里,2023-08-14,0
台南市,仁德區,保安里,2023-08-21,0
台南市,仁德區,保安里,2023-08-28,0
台南市,仁德區,保安里,2023-09-04,0
台南市,仁德區,保安里,2023-09-11,1
台南市,仁德區,保安里,2023-09-18,2
台南市,仁德區,保安里,2023-09-25,2
台南市,仁德區,保安里,2023-10-02,3
台南市,仁德區,保安里,2023-10-09,0
台南市,仁德區,保安里,2023-10-16,4
台南市,仁德區,保安里,2023-10-23,3
台南市,仁德區,保安里,2023-10-30,1
台南市,仁德區,保安里,2023-11-06,1
台南市,仁德區,保安里,2023-11-13,0
台南市,仁德區,保安里,2023-11-20,1
台南市,仁德區,保安里,2023-11-27,0
台南市,仁德區,保安里,2023-12-04,0
台南市,仁德區,保安里,2023-12-11,1
台南市,仁德區,保安里,2023-12-18,0
台南市,仁德區,保安里,2023-12-25,0
台南市,仁德區,保安里,2024-01-01,0
台南市,仁德區,土庫里,2023-06-12,0
台南市,仁德區,土庫里,2023-06-19,0
台南市,仁德區,土庫里,2023-06-26,0
台南市,仁德區,土庫里,2023-07-03,0
台南市,仁德區,土庫里,2023-07-10,0
台南市,仁德區,土庫里,2023-07-17,0
台南市,仁德區,土庫里,2023-07-24,0
台南市,仁德區,土庫里,2023-07-31,0
台南市,仁德區,土庫里,2023-08-07,0
台南市,仁德區,土庫里,2023-08-14,0
台南市,仁德區,土庫里,2023-08-21,2
台南市,仁德區,土庫里,2023-08-28,1
台南市,仁德區,土庫里,2023-09-04,0
台南市,仁德區,土庫里,2023-09-11,0
台南市,仁德區,土庫里,2023-09-18,1
台南市,仁德區,土庫里,2023-09-25,1
台南市,仁德區,土庫里,2023-10-02,2
台南市,仁德區,土庫里,2023-10-09,5
台南市,仁德區,土庫里,2023-10-16,0
台南市,仁德區,土庫里,2023-10-23,2
台南市,仁德區,土庫里,2023-10-30,0
台南市,仁德區,土庫里,2023-11-06,0
台南市,仁德區,土庫里,2023-11-13,1
台南市,仁德區,土庫里,2023-11-20,1
台南市,仁德區,土庫里,2023-11-27,0
台南市,仁德區,土庫里,2023-12-04,0
台南市,仁德區,土庫里,2023-12-11,1
台南市,仁德區,土庫里,2023-12-18,0
台南市,仁德區,土庫里,2023-12-25,0
台南市,仁德區,土庫里,2024-01-01,0
台南市,仁德區,大甲里,2023-06-12,0
台南市,仁德區,大甲里,2023-06-19,0
台南市,仁德區,大甲里,2023-06-26,0
台南市,仁德區,大甲里,2023-07-03,0
台南市,仁德區,大甲里,2023-07-10,0
台南市,仁德區,大甲里,2023-07-17,0
台南市,仁德區,大甲里,2023-07-24,0
台南市,仁德區,大甲里,2023-07-31,0
台南市,仁德區,大甲里,2023-08-07,0
台南市,仁德區,大甲里,2023-08-14,0
台南市,仁德區,大甲里,2023-08-21,0
台南市,仁德區,大甲里,2023-08-28,0
台南市,仁德區,大甲里,2023-09-04,1
台南市,仁德區,大甲里,2023-09-11,1
台南市,仁德區,大甲里,2023-09-18,2
台南市,仁德區,大甲里,2023-09-25,0
台南市,仁德區,大甲里,2023-10-02,3
台南市,仁德區,大甲里,2023-10-09,0
台南市,仁德區,大甲里,2023-10-16,0
台南市,仁德區,大甲里,2023-10-23,0
台南市,仁德區,大甲里,2023-10-30,0
台南市,仁德區,大甲里,2023-11-06,1
台南市,仁德區,大甲里,2023-11-13,0
台南市,仁德區,大甲里,2023-11-20,1
台南市,仁德區,大甲里,2023-11-27,1
台南市,仁德區,大甲里,2023-12-04,0
台南市,仁德區,大甲里,2023-12-11,0
台南市,仁德區,大甲里,2023-12-18,0
台南市,仁德區,大甲里,2023-12-25,0
台南市,仁德區,大甲里,2024-01-01,0
台南市,仁德區,太子里,2023-06-12,0
台南市,仁德區,太子里,2023-06-19,0
台南市,仁德區,太子里,2023-06-26,0
台南市,仁德區,太子里,2023-07-03,0
台南市,仁德區,太子里,2023-07-10,0
台南市,仁德區,太子里,2023-07-17,0
台南市,仁德區,太子里,2023-07-24,0
台南市,仁德區,太子里,2023-07-31,1
台南市,仁德區,太子里,2023-08-07,0
台南市,仁德區,太子里,2023-08-14,0
台南市,仁德區,太子里,2023-08-21,1
台南市,仁德區,太子里,2023-08-28,0
台南市,仁德區,太子里,2023-09-04,2
台南市,仁德區,太子里,2023-09-11,2
台南市,仁德區,太子里,2023-09-18,5
台南市,仁德區,太子里,2023-09-25,3
台南市,仁德區,太子里,2023-10-02,5
台南市,仁德區,太子里,2023-10-09,0
台南市,仁德區,太子里,2023-10-16,1
台南市,仁德區,太子里,2023-10-23,1
台南市,仁德區,太子里,2023-10-30,6
台南市,仁德區,太子里,2023-11-06,2
台南市,仁德區,太子里,2023-11-13,4
台南市,仁德區,太子里,2023-11-20,1
台南市,仁德區,太子里,2023-11-27,2
台南市,仁德區,太子里,2023-12-04,1
台南市,仁德區,太子里,2023-12-11,0
台南市,仁德區,太子里,2023-12-18,0
台南市,仁德區,太子里,2023-12-25,0
台南市,仁德區,太子里,2024-01-01,0
台南市,仁德區,後壁里,2023-06-12,0
台南市,仁德區,後壁里,2023-06-19,0
台南市,仁德區,後壁里,2023-06-26,1
台南市,仁德區,後壁里,2023-07-03,1
台南市,仁德區,後壁里,2023-07-10,0
台南市,仁德區,後壁里,2023-07-17,0
台南市,仁德區,後壁里,2023-07-24,1
台南市,仁德區,後壁里,2023-07-31,1
台南市,仁德區,後壁里,2023-08-07,1
台南市,仁德區,後壁里,2023-08-14,1
台南市,仁德區,後壁里,2023-08-21,0
台南市,仁德區,後壁里,2023-08-28,1
台南市,仁德區,後壁里,2023-09-04,0
台南市,仁德區,後壁里,2023-09-11,5
台南市,仁德區,後壁里,2023-09-18,5
台南市,仁德區,後壁里,2023-09-25,0
台南市,仁德區,後壁里,2023-10-02,4
台南市,仁德區,後壁里,2023-10-09,2
台南市,仁德區,後壁里,2023-10-16,4
台南市,仁德區,後壁里,2023-10-23,4
台南市,仁德區,後壁里,2023-10-30,4
台南市,仁德區,後壁里,2023-11-06,5
台南市,仁德區,後壁里,2023-11-13,3
台南市,仁德區,後壁里,2023-11-20,0
台南市,仁德區,後壁里,2023-11-27,0
台南市,仁德區,後壁里,2023-12-04,1
台南市,仁德區,後壁里,2023-12-11,0
台南市,仁德區,後壁里,2023-12-18,0
台南市,仁德區,後壁里,2023-12-25,0
台南市,仁德區,後壁里,2024-01-01,0
台南市,仁德區,成功里,2023-06-12,1
台南市,仁德區,成功里,2023-06-19,8
台南市,仁德區,成功里,2023-06-26,31
台南市,仁德區,成功里,2023-07-03,34
台南市,仁德區,成功里,2023-07-10,39
台南市,仁德區,成功里,2023-07-17,19
台南市,仁德區,成功里,2023-07-24,17
台南市,仁德區,成功里,2023-07-31,7
台南市,仁德區,成功里,2023-08-07,10
台南市,仁德區,成功里,2023-08-14,2
台南市,仁德區,成功里,2023-08-21,3
台南市,仁德區,成功里,2023-08-28,10
台南市,仁德區,成功里,2023-09-04,8
台南市,仁德區,成功里,2023-09-11,14
台南市,仁德區,成功里,2023-09-18,8
台南市,仁德區,成功里,2023-09-25,12
台南市,仁德區,成功里,2023-10-02,21
台南市,仁德區,成功里,2023-10-09,11
台南市,仁德區,成功里,2023-10-16,16
台南市,仁德區,成功里,2023-10-23,12
台南市,仁德區,成功里,2023-10-30,20
台南市,仁德區,成功里,2023-11-06,11
台南市,仁德區,成功里,2023-11-13,7
台南市,仁德區,成功里,2023-11-20,11
台南市,仁德區,成功里,2023-11-27,5
台南市,仁德區,成功里,2023-12-04,0
台南市,仁德區,成功里,2023-12-11,0
台南市,仁德區,成功里,2023-12-18,0
台南市,仁德區,成功里,2023-12-25,0
台南市,仁德區,成功里,2024-01-01,0
台南市,仁德區,新田里,2023-06-12,0
台南市,仁德區,新田里,2023-06-19,0
台南市,仁德區,新田里,2023-06-26,0
台南市,仁德區,新田里,2023-07-03,1
台南市,仁德區,新田里,2023-07-10,0
台南市,仁德區,新田里,2023-07-17,0
台南市,仁德區,新田里,2023-07-24,0
台南市,仁德區,新田里,2023-07-31,0
台南市,仁德區,新田里,2023-08-07,0
台南市,仁德區,新田里,2023-08-14,0
台南市,仁德區,新田里,2023-08-21,0
台南市,仁德區,新田里,2023-08-28,1
台南市,仁德區,新田里,2023-09-04,1
台南市,仁德區,新田里,2023-09-11,0
台南市,仁德區,新田里,2023-09-18,3
台南市,仁德區,新田里,2023-09-25,0
台南市,仁德區,新田里,2023-10-02,2
台南市,仁德區,新田里,2023-10-09,1
台南市,仁德區,新田里,2023-10-16,0
台南市,仁德區,新田里,2023-10-23,2
台南市,仁德區,新田里,2023-10-30,1
台南市,仁德區,新田里,2023-11-06,1
台南市,仁德區,新田里,2023-11-13,0
台南市,仁德區,新田里,2023-11-20,2
台南市,仁德區,新田里,2023-11-27,1
台南市,仁德區,新田里,2023-12-04,0
台南市,仁德區,新田里,2023-12-11,0
台南市,仁德區,新田里,2023-12-18,0
台南市,仁德區,新田里,2023-12-25,0
台南市,仁德區,新田里,2024-01-01,0
台南市,佳里區,佳化里,2023-06-12,0
台南市,佳里區,佳化里,2023-06-19,0
台南市,佳里區,佳化里,2023-06-26,0
台南市,佳里區,佳化里,2023-07-03,0
台南市,佳里區,佳化里,2023-07-10,0
台南市,佳里區,佳化里,2023-07-17,0
台南市,佳里區,佳化里,2023-07-24,0
台南市,佳里區,佳化里,2023-07-31,0
台南市,佳里區,佳化里,2023-08-07,0
台南市,佳里區,佳化里,2023-08-14,0
台南市,佳里區,佳化里,2023-08-21,0
台南市,佳里區,佳化里,2023-08-28,0
台南市,佳里區,佳化里,2023-09-04,0
台南市,佳里區,佳化里,2023-09-11,0
台南市,佳里區,佳化里,2023-09-18,0
台南市,佳里區,佳化里,2023-09-25,0
台南市,佳里區,佳化里,2023-10-02,0
台南市,佳里區,佳化里,2023-10-09,1
台南市,佳里區,佳化里,2023-10-16,0
台南市,佳里區,佳化里,2023-10-23,2
台南市,佳里區,佳化里,2023-10-30,0
台南市,佳里區,佳化里,2023-11-06,0
台南市,佳里區,佳化里,2023-11-13,0
台南市,佳里區,佳化里,2023-11-20,0
台南市,佳里區,佳化里,2023-11-27,0
台南市,佳里區,佳化里,2023-12-04,0
台南市,佳里區,佳化里,2023-12-11,0
台南市,佳里區,佳化里,2023-12-18,0
台南市,佳里區,佳化里,2023-12-25,0
台南市,佳里區,佳化里,2024-01-01,1
台南市,佳里區,六安里,2023-06-12,0
台南市,佳里區,六安里,2023-06-19,0
台南市,佳里區,六安里,2023-06-26,0
台南市,佳里區,六安里,2023-07-03,0
台南市,佳里區,六安里,2023-07-10,0
台南市,佳里區,六安里,2023-07-17,0
台南市,佳里區,六安里,2023-07-24,0
台南市,佳里區,六安里,2023-07-31,0
台南市,佳里區,六安里,2023-08-07,0
台南市,佳里區,六安里,2023-08-14,0
台南市,佳里區,六安里,2023-08-21,0
台南市,佳里區,六安里,2023-08-28,0
台南市,佳里區,六安里,2023-09-04,0
台南市,佳里區,六安里,2023-09-11,0
台南市,佳里區,六安里,2023-09-18,0
台南市,佳里區,六安里,2023-09-25,1
台南市,佳里區,六安里,2023-10-02,1
台南市,佳里區,六安里,2023-10-09,0
台南市,佳里區,六安里,2023-10-16,0
台南市,佳里區,六安里,2023-10-23,1
台南市,佳里區,六安里,2023-10-30,0
台南市,佳里區,六安里,2023-11-06,1
台南市,佳里區,六安里,2023-11-13,0
台南市,佳里區,六安里,2023-11-20,2
台南市,佳里區,六安里,2023-11-27,1
台南市,佳里區,六安里,2023-12-04,1
台南市,佳里區,六安里,2023-12-11,0
台南市,佳里區,六安里,2023-12-18,0
台南市,佳里區,六安里,2023-12-25,0
台南市,佳里區,六安里,2024-01-01,1
台南市,佳里區,子龍里,2023-06-12,0
台南市,佳里區,子龍里,2023-06-19,0
台南市,佳里區,子龍里,2023-06-26,0
台南市,佳里區,子龍里,2023-07-03,0
台南市,佳里區,子龍里,2023-07-10,0
台南市,佳里區,子龍里,2023-07-17,0
台南市,佳里區,子龍里,2023-07-24,0
台南市,佳里區,子龍里,2023-07-31,0
台南市,佳里區,子龍里,2023-08-07,0
台南市,佳里區,子龍里,2023-08-14,0
台南市,佳里區,子龍里,2023-08-21,0
台南市,佳里區,子龍里,2023-08-28,0
台南市,佳里區,子龍里,2023-09-04,0
台南市,佳里區,子龍里,2023-09-11,0
台南市,佳里區,子龍里,2023-09-18,0
台南市,佳里區,子龍里,2023-09-25,0
台南市,佳里區,子龍里,2023-10-02,0
台南市,佳里區,子龍里,2023-10-09,0
台南市,佳里區,子龍里,2023-10-16,0
台南市,佳里區,子龍里,2023-10-23,0
台南市,佳里區,子龍里,2023-10-30,0
台南市,佳里區,子龍里,2023-11-06,0
台南市,佳里區,子龍里,2023-11-13,0
台南市,佳里區,子龍里,2023-11-20,0
台南市,佳里區,子龍里,2023-11-27,0
台南市,佳里區,子龍里,2023-12-04,0
台南市,佳里區,子龍里,2023-12-11,0
台南市,佳里區,子龍里,2023-12-18,0
台南市,佳里區,子龍里,2023-12-25,0
台南市,佳里區,子龍里,2024-01-01,0
台南市,佳里區,忠仁里,2023-06-12,0
台南市,佳里區,忠仁里,2023-06-19,0
台南市,佳里區,忠仁里,2023-06-26,0
台南市,佳里區,忠仁里,2023-07-03,0
台南市,佳里區,忠仁里,2023-07-10,0
台南市,佳里區,忠仁里,2023-07-17,0
台南市,佳里區,忠仁里,2023-07-24,0
台南市,佳里區,忠仁里,2023-07-31,0
台南市,佳里區,忠仁里,2023-08-07,0
台南市,佳里區,忠仁里,2023-08-14,0
台南市,佳里區,忠仁里,2023-08-21,0
台南市,佳里區,忠仁里,2023-08-28,0
台南市,佳里區,忠仁里,2023-09-04,0
台南市,佳里區,忠仁里,2023-09-11,0
台南市,佳里區,忠仁里,2023-09-18,1
台南市,佳里區,忠仁里,2023-09-25,1
台南市,佳里區,忠仁里,2023-10-02,0
台南市,佳里區,忠仁里,2023-10-09,10
台南市,佳里區,忠仁里,2023-10-16,2
台南市,佳里區,忠仁里,2023-10-23,1
台南市,佳里區,忠仁里,2023-10-30,2
台南市,佳里區,忠仁里,2023-11-06,4
台南市,佳里區,忠仁里,2023-11-13,2
台南市,佳里區,忠仁里,2023-11-20,1
台南市,佳里區,忠仁里,2023-11-27,1
台南市,佳里區,忠仁里,2023-12-04,0
台南市,佳里區,忠仁里,2023-12-11,0
台南市,佳里區,忠仁里,2023-12-18,2
台南市,佳里區,忠仁里,2023-12-25,1
台南市,佳里區,忠仁里,2024-01-01,0
台南市,佳里區,東寧里,2023-06-12,0
台南市,佳里區,東寧里,2023-06-19,0
台南市,佳里區,東寧里,2023-06-26,0
台南市,佳里區,東寧里,2023-07-03,0
台南市,佳里區,東寧里,2023-07-10,0
台南市,佳里區,東寧里,2023-07-17,0
台南市,佳里區,東寧里,2023-07-24,0
台南市,佳里區,東寧里,2023-07-31,0
台南市,佳里區,東寧里,2023-08-07,0
台南市,佳里區,東寧里,2023-08-14,0
台南市,佳里區,東寧里,2023-08-21,0
台南市,佳里區,東寧里,2023-08-28,0
台南市,佳里區,東寧里,2023-09-04,0
台南市,佳里區,東寧里,2023-09-11,0
台南市,佳里區,東寧里,2023-09-18,0
台南市,佳里區,東寧里,2023-09-25,0
台南市,佳里區,東寧里,2023-10-02,0
台南市,佳里區,東寧里,2023-10-09,1
台南市,佳里區,東寧里,2023-10-16,0
台南市,佳里區,東寧里,2023-10-23,0
台南市,佳里區,東寧里,2023-10-30,1
台南市,佳里區,東寧里,2023-11-06,2
台南市,佳里區,東寧里,2023-11-13,5
台南市,佳里區,東寧里,2023-11-20,3
台南市,佳里區,東寧里,2023-11-27,2
台南市,佳里區,東寧里,2023-12-04,2
台南市,佳里區,東寧里,2023-12-11,0
台南市,佳里區,東寧里,2023-12-18,0
台南市,佳里區,東寧里,2023-12-25,0
台南市,佳里區,東寧里,2024-01-01,1
台南市,佳里區,民安里,2023-06-12,0
台南市,佳里區,民安里,2023-06-19,0
台南市,佳里區,民安里,2023-06-26,0
台南市,佳里區,民安里,2023-07-03,0
台南市,佳里區,民安里,2023-07-10,0
台南市,佳里區,民安里,2023-07-17,0
台南市,佳里區,民安里,2023-07-24,0
台南市,佳里區,民安里,2023-07-31,0
台南市,佳里區,民安里,2023-08-07,0
台南市,佳里區,民安里,2023-08-14,0
台南市,佳里區,民安里,2023-08-21,0
台南市,佳里區,民安里,2023-08-28,0
台南市,佳里區,民安里,2023-09-04,0
台南市,佳里區,民安里,2023-09-11,0
台南市,佳里區,民安里,2023-09-18,0
台南市,佳里區,民安里,2023-09-25,0
台南市,佳里區,民安里,2023-10-02,0
台南市,佳里區,民安里,2023-10-09,0
台南市,佳里區,民安里,2023-10-16,1
台南市,佳里區,民安里,2023-10-23,0
台南市,佳里區,民安里,2023-10-30,1
台南市,佳里區,民安里,2023-11-06,0
台南市,佳里區,民安里,2023-11-13,0
台南市,佳里區,民安里,2023-11-20,0
台南市,佳里區,民安里,2023-11-27,1
台南市,佳里區,民安里,2023-12-04,0
台南市,佳里區,民安里,2023-12-11,0
台南市,佳里區,民安里,2023-12-18,0
台南市,佳里區,民安里,2023-12-25,0
台南市,佳里區,民安里,2024-01-01,0
台南市,佳里區,海澄里,2023-06-12,0
台南市,佳里區,海澄里,2023-06-19,0
台南市,佳里區,海澄里,2023-06-26,0
台南市,佳里區,海澄里,2023-07-03,0
台南市,佳里區,海澄里,2023-07-10,0
台南市,佳里區,海澄里,2023-07-17,0
台南市,佳里區,海澄里,2023-07-24,0
台南市,佳里區,海澄里,2023-07-31,0
台南市,佳里區,海澄里,2023-08-07,0
台南市,佳里區,海澄里,2023-08-14,0
台南市,佳里區,海澄里,2023-08-21,0
台南市,佳里區,海澄里,2023-08-28,0
台南市,佳里區,海澄里,2023-09-04,0
台南市,佳里區,海澄里,2023-09-11,0
台南市,佳里區,海澄里,2023-09-18,0
台南市,佳里區,海澄里,2023-09-25,0
台南市,佳里區,海澄里,2023-10-02,0
台南市,佳里區,海澄里,2023-10-09,0
台南市,佳里區,海澄里,2023-10-16,0
台南市,佳里區,海澄里,2023-10-23,0
台南市,佳里區,海澄里,2023-10-30,0
台南市,佳里區,海澄里,2023-11-06,0
台南市,佳里區,海澄里,2023-11-13,1
台南市,佳里區,海澄里,2023-11-20,0
台南市,佳里區,海澄里,2023-11-27,0
台南市,佳里區,海澄里,2023-12-04,0
台南市,佳里區,海澄里,2023-12-11,0
台南市,佳里區,海澄里,2023-12-18,0
台南市,佳里區,海澄里,2023-12-25,0
台南市,佳里區,海澄里,2024-01-01,0
台南市,佳里區,鎮山里,2023-06-12,0
台南市,佳里區,鎮山里,2023-06-19,0
台南市,佳里區,鎮山里,2023-06-26,0
台南市,佳里區,鎮山里,2023-07-03,0
台南市,佳里區,鎮山里,2023-07-10,0
台南市,佳里區,鎮山里,2023-07-17,0
台南市,佳里區,鎮山里,2023-07-24,0
台南市,佳里區,鎮山里,2023-07-31,0
台南市,佳里區,鎮山里,2023-08-07,0
台南市,佳里區,鎮山里,2023-08-14,0
台南市,佳里區,鎮山里,2023-08-21,0
台南市,佳里區,鎮山里,2023-08-28,0
台南市,佳里區,鎮山里,2023-09-04,0
台南市,佳里區,鎮山里,2023-09-11,2
台南市,佳里區,鎮山里,2023-09-18,2
台南市,佳里區,鎮山里,2023-09-25,0
台南市,佳里區,鎮山里,2023-10-02,0
台南市,佳里區,鎮山里,2023-10-09,2
台南市,佳里區,鎮山里,2023-10-16,0
台南市,佳里區,鎮山里,2023-10-23,3
台南市,佳里區,鎮山里,2023-10-30,1
台南市,佳里區,鎮山里,2023-11-06,2
台南市,佳里區,鎮山里,2023-11-13,0
台南市,佳里區,鎮山里,2023-11-20,1
台南市,佳里區,鎮山里,2023-11-27,2
台南市,佳里區,鎮山里,2023-12-04,0
台南市,佳里區,鎮山里,2023-12-11,2
台南市,佳里區,鎮山里,2023-12-18,0
台南市,佳里區,鎮山里,2023-12-25,0
台南市,佳里區,鎮山里,2024-01-01,0
台南市,六甲區,七甲里,2023-06-12,0
台南市,六甲區,七甲里,2023-06-19,0
台南市,六甲區,七甲里,2023-06-26,0
台南市,六甲區,七甲里,2023-07-03,0
台南市,六甲區,七甲里,2023-07-10,0
台南市,六甲區,七甲里,2023-07-17,0
台南市,六甲區,七甲里,2023-07-24,0
台南市,六甲區,七甲里,2023-07-31,1
台南市,六甲區,七甲里,2023-08-07,0
台南市,六甲區,七甲里,2023-08-14,0
台南市,六甲區,七甲里,2023-08-21,0
台南市,六甲區,七甲里,2023-08-28,0
台南市,六甲區,七甲里,2023-09-04,0
台南市,六甲區,七甲里,2023-09-11,0
台南市,六甲區,七甲里,2023-09-18,0
台南市,六甲區,七甲里,2023-09-25,0
台南市,六甲區,七甲里,2023-10-02,0
台南市,六甲區,七甲里,2023-10-09,1
台南市,六甲區,七甲里,2023-10-16,1
台南市,六甲區,七甲里,2023-10-23,0
台南市,六甲區,七甲里,2023-10-30,1
台南市,六甲區,七甲里,2023-11-06,1
台南市,六甲區,七甲里,2023-11-13,0
台南市,六甲區,七甲里,2023-11-20,2
台南市,六甲區,七甲里,2023-11-27,0
台南市,六甲區,七甲里,2023-12-04,0
台南市,六甲區,七甲里,2023-12-11,0
台南市,六甲區,七甲里,2023-12-18,0
台南市,六甲區,七甲里,2023-12-25,0
台南市,六甲區,七甲里,2024-01-01,0
台南市,六甲區,中社里,2023-06-12,0
台南市,六甲區,中社里,2023-06-19,0
台南市,六甲區,中社里,2023-06-26,0
台南市,六甲區,中社里,2023-07-03,0
台南市,六甲區,中社里,2023-07-10,0
台南市,六甲區,中社里,2023-07-17,0
台南市,六甲區,中社里,2023-07-24,0
台南市,六甲區,中社里,2023-07-31,0
台南市,六甲區,中社里,2023-08-07,0
台南市,六甲區,中社里,2023-08-14,0
台南市,六甲區,中社里,2023-08-21,0
台南市,六甲區,中社里,2023-08-28,0
台南市,六甲區,中社里,2023-09-04,0
台南市,六甲區,中社里,2023-09-11,0
台南市,六甲區,中社里,2023-09-18,0
台南市,六甲區,中社里,2023-09-25,0
台南市,六甲區,中社里,2023-10-02,1
台南市,六甲區,中社里,2023-10-09,0
台南市,六甲區,中社里,2023-10-16,0
台南市,六甲區,中社里,2023-10-23,0
台南市,六甲區,中社里,2023-10-30,0
台南市,六甲區,中社里,2023-11-06,0
台南市,六甲區,中社里,2023-11-13,0
台南市,六甲區,中社里,2023-11-20,0
台南市,六甲區,中社里,2023-11-27,0
台南市,六甲區,中社里,2023-12-04,0
台南市,六甲區,中社里,2023-12-11,0
台南市,六甲區,中社里,2023-12-18,0
台南市,六甲區,中社里,2023-12-25,0
台南市,六甲區,中社里,2024-01-01,0
台南市,六甲區,二甲里,2023-06-12,0
台南市,六甲區,二甲里,2023-06-19,0
台南市,六甲區,二甲里,2023-06-26,0
台南市,六甲區,二甲里,2023-07-03,0
台南市,六甲區,二甲里,2023-07-10,0
台南市,六甲區,二甲里,2023-07-17,0
台南市,六甲區,二甲里,2023-07-24,0
台南市,六甲區,二甲里,2023-07-31,0
台南市,六甲區,二甲里,2023-08-07,0
台南市,六甲區,二甲里,2023-08-14,0
台南市,六甲區,二甲里,2023-08-21,0
台南市,六甲區,二甲里,2023-08-28,0
台南市,六甲區,二甲里,2023-09-04,0
台南市,六甲區,二甲里,2023-09-11,0
台南市,六甲區,二甲里,2023-09-18,0
台南市,六甲區,二甲里,2023-09-25,0
台南市,六甲區,二甲里,2023-10-02,0
台南市,六甲區,二甲里,2023-10-09,0
台南市,六甲區,二甲里,2023-10-16,0
台南市,六甲區,二甲里,2023-10-23,0
台南市,六甲區,二甲里,2023-10-30,0
台南市,六甲區,二甲里,2023-11-06,0
台南市,六甲區,二甲里,2023-11-13,0
台南市,六甲區,二甲里,2023-11-20,0
台南市,六甲區,二甲里,2023-11-27,0
台南市,六甲區,二甲里,2023-12-04,0
台南市,六甲區,二甲里,2023-12-11,0
台南市,六甲區,二甲里,2023-12-18,0
台南市,六甲區,二甲里,2023-12-25,0
台南市,六甲區,二甲里,2024-01-01,0
台南市,六甲區,大丘里,2023-06-12,0
台南市,六甲區,大丘里,2023-06-19,0
台南市,六甲區,大丘里,2023-06-26,0
台南市,六甲區,大丘里,2023-07-03,0
台南市,六甲區,大丘里,2023-07-10,0
台南市,六甲區,大丘里,2023-07-17,0
台南市,六甲區,大丘里,2023-07-24,0
台南市,六甲區,大丘里,2023-07-31,0
台南市,六甲區,大丘里,2023-08-07,0
台南市,六甲區,大丘里,2023-08-14,0
台南市,六甲區,大丘里,2023-08-21,0
台南市,六甲區,大丘里,2023-08-28,0
台南市,六甲區,大丘里,2023-09-04,0
台南市,六甲區,大丘里,2023-09-11,0
台南市,六甲區,大丘里,2023-09-18,0
台南市,六甲區,大丘里,2023-09-25,0
台南市,六甲區,大丘里,2023-10-02,0
台南市,六甲區,大丘里,2023-10-09,0
台南市,六甲區,大丘里,2023-10-16,0
台南市,六甲區,大丘里,2023-10-23,0
台南市,六甲區,大丘里,2023-10-30,0
台南市,六甲區,大丘里,2023-11-06,0
台南市,六甲區,大丘里,2023-11-13,0
台南市,六甲區,大丘里,2023-11-20,0
台南市,六甲區,大丘里,2023-11-27,0
台南市,六甲區,大丘里,2023-12-04,0
台南市,六甲區,大丘里,2023-12-11,0
台南市,六甲區,大丘里,2023-12-18,0
台南市,六甲區,大丘里,2023-12-25,0
台南市,六甲區,大丘里,2024-01-01,0
台南市,六甲區,水林里,2023-06-12,0
台南市,六甲區,水林里,2023-06-19,0
台南市,六甲區,水林里,2023-06-26,0
台南市,六甲區,水林里,2023-07-03,0
台南市,六甲區,水林里,2023-07-10,0
台南市,六甲區,水林里,2023-07-17,0
台南市,六甲區,水林里,2023-07-24,0
台南市,六甲區,水林里,2023-07-31,0
台南市,六甲區,水林里,2023-08-07,0
台南市,六甲區,水林里,2023-08-14,0
台南市,六甲區,水林里,2023-08-21,0
台南市,六甲區,水林里,2023-08-28,0
台南市,六甲區,水林里,2023-09-04,0
台南市,六甲區,水林里,2023-09-11,0
台南市,六甲區,水林里,2023-09-18,0
台南市,六甲區,水林里,2023-09-25,0
台南市,六甲區,水林里,2023-10-02,0
台南市,六甲區,水林里,2023-10-09,0
台南市,六甲區,水林里,2023-10-16,0
台南市,六甲區,水林里,2023-10-23,0
台南市,六甲區,水林里,2023-10-30,0
台南市,六甲區,水林里,2023-11-06,0
台南市,六甲區,水林里,2023-11-13,0
台南市,六甲區,水林里,2023-11-20,0
台南市,六甲區,水林里,2023-11-27,0
台南市,六甲區,水林里,2023-12-04,0
台南市,六甲區,水林里,2023-12-11,0
台南市,六甲區,水林里,2023-12-18,0
台南市,六甲區,水林里,2023-12-25,0
台南市,六甲區,水林里,2024-01-01,0
台南市,六甲區,王爺里,2023-06-12,0
台南市,六甲區,王爺里,2023-06-19,0
台南市,六甲區,王爺里,2023-06-26,0
台南市,六甲區,王爺里,2023-07-03,0
台南市,六甲區,王爺里,2023-07-10,0
台南市,六甲區,王爺里,2023-07-17,0
台南市,六甲區,王爺里,2023-07-24,0
台南市,六甲區,王爺里,2023-07-31,0
台南市,六甲區,王爺里,2023-08-07,0
台南市,六甲區,王爺里,2023-08-14,0
台南市,六甲區,王爺里,2023-08-21,0
台南市,六甲區,王爺里,2023-08-28,0
台南市,六甲區,王爺里,2023-09-04,0
台南市,六甲區,王爺里,2023-09-11,0
台南市,六甲區,王爺里,2023-09-18,0
台南市,六甲區,王爺里,2023-09-25,0
台南市,六甲區,王爺里,2023-10-02,0
台南市,六甲區,王爺里,2023-10-09,0
台南市,六甲區,王爺里,2023-10-16,0
台南市,六甲區,王爺里,2023-10-23,0
台南市,六甲區,王爺里,2023-10-30,0
台南市,六甲區,王爺里,2023-11-06,0
台南市,六甲區,王爺里,2023-11-13,0
台南市,六甲區,王爺里,2023-11-20,0
台南市,六甲區,王爺里,2023-11-27,0
台南市,六甲區,王爺里,2023-12-04,0
台南市,六甲區,王爺里,2023-12-11,0
台南市,六甲區,王爺里,2023-12-18,0
台南市,六甲區,王爺里,2023-12-25,0
台南市,六甲區,王爺里,2024-01-01,0
台南市,六甲區,甲南里,2023-06-12,0
台南市,六甲區,甲南里,2023-06-19,0
台南市,六甲區,甲南里,2023-06-26,0
台南市,六甲區,甲南里,2023-07-03,0
台南市,六甲區,甲南里,2023-07-10,0
台南市,六甲區,甲南里,2023-07-17,0
台南市,六甲區,甲南里,2023-07-24,0
台南市,六甲區,甲南里,2023-07-31,0
台南市,六甲區,甲南里,2023-08-07,0
台南市,六甲區,甲南里,2023-08-14,0
台南市,六甲區,甲南里,2023-08-21,0
台南市,六甲區,甲南里,2023-08-28,0
台南市,六甲區,甲南里,2023-09-04,0
台南市,六甲區,甲南里,2023-09-11,0
台南市,六甲區,甲南里,2023-09-18,0
台南市,六甲區,甲南里,2023-09-25,0
台南市,六甲區,甲南里,2023-10-02,0
台南市,六甲區,甲南里,2023-10-09,0
台南市,六甲區,甲南里,2023-10-16,0
台南市,六甲區,甲南里,2023-10-23,0
台南市,六甲區,甲南里,2023-10-30,0
台南市,六甲區,甲南里,2023-11-06,0
台南市,六甲區,甲南里,2023-11-13,0
台南市,六甲區,甲南里,2023-11-20,0
台南市,六甲區,甲南里,2023-11-27,0
台南市,六甲區,甲南里,2023-12-04,0
台南市,六甲區,甲南里,2023-12-11,0
台南市,六甲區,甲南里,2023-12-18,0
台南市,六甲區,甲南里,2023-12-25,0
台南市,六甲區,甲南里,2024-01-01,0
台南市,六甲區,甲東里,2023-06-12,0
台南市,六甲區,甲東里,2023-06-19,0
台南市,六甲區,甲東里,2023-06-26,0
台南市,六甲區,甲東里,2023-07-03,0
台南市,六甲區,甲東里,2023-07-10,0
台南市,六甲區,甲東里,2023-07-17,0
台南市,六甲區,甲東里,2023-07-24,0
台南市,六甲區,甲東里,2023-07-31,0
台南市,六甲區,甲東里,2023-08-07,0
台南市,六甲區,甲東里,2023-08-14,0
台南市,六甲區,甲東里,2023-08-21,0
台南市,六甲區,甲東里,2023-08-28,0
台南市,六甲區,甲東里,2023-09-04,0
台南市,六甲區,甲東里,2023-09-11,0
台南市,六甲區,甲東里,2023-09-18,0
台南市,六甲區,甲東里,2023-09-25,0
台南市,六甲區,甲東里,2023-10-02,0
台南市,六甲區,甲東里,2023-10-09,0
台南市,六甲區,甲東里,2023-10-16,0
台南市,六甲區,甲東里,2023-10-23,0
台南市,六甲區,甲東里,2023-10-30,0
台南市,六甲區,甲東里,2023-11-06,0
台南市,六甲區,甲東里,2023-11-13,0
台南市,六甲區,甲東里,2023-11-20,0
台南市,六甲區,甲東里,2023-11-27,0
台南市,六甲區,甲東里,2023-12-04,0
台南市,六甲區,甲東里,2023-12-11,0
台南市,六甲區,甲東里,2023-12-18,0
台南市,六甲區,甲東里,2023-12-25,0
台南市,六甲區,甲東里,2024-01-01,0
台南市,六甲區,菁埔里,2023-06-12,0
台南市,六甲區,菁埔里,2023-06-19,0
台南市,六甲區,菁埔里,2023-06-26,0
台南市,六甲區,菁埔里,2023-07-03,0
台南市,六甲區,菁埔里,2023-07-10,0
台南市,六甲區,菁埔里,2023-07-17,0
台南市,六甲區,菁埔里,2023-07-24,0
台南市,六甲區,菁埔里,2023-07-31,0
台南市,六甲區,菁埔里,2023-08-07,0
台南市,六甲區,菁埔里,2023-08-14,0
台南市,六甲區,菁埔里,2023-08-21,0
台南市,六甲區,菁埔里,2023-08-28,0
台南市,六甲區,菁埔里,2023-09-04,0
台南市,六甲區,菁埔里,2023-09-11,0
台南市,六甲區,菁埔里,2023-09-18,0
台南市,六甲區,菁埔里,2023-09-25,0
台南市,六甲區,菁埔里,2023-10-02,0
台南市,六甲區,菁埔里,2023-10-09,0
台南市,六甲區,菁埔里,2023-10-16,0
台南市,六甲區,菁埔里,2023-10-23,0
台南市,六甲區,菁埔里,2023-10-30,0
台南市,六甲區,菁埔里,2023-11-06,0
台南市,六甲區,菁埔里,2023-11-13,1
台南市,六甲區,菁埔里,2023-11-20,0
台南市,六甲區,菁埔里,2023-11-27,0
台南市,六甲區,菁埔里,2023-12-04,0
台南市,六甲區,菁埔里,2023-12-11,0
台南市,六甲區,菁埔里,2023-12-18,0
台南市,六甲區,菁埔里,2023-12-25,0
台南市,六甲區,菁埔里,2024-01-01,0
台南市,六甲區,龜港里,2023-06-12,0
台南市,六甲區,龜港里,2023-06-19,0
台南市,六甲區,龜港里,2023-06-26,0
台南市,六甲區,龜港里,2023-07-03,0
台南市,六甲區,龜港里,2023-07-10,0
台南市,六甲區,龜港里,2023-07-17,0
台南市,六甲區,龜港里,2023-07-24,0
台南市,六甲區,龜港里,2023-07-31,0
台南市,六甲區,龜港里,2023-08-07,0
台南市,六甲區,龜港里,2023-08-14,0
台南市,六甲區,龜港里,2023-08-21,0
台南市,六甲區,龜港里,2023-08-28,0
台南市,六甲區,龜港里,2023-09-04,0
台南市,六甲區,龜港里,2023-09-11,0
台南市,六甲區,龜港里,2023-09-18,0
台南市,六甲區,龜港里,2023-09-25,0
台南市,六甲區,龜港里,2023-10-02,0
台南市,六甲區,龜港里,2023-10-09,0
台南市,六甲區,龜港里,2023-10-16,0
台南市,六甲區,龜港里,2023-10-23,0
台南市,六甲區,龜港里,2023-10-30,0
台南市,六甲區,龜港里,2023-11-06,0
台南市,六甲區,龜港里,2023-11-13,0
台南市,六甲區,龜港里,2023-11-20,0
台南市,六甲區,龜港里,2023-11-27,0
台南市,六甲區,龜港里,2023-12-04,0
台南市,六甲區,龜港里,2023-12-11,0
台南市,六甲區,龜港里,2023-12-18,0
台南市,六甲區,龜港里,2023-12-25,0
台南市,六甲區,龜港里,2024-01-01,0
台南市,北區,中樓里,2023-06-12,0
台南市,北區,中樓里,2023-06-19,0
台南市,北區,中樓里,2023-06-26,0
台南市,北區,中樓里,2023-07-03,0
台南市,北區,中樓里,2023-07-10,0
台南市,北區,中樓里,2023-07-17,0
台南市,北區,中樓里,2023-07-24,0
台南市,北區,中樓里,2023-07-31,0
台南市,北區,中樓里,2023-08-07,0
台南市,北區,中樓里,2023-08-14,5
台南市,北區,中樓里,2023-08-21,3
台南市,北區,中樓里,2023-08-28,6
台南市,北區,中樓里,2023-09-04,7
台南市,北區,中樓里,2023-09-11,16
台南市,北區,中樓里,2023-09-18,11
台南市,北區,中樓里,2023-09-25,9
台南市,北區,中樓里,2023-10-02,17
台南市,北區,中樓里,2023-10-09,9
台南市,北區,中樓里,2023-10-16,3
台南市,北區,中樓里,2023-10-23,1
台南市,北區,中樓里,2023-10-30,4
台南市,北區,中樓里,2023-11-06,1
台南市,北區,中樓里,2023-11-13,0
台南市,北區,中樓里,2023-11-20,1
台南市,北區,中樓里,2023-11-27,0
台南市,北區,中樓里,2023-12-04,1
台南市,北區,中樓里,2023-12-11,0
台南市,北區,中樓里,2023-12-18,1
台南市,北區,中樓里,2023-12-25,0
台南市,北區,中樓里,2024-01-01,0
台南市,北區,仁愛里,2023-06-12,0
台南市,北區,仁愛里,2023-06-19,0
台南市,北區,仁愛里,2023-06-26,3
台南市,北區,仁愛里,2023-07-03,2
台南市,北區,仁愛里,2023-07-10,2
台南市,北區,仁愛里,2023-07-17,0
台南市,北區,仁愛里,2023-07-24,1
台南市,北區,仁愛里,2023-07-31,1
台南市,北區,仁愛里,2023-08-07,2
台南市,北區,仁愛里,2023-08-14,2
台南市,北區,仁愛里,2023-08-21,0
台南市,北區,仁愛里,2023-08-28,3
台南市,北區,仁愛里,2023-09-04,3
台南市,北區,仁愛里,2023-09-11,5
台南市,北區,仁愛里,2023-09-18,13
台南市,北區,仁愛里,2023-09-25,11
台南市,北區,仁愛里,2023-10-02,10
台南市,北區,仁愛里,2023-10-09,11
台南市,北區,仁愛里,2023-10-16,10
台南市,北區,仁愛里,2023-10-23,1
台南市,北區,仁愛里,2023-10-30,5
台南市,北區,仁愛里,2023-11-06,9
台南市,北區,仁愛里,2023-11-13,5
台南市,北區,仁愛里,2023-11-20,0
台南市,北區,仁愛里,2023-11-27,2
台南市,北區,仁愛里,2023-12-04,2
台南市,北區,仁愛里,2023-12-11,0
台南市,北區,仁愛里,2023-12-18,0
台南市,北區,仁愛里,2023-12-25,0
台南市,北區,仁愛里,2024-01-01,0
台南市,北區,元寶里,2023-06-12,0
台南市,北區,元寶里,2023-06-19,0
台南市,北區,元寶里,2023-06-26,0
台南市,北區,元寶里,2023-07-03,0
台南市,北區,元寶里,2023-07-10,1
台南市,北區,元寶里,2023-07-17,0
台南市,北區,元寶里,2023-07-24,0
台南市,北區,元寶里,2023-07-31,0
台南市,北區,元寶里,2023-08-07,1
台南市,北區,元寶里,2023-08-14,2
台南市,北區,元寶里,2023-08-21,0
台南市,北區,元寶里,2023-08-28,1
台南市,北區,元寶里,2023-09-04,3
台南市,北區,元寶里,2023-09-11,5
台南市,北區,元寶里,2023-09-18,4
台南市,北區,元寶里,2023-09-25,3
台南市,北區,元寶里,2023-10-02,8
台南市,北區,元寶里,2023-10-09,6
台南市,北區,元寶里,2023-10-16,4
台南市,北區,元寶里,2023-10-23,5
台南市,北區,元寶里,2023-10-30,7
台南市,北區,元寶里,2023-11-06,4
台南市,北區,元寶里,2023-11-13,4
台南市,北區,元寶里,2023-11-20,4
台南市,北區,元寶里,2023-11-27,0
台南市,北區,元寶里,2023-12-04,2
台南市,北區,元寶里,2023-12-11,0
台南市,北區,元寶里,2023-12-18,0
台南市,北區,元寶里,2023-12-25,0
台南市,北區,元寶里,2024-01-01,0
台南市,北區,公園里,2023-06-12,0
台南市,北區,公園里,2023-06-19,0
台南市,北區,公園里,2023-06-26,1
台南市,北區,公園里,2023-07-03,1
台南市,北區,公園里,2023-07-10,0
台南市,北區,公園里,2023-07-17,2
台南市,北區,公園里,2023-07-24,0
台南市,北區,公園里,2023-07-31,4
台南市,北區,公園里,2023-08-07,1
台南市,北區,公園里,2023-08-14,7
台南市,北區,公園里,2023-08-21,2
台南市,北區,公園里,2023-08-28,2
台南市,北區,公園里,2023-09-04,9
台南市,北區,公園里,2023-09-11,4
台南市,北區,公園里,2023-09-18,8
台南市,北區,公園里,2023-09-25,3
台南市,北區,公園里,2023-10-02,11
台南市,北區,公園里,2023-10-09,6
台南市,北區,公園里,2023-10-16,3
台南市,北區,公園里,2023-10-23,4
台南市,北區,公園里,2023-10-30,4
台南市,北區,公園里,2023-11-06,1
台南市,北區,公園里,2023-11-13,3
台南市,北區,公園里,2023-11-20,1
台南市,北區,公園里,2023-11-27,0
台南市,北區,公園里,2023-12-04,0
台南市,北區,公園里,2023-12-11,0
台南市,北區,公園里,2023-12-18,1
台南市,北區,公園里,2023-12-25,1
台南市,北區,公園里,2024-01-01,0
台南市,北區,力行里,2023-06-12,0
台南市,北區,力行里,2023-06-19,0
台南市,北區,力行里,2023-06-26,0
台南市,北區,力行里,2023-07-03,0
台南市,北區,力行里,2023-07-10,0
台南市,北區,力行里,2023-07-17,0
台南市,北區,力行里,2023-07-24,0
台南市,北區,力行里,2023-07-31,0
台南市,北區,力行里,2023-08-07,0
台南市,北區,力行里,2023-08-14,1
台南市,北區,力行里,2023-08-21,2
台南市,北區,力行里,2023-08-28,1
台南市,北區,力行里,2023-09-04,1
台南市,北區,力行里,2023-09-11,4
台南市,北區,力行里,2023-09-18,6
台南市,北區,力行里,2023-09-25,4
台南市,北區,力行里,2023-10-02,11
台南市,北區,力行里,2023-10-09,9
台南市,北區,力行里,2023-10-16,9
台南市,北區,力行里,2023-10-23,3
台南市,北區,力行里,2023-10-30,1
台南市,北區,力行里,2023-11-06,4
台南市,北區,力行里,2023-11-13,10
台南市,北區,力行里,2023-11-20,2
台南市,北區,力行里,2023-11-27,2
台南市,北區,力行里,2023-12-04,2
台南市,北區,力行里,2023-12-11,0
台南市,北區,力行里,2023-12-18,0
台南市,北區,力行里,2023-12-25,2
台南市,北區,力行里,2024-01-01,0
台南市,北區,和順里,2023-06-12,0
台南市,北區,和順里,2023-06-19,0
台南市,北區,和順里,2023-06-26,0
台南市,北區,和順里,2023-07-03,0
台南市,北區,和順里,2023-07-10,0
台南市,北區,和順里,2023-07-17,0
台南市,北區,和順里,2023-07-24,1
台南市,北區,和順里,2023-07-31,1
台南市,北區,和順里,2023-08-07,0
台南市,北區,和順里,2023-08-14,0
台南市,北區,和順里,2023-08-21,0
台南市,北區,和順里,2023-08-28,3
台南市,北區,和順里,2023-09-04,4
台南市,北區,和順里,2023-09-11,3
台南市,北區,和順里,2023-09-18,6
台南市,北區,和順里,2023-09-25,7
台南市,北區,和順里,2023-10-02,13
台南市,北區,和順里,2023-10-09,10
台南市,北區,和順里,2023-10-16,6
台南市,北區,和順里,2023-10-23,8
台南市,北區,和順里,2023-10-30,7
台南市,北區,和順里,2023-11-06,4
台南市,北區,和順里,2023-11-13,8
台南市,北區,和順里,2023-11-20,1
台南市,北區,和順里,2023-11-27,4
台南市,北區,和順里,2023-12-04,0
台南市,北區,和順里,2023-12-11,0
台南市,北區,和順里,2023-12-18,0
台南市,北區,和順里,2023-12-25,0
台南市,北區,和順里,2024-01-01,1
台南市,北區,大和里,2023-06-12,0
台南市,北區,大和里,2023-06-19,0
台南市,北區,大和里,2023-06-26,0
台南市,北區,大和里,2023-07-03,0
台南市,北區,大和里,2023-07-10,0
台南市,北區,大和里,2023-07-17,0
台南市,北區,大和里,2023-07-24,0
台南市,北區,大和里,2023-07-31,0
台南市,北區,大和里,2023-08-07,0
台南市,北區,大和里,2023-08-14,0
台南市,北區,大和里,2023-08-21,1
台南市,北區,大和里,2023-08-28,0
台南市,北區,大和里,2023-09-04,1
台南市,北區,大和里,2023-09-11,6
台南市,北區,大和里,2023-09-18,9
台南市,北區,大和里,2023-09-25,6
台南市,北區,大和里,2023-10-02,12
台南市,北區,大和里,2023-10-09,11
台南市,北區,大和里,2023-10-16,8
台南市,北區,大和里,2023-10-23,8
台南市,北區,大和里,2023-10-30,7
台南市,北區,大和里,2023-11-06,6
台南市,北區,大和里,2023-11-13,5
台南市,北區,大和里,2023-11-20,1
台南市,北區,大和里,2023-11-27,1
台南市,北區,大和里,2023-12-04,2
台南市,北區,大和里,2023-12-11,1
台南市,北區,大和里,2023-12-18,0
台南市,北區,大和里,2023-12-25,0
台南市,北區,大和里,2024-01-01,0
台南市,北區,大港里,2023-06-12,0
台南市,北區,大港里,2023-06-19,0
台南市,北區,大港里,2023-06-26,0
台南市,北區,大港里,2023-07-03,0
台南市,北區,大港里,2023-07-10,0
台南市,北區,大港里,2023-07-17,0
台南市,北區,大港里,2023-07-24,0
台南市,北區,大港里,2023-07-31,0
台南市,北區,大港里,2023-08-07,1
台南市,北區,大港里,2023-08-14,0
台南市,北區,大港里,2023-08-21,0
台南市,北區,大港里,2023-08-28,0
台南市,北區,大港里,2023-09-04,3
台南市,北區,大港里,2023-09-11,10
台南市,北區,大港里,2023-09-18,7
台南市,北區,大港里,2023-09-25,9
台南市,北區,大港里,2023-10-02,14
台南市,北區,大港里,2023-10-09,14
台南市,北區,大港里,2023-10-16,8
台南市,北區,大港里,2023-10-23,7
台南市,北區,大港里,2023-10-30,8
台南市,北區,大港里,2023-11-06,7
台南市,北區,大港里,2023-11-13,6
台南市,北區,大港里,2023-11-20,5
台南市,北區,大港里,2023-11-27,2
台南市,北區,大港里,2023-12-04,0
台南市,北區,大港里,2023-12-11,0
台南市,北區,大港里,2023-12-18,0
台南市,北區,大港里,2023-12-25,0
台南市,北區,大港里,2024-01-01,0
台南市,北區,大豐里,2023-06-12,0
台南市,北區,大豐里,2023-06-19,0
台南市,北區,大豐里,2023-06-26,0
台南市,北區,大豐里,2023-07-03,0
台南市,北區,大豐里,2023-07-10,0
台南市,北區,大豐里,2023-07-17,0
台南市,北區,大豐里,2023-07-24,0
台南市,北區,大豐里,2023-07-31,0
台南市,北區,大豐里,2023-08-07,1
台南市,北區,大豐里,2023-08-14,0
台南市,北區,大豐里,2023-08-21,0
台南市,北區,大豐里,2023-08-28,0
台南市,北區,大豐里,2023-09-04,5
台南市,北區,大豐里,2023-09-11,4
台南市,北區,大豐里,2023-09-18,3
台南市,北區,大豐里,2023-09-25,19
台南市,北區,大豐里,2023-10-02,18
台南市,北區,大豐里,2023-10-09,14
台南市,北區,大豐里,2023-10-16,12
台南市,北區,大豐里,2023-10-23,3
台南市,北區,大豐里,2023-10-30,7
台南市,北區,大豐里,2023-11-06,5
台南市,北區,大豐里,2023-11-13,3
台南市,北區,大豐里,2023-11-20,5
台南市,北區,大豐里,2023-11-27,0
台南市,北區,大豐里,2023-12-04,0
台南市,北區,大豐里,2023-12-11,1
台南市,北區,大豐里,2023-12-18,0
台南市,北區,大豐里,2023-12-25,0
台南市,北區,大豐里,2024-01-01,0
台南市,北區,成德里,2023-06-12,0
台南市,北區,成德里,2023-06-19,0
台南市,北區,成德里,2023-06-26,0
台南市,北區,成德里,2023-07-03,0
台南市,北區,成德里,2023-07-10,0
台南市,北區,成德里,2023-07-17,0
台南市,北區,成德里,2023-07-24,0
台南市,北區,成德里,2023-07-31,0
台南市,北區,成德里,2023-08-07,1
台南市,北區,成德里,2023-08-14,2
台南市,北區,成德里,2023-08-21,0
台南市,北區,成德里,2023-08-28,5
台南市,北區,成德里,2023-09-04,6
台南市,北區,成德里,2023-09-11,4
台南市,北區,成德里,2023-09-18,4
台南市,北區,成德里,2023-09-25,8
台南市,北區,成德里,2023-10-02,7
台南市,北區,成德里,2023-10-09,5
台南市,北區,成德里,2023-10-16,14
台南市,北區,成德里,2023-10-23,9
台南市,北區,成德里,2023-10-30,1
台南市,北區,成德里,2023-11-06,3
台南市,北區,成德里,2023-11-13,9
台南市,北區,成德里,2023-11-20,7
台南市,北區,成德里,2023-11-27,3
台南市,北區,成德里,2023-12-04,2
台南市,北區,成德里,2023-12-11,1
台南市,北區,成德里,2023-12-18,0
台南市,北區,成德里,2023-12-25,0
台南市,北區,成德里,2024-01-01,0
台南市,北區,振興里,2023-06-12,0
台南市,北區,振興里,2023-06-19,0
台南市,北區,振興里,2023-06-26,0
台南市,北區,振興里,2023-07-03,0
台南市,北區,振興里,2023-07-10,0
台南市,北區,振興里,2023-07-17,0
台南市,北區,振興里,2023-07-24,0
台南市,北區,振興里,2023-07-31,0
台南市,北區,振興里,2023-08-07,0
台南市,北區,振興里,2023-08-14,1
台南市,北區,振興里,2023-08-21,1
台南市,北區,振興里,2023-08-28,1
台南市,北區,振興里,2023-09-04,1
台南市,北區,振興里,2023-09-11,5
台南市,北區,振興里,2023-09-18,4
台南市,北區,振興里,2023-09-25,8
台南市,北區,振興里,2023-10-02,8
台南市,北區,振興里,2023-10-09,7
台南市,北區,振興里,2023-10-16,5
台南市,北區,振興里,2023-10-23,3
台南市,北區,振興里,2023-10-30,5
台南市,北區,振興里,2023-11-06,7
台南市,北區,振興里,2023-11-13,3
台南市,北區,振興里,2023-11-20,0
台南市,北區,振興里,2023-11-27,2
台南市,北區,振興里,2023-12-04,1
台南市,北區,振興里,2023-12-11,2
台南市,北區,振興里,2023-12-18,2
台南市,北區,振興里,2023-12-25,0
台南市,北區,振興里,2024-01-01,0
台南市,北區,文元里,2023-06-12,0
台南市,北區,文元里,2023-06-19,0
台南市,北區,文元里,2023-06-26,0
台南市,北區,文元里,2023-07-03,0
台南市,北區,文元里,2023-07-10,0
台南市,北區,文元里,2023-07-17,0
台南市,北區,文元里,2023-07-24,0
台南市,北區,文元里,2023-07-31,0
台南市,北區,文元里,2023-08-07,0
台南市,北區,文元里,2023-08-14,1
台南市,北區,文元里,2023-08-21,1
台南市,北區,文元里,2023-08-28,1
台南市,北區,文元里,2023-09-04,1
台南市,北區,文元里,2023-09-11,8
台南市,北區,文元里,2023-09-18,6
台南市,北區,文元里,2023-09-25,9
台南市,北區,文元里,2023-10-02,10
台南市,北區,文元里,2023-10-09,7
台南市,北區,文元里,2023-10-16,9
台南市,北區,文元里,2023-10-23,9
台南市,北區,文元里,2023-10-30,9
台南市,北區,文元里,2023-11-06,5
台南市,北區,文元里,2023-11-13,6
台南市,北區,文元里,2023-11-20,1
台南市,北區,文元里,2023-11-27,1
台南市,北區,文元里,2023-12-04,2
台南市,北區,文元里,2023-12-11,0
台南市,北區,文元里,2023-12-18,1
台南市,北區,文元里,2023-12-25,0
台南市,北區,文元里,2024-01-01,0
台南市,北區,文成里,2023-06-12,0
台南市,北區,文成里,2023-06-19,0
台南市,北區,文成里,2023-06-26,0
台南市,北區,文成里,2023-07-03,0
台南市,北區,文成里,2023-07-10,0
台南市,北區,文成里,2023-07-17,1
台南市,北區,文成里,2023-07-24,0
台南市,北區,文成里,2023-07-31,0
台南市,北區,文成里,2023-08-07,0
台南市,北區,文成里,2023-08-14,0
台南市,北區,文成里,2023-08-21,0
台南市,北區,文成里,2023-08-28,0
台南市,北區,文成里,2023-09-04,4
台南市,北區,文成里,2023-09-11,8
台南市,北區,文成里,2023-09-18,5
台南市,北區,文成里,2023-09-25,5
台南市,北區,文成里,2023-10-02,11
台南市,北區,文成里,2023-10-09,7
台南市,北區,文成里,2023-10-16,5
台南市,北區,文成里,2023-10-23,1
台南市,北區,文成里,2023-10-30,4
台南市,北區,文成里,2023-11-06,3
台南市,北區,文成里,2023-11-13,1
台南市,北區,文成里,2023-11-20,2
台南市,北區,文成里,2023-11-27,2
台南市,北區,文成里,2023-12-04,0
台南市,北區,文成里,2023-12-11,0
台南市,北區,文成里,2023-12-18,0
台南市,北區,文成里,2023-12-25,0
台南市,北區,文成里,2024-01-01,0
台南市,北區,東興里,2023-06-12,0
台南市,北區,東興里,2023-06-19,0
台南市,北區,東興里,2023-06-26,0
台南市,北區,東興里,2023-07-03,0
台南市,北區,東興里,2023-07-10,0
台南市,北區,東興里,2023-07-17,0
台南市,北區,東興里,2023-07-24,0
台南市,北區,東興里,2023-07-31,0
台南市,北區,東興里,2023-08-07,0
台南市,北區,東興里,2023-08-14,1
台南市,北區,東興里,2023-08-21,0
台南市,北區,東興里,2023-08-28,8
台南市,北區,東興里,2023-09-04,10
台南市,北區,東興里,2023-09-11,4
台南市,北區,東興里,2023-09-18,5
台南市,北區,東興里,2023-09-25,9
台南市,北區,東興里,2023-10-02,13
台南市,北區,東興里,2023-10-09,7
台南市,北區,東興里,2023-10-16,4
台南市,北區,東興里,2023-10-23,2
台南市,北區,東興里,2023-10-30,8
台南市,北區,東興里,2023-11-06,2
台南市,北區,東興里,2023-11-13,1
台南市,北區,東興里,2023-11-20,2
台南市,北區,東興里,2023-11-27,1
台南市,北區,東興里,2023-12-04,0
台南市,北區,東興里,2023-12-11,0
台南市,北區,東興里,2023-12-18,0
台南市,北區,東興里,2023-12-25,0
台南市,北區,東興里,2024-01-01,0
台南市,北區,正覺里,2023-06-12,0
台南市,北區,正覺里,2023-06-19,0
台南市,北區,正覺里,2023-06-26,0
台南市,北區,正覺里,2023-07-03,0
台南市,北區,正覺里,2023-07-10,0
台南市,北區,正覺里,2023-07-17,0
台南市,北區,正覺里,2023-07-24,0
台南市,北區,正覺里,2023-07-31,0
台南市,北區,正覺里,2023-08-07,1
台南市,北區,正覺里,2023-08-14,1
台南市,北區,正覺里,2023-08-21,1
台南市,北區,正覺里,2023-08-28,3
台南市,北區,正覺里,2023-09-04,8
台南市,北區,正覺里,2023-09-11,18
台南市,北區,正覺里,2023-09-18,10
台南市,北區,正覺里,2023-09-25,10
台南市,北區,正覺里,2023-10-02,14
台南市,北區,正覺里,2023-10-09,14
台南市,北區,正覺里,2023-10-16,18
台南市,北區,正覺里,2023-10-23,11
台南市,北區,正覺里,2023-10-30,19
台南市,北區,正覺里,2023-11-06,11
台南市,北區,正覺里,2023-11-13,10
台南市,北區,正覺里,2023-11-20,6
台南市,北區,正覺里,2023-11-27,6
台南市,北區,正覺里,2023-12-04,0
台南市,北區,正覺里,2023-12-11,1
台南市,北區,正覺里,2023-12-18,0
台南市,北區,正覺里,2023-12-25,1
台南市,北區,正覺里,2024-01-01,0
台南市,北區,永祥里,2023-06-12,0
台南市,北區,永祥里,2023-06-19,0
台南市,北區,永祥里,2023-06-26,0
台南市,北區,永祥里,2023-07-03,0
台南市,北區,永祥里,2023-07-10,0
台南市,北區,永祥里,2023-07-17,1
台南市,北區,永祥里,2023-07-24,0
台南市,北區,永祥里,2023-07-31,1
台南市,北區,永祥里,2023-08-07,0
台南市,北區,永祥里,2023-08-14,1
台南市,北區,永祥里,2023-08-21,0
台南市,北區,永祥里,2023-08-28,1
台南市,北區,永祥里,2023-09-04,4
台南市,北區,永祥里,2023-09-11,11
台南市,北區,永祥里,2023-09-18,6
台南市,北區,永祥里,2023-09-25,20
台南市,北區,永祥里,2023-10-02,13
台南市,北區,永祥里,2023-10-09,12
台南市,北區,永祥里,2023-10-16,7
台南市,北區,永祥里,2023-10-23,11
台南市,北區,永祥里,2023-10-30,5
台南市,北區,永祥里,2023-11-06,13
台南市,北區,永祥里,2023-11-13,12
台南市,北區,永祥里,2023-11-20,2
台南市,北區,永祥里,2023-11-27,3
台南市,北區,永祥里,2023-12-04,0
台南市,北區,永祥里,2023-12-11,0
台南市,北區,永祥里,2023-12-18,0
台南市,北區,永祥里,2023-12-25,0
台南市,北區,永祥里,2024-01-01,0
台南市,北區,賢北里,2023-06-12,0
台南市,北區,賢北里,2023-06-19,0
台南市,北區,賢北里,2023-06-26,0
台南市,北區,賢北里,2023-07-03,0
台南市,北區,賢北里,2023-07-10,0
台南市,北區,賢北里,2023-07-17,0
台南市,北區,賢北里,2023-07-24,0
台南市,北區,賢北里,2023-07-31,0
台南市,北區,賢北里,2023-08-07,0
台南市,北區,賢北里,2023-08-14,0
台南市,北區,賢北里,2023-08-21,1
台南市,北區,賢北里,2023-08-28,0
台南市,北區,賢北里,2023-09-04,2
台南市,北區,賢北里,2023-09-11,2
台南市,北區,賢北里,2023-09-18,2
台南市,北區,賢北里,2023-09-25,4
台南市,北區,賢北里,2023-10-02,2
台南市,北區,賢北里,2023-10-09,2
台南市,北區,賢北里,2023-10-16,3
台南市,北區,賢北里,2023-10-23,4
台南市,北區,賢北里,2023-10-30,3
台南市,北區,賢北里,2023-11-06,16
台南市,北區,賢北里,2023-11-13,12
台南市,北區,賢北里,2023-11-20,7
台南市,北區,賢北里,2023-11-27,2
台南市,北區,賢北里,2023-12-04,0
台南市,北區,賢北里,2023-12-11,1
台南市,北區,賢北里,2023-12-18,0
台南市,北區,賢北里,2023-12-25,0
台南市,北區,賢北里,2024-01-01,0
台南市,北區,重興里,2023-06-12,0
台南市,北區,重興里,2023-06-19,0
台南市,北區,重興里,2023-06-26,0
台南市,北區,重興里,2023-07-03,0
台南市,北區,重興里,2023-07-10,0
台南市,北區,重興里,2023-07-17,0
台南市,北區,重興里,2023-07-24,0
台南市,北區,重興里,2023-07-31,0
台南市,北區,重興里,2023-08-07,0
台南市,北區,重興里,2023-08-14,0
台南市,北區,重興里,2023-08-21,0
台南市,北區,重興里,2023-08-28,2
台南市,北區,重興里,2023-09-04,5
台南市,北區,重興里,2023-09-11,2
台南市,北區,重興里,2023-09-18,4
台南市,北區,重興里,2023-09-25,2
台南市,北區,重興里,2023-10-02,1
台南市,北區,重興里,2023-10-09,0
台南市,北區,重興里,2023-10-16,1
台南市,北區,重興里,2023-10-23,1
台南市,北區,重興里,2023-10-30,2
台南市,北區,重興里,2023-11-06,2
台南市,北區,重興里,2023-11-13,1
台南市,北區,重興里,2023-11-20,3
台南市,北區,重興里,2023-11-27,0
台南市,北區,重興里,2023-12-04,0
台南市,北區,重興里,2023-12-11,0
台南市,北區,重興里,2023-12-18,0
台南市,北區,重興里,2023-12-25,0
台南市,北區,重興里,2024-01-01,0
台南市,北區,開元里,2023-06-12,0
台南市,北區,開元里,2023-06-19,0
台南市,北區,開元里,2023-06-26,0
台南市,北區,開元里,2023-07-03,0
台南市,北區,開元里,2023-07-10,0
台南市,北區,開元里,2023-07-17,0
台南市,北區,開元里,2023-07-24,0
台南市,北區,開元里,2023-07-31,0
台南市,北區,開元里,2023-08-07,0
台南市,北區,開元里,2023-08-14,0
台南市,北區,開元里,2023-08-21,1
台南市,北區,開元里,2023-08-28,1
台南市,北區,開元里,2023-09-04,4
台南市,北區,開元里,2023-09-11,2
台南市,北區,開元里,2023-09-18,1
台南市,北區,開元里,2023-09-25,3
台南市,北區,開元里,2023-10-02,9
台南市,北區,開元里,2023-10-09,2
台南市,北區,開元里,2023-10-16,7
台南市,北區,開元里,2023-10-23,4
台南市,北區,開元里,2023-10-30,3
台南市,北區,開元里,2023-11-06,1
台南市,北區,開元里,2023-11-13,3
台南市,北區,開元里,2023-11-20,4
台南市,北區,開元里,2023-11-27,2
台南市,北區,開元里,2023-12-04,0
台南市,北區,開元里,2023-12-11,1
台南市,北區,開元里,2023-12-18,0
台南市,北區,開元里,2023-12-25,1
台南市,北區,開元里,2024-01-01,0
台南市,北門區,三光里,2023-06-12,0
台南市,北門區,三光里,2023-06-19,0
台南市,北門區,三光里,2023-06-26,0
台南市,北門區,三光里,2023-07-03,0
台南市,北門區,三光里,2023-07-10,0
台南市,北門區,三光里,2023-07-17,0
台南市,北門區,三光里,2023-07-24,0
台南市,北門區,三光里,2023-07-31,0
台南市,北門區,三光里,2023-08-07,0
台南市,北門區,三光里,2023-08-14,0
台南市,北門區,三光里,2023-08-21,0
台南市,北門區,三光里,2023-08-28,0
台南市,北門區,三光里,2023-09-04,0
台南市,北門區,三光里,2023-09-11,0
台南市,北門區,三光里,2023-09-18,0
台南市,北門區,三光里,2023-09-25,0
台南市,北門區,三光里,2023-10-02,0
台南市,北門區,三光里,2023-10-09,0
台南市,北門區,三光里,2023-10-16,0
台南市,北門區,三光里,2023-10-23,0
台南市,北門區,三光里,2023-10-30,0
台南市,北門區,三光里,2023-11-06,0
台南市,北門區,三光里,2023-11-13,0
台南市,北門區,三光里,2023-11-20,0
台南市,北門區,三光里,2023-11-27,0
台南市,北門區,三光里,2023-12-04,0
台南市,北門區,三光里,2023-12-11,0
台南市,北門區,三光里,2023-12-18,0
台南市,北門區,三光里,2023-12-25,0
台南市,北門區,三光里,2024-01-01,0
台南市,北門區,保吉里,2023-06-12,0
台南市,北門區,保吉里,2023-06-19,0
台南市,北門區,保吉里,2023-06-26,0
台南市,北門區,保吉里,2023-07-03,0
台南市,北門區,保吉里,2023-07-10,0
台南市,北門區,保吉里,2023-07-17,0
台南市,北門區,保吉里,2023-07-24,0
台南市,北門區,保吉里,2023-07-31,0
台南市,北門區,保吉里,2023-08-07,0
台南市,北門區,保吉里,2023-08-14,0
台南市,北門區,保吉里,2023-08-21,0
台南市,北門區,保吉里,2023-08-28,0
台南市,北門區,保吉里,2023-09-04,0
台南市,北門區,保吉里,2023-09-11,0
台南市,北門區,保吉里,2023-09-18,0
台南市,北門區,保吉里,2023-09-25,0
台南市,北門區,保吉里,2023-10-02,0
台南市,北門區,保吉里,2023-10-09,0
台南市,北門區,保吉里,2023-10-16,0
台南市,北門區,保吉里,2023-10-23,0
台南市,北門區,保吉里,2023-10-30,0
台南市,北門區,保吉里,2023-11-06,0
台南市,北門區,保吉里,2023-11-13,0
台南市,北門區,保吉里,2023-11-20,0
台南市,北門區,保吉里,2023-11-27,0
台南市,北門區,保吉里,2023-12-04,0
台南市,北門區,保吉里,2023-12-11,0
台南市,北門區,保吉里,2023-12-18,0
台南市,北門區,保吉里,2023-12-25,0
台南市,北門區,保吉里,2024-01-01,0
台南市,北門區,北門里,2023-06-12,0
台南市,北門區,北門里,2023-06-19,0
台南市,北門區,北門里,2023-06-26,0
台南市,北門區,北門里,2023-07-03,0
台南市,北門區,北門里,2023-07-10,0
台南市,北門區,北門里,2023-07-17,0
台南市,北門區,北門里,2023-07-24,0
台南市,北門區,北門里,2023-07-31,0
台南市,北門區,北門里,2023-08-07,2
台南市,北門區,北門里,2023-08-14,3
台南市,北門區,北門里,2023-08-21,12
台南市,北門區,北門里,2023-08-28,14
台南市,北門區,北門里,2023-09-04,12
台南市,北門區,北門里,2023-09-11,33
台南市,北門區,北門里,2023-09-18,35
台南市,北門區,北門里,2023-09-25,27
台南市,北門區,北門里,2023-10-02,27
台南市,北門區,北門里,2023-10-09,15
台南市,北門區,北門里,2023-10-16,12
台南市,北門區,北門里,2023-10-23,12
台南市,北門區,北門里,2023-10-30,13
台南市,北門區,北門里,2023-11-06,15
台南市,北門區,北門里,2023-11-13,9
台南市,北門區,北門里,2023-11-20,4
台南市,北門區,北門里,2023-11-27,2
台南市,北門區,北門里,2023-12-04,0
台南市,北門區,北門里,2023-12-11,0
台南市,北門區,北門里,2023-12-18,0
台南市,北門區,北門里,2023-12-25,2
台南市,北門區,北門里,2024-01-01,0
台南市,北門區,慈安里,2023-06-12,0
台南市,北門區,慈安里,2023-06-19,0
台南市,北門區,慈安里,2023-06-26,0
台南市,北門區,慈安里,2023-07-03,0
台南市,北門區,慈安里,2023-07-10,0
台南市,北門區,慈安里,2023-07-17,0
台南市,北門區,慈安里,2023-07-24,0
台南市,北門區,慈安里,2023-07-31,0
台南市,北門區,慈安里,2023-08-07,0
台南市,北門區,慈安里,2023-08-14,0
台南市,北門區,慈安里,2023-08-21,0
台南市,北門區,慈安里,2023-08-28,0
台南市,北門區,慈安里,2023-09-04,0
台南市,北門區,慈安里,2023-09-11,0
台南市,北門區,慈安里,2023-09-18,0
台南市,北門區,慈安里,2023-09-25,0
台南市,北門區,慈安里,2023-10-02,0
台南市,北門區,慈安里,2023-10-09,0
台南市,北門區,慈安里,2023-10-16,0
台南市,北門區,慈安里,2023-10-23,0
台南市,北門區,慈安里,2023-10-30,0
台南市,北門區,慈安里,2023-11-06,0
台南市,北門區,慈安里,2023-11-13,0
台南市,北門區,慈安里,2023-11-20,0
台南市,北門區,慈安里,2023-11-27,0
台南市,北門區,慈安里,2023-12-04,0
台南市,北門區,慈安里,2023-12-11,0
台南市,北門區,慈安里,2023-12-18,0
台南市,北門區,慈安里,2023-12-25,0
台南市,北門區,慈安里,2024-01-01,0
台南市,北門區,永隆里,2023-06-12,0
台南市,北門區,永隆里,2023-06-19,0
台南市,北門區,永隆里,2023-06-26,0
台南市,北門區,永隆里,2023-07-03,0
台南市,北門區,永隆里,2023-07-10,0
台南市,北門區,永隆里,2023-07-17,0
台南市,北門區,永隆里,2023-07-24,0
台南市,北門區,永隆里,2023-07-31,0
台南市,北門區,永隆里,2023-08-07,0
台南市,北門區,永隆里,2023-08-14,0
台南市,北門區,永隆里,2023-08-21,0
台南市,北門區,永隆里,2023-08-28,0
台南市,北門區,永隆里,2023-09-04,0
台南市,北門區,永隆里,2023-09-11,0
台南市,北門區,永隆里,2023-09-18,0
台南市,北門區,永隆里,2023-09-25,0
台南市,北門區,永隆里,2023-10-02,0
台南市,北門區,永隆里,2023-10-09,0
台南市,北門區,永隆里,2023-10-16,0
台南市,北門區,永隆里,2023-10-23,0
台南市,北門區,永隆里,2023-10-30,0
台南市,北門區,永隆里,2023-11-06,0
台南市,北門區,永隆里,2023-11-13,0
台南市,北門區,永隆里,2023-11-20,0
台南市,北門區,永隆里,2023-11-27,0
台南市,北門區,永隆里,2023-12-04,0
台南市,北門區,永隆里,2023-12-11,0
台南市,北門區,永隆里,2023-12-18,0
台南市,北門區,永隆里,2023-12-25,0
台南市,北門區,永隆里,2024-01-01,0
台南市,北門區,玉港里,2023-06-12,0
台南市,北門區,玉港里,2023-06-19,0
台南市,北門區,玉港里,2023-06-26,0
台南市,北門區,玉港里,2023-07-03,0
台南市,北門區,玉港里,2023-07-10,0
台南市,北門區,玉港里,2023-07-17,0
台南市,北門區,玉港里,2023-07-24,0
台南市,北門區,玉港里,2023-07-31,0
台南市,北門區,玉港里,2023-08-07,0
台南市,北門區,玉港里,2023-08-14,0
台南市,北門區,玉港里,2023-08-21,0
台南市,北門區,玉港里,2023-08-28,0
台南市,北門區,玉港里,2023-09-04,0
台南市,北門區,玉港里,2023-09-11,0
台南市,北門區,玉港里,2023-09-18,0
台南市,北門區,玉港里,2023-09-25,0
台南市,北門區,玉港里,2023-10-02,0
台南市,北門區,玉港里,2023-10-09,0
台南市,北門區,玉港里,2023-10-16,0
台南市,北門區,玉港里,2023-10-23,0
台南市,北門區,玉港里,2023-10-30,0
台南市,北門區,玉港里,2023-11-06,0
台南市,北門區,玉港里,2023-11-13,0
台南市,北門區,玉港里,2023-11-20,0
台南市,北門區,玉港里,2023-11-27,0
台南市,北門區,玉港里,2023-12-04,0
台南市,北門區,玉港里,2023-12-11,0
台南市,北門區,玉港里,2023-12-18,0
台南市,北門區,玉港里,2023-12-25,0
台南市,北門區,玉港里,2024-01-01,0
台南市,北門區,錦湖里,2023-06-12,0
台南市,北門區,錦湖里,2023-06-19,0
台南市,北門區,錦湖里,2023-06-26,0
台南市,北門區,錦湖里,2023-07-03,0
台南市,北門區,錦湖里,2023-07-10,0
台南市,北門區,錦湖里,2023-07-17,0
台南市,北門區,錦湖里,2023-07-24,0
台南市,北門區,錦湖里,2023-07-31,0
台南市,北門區,錦湖里,2023-08-07,0
台南市,北門區,錦湖里,2023-08-14,0
台南市,北門區,錦湖里,2023-08-21,0
台南市,北門區,錦湖里,2023-08-28,0
台南市,北門區,錦湖里,2023-09-04,0
台南市,北門區,錦湖里,2023-09-11,0
台南市,北門區,錦湖里,2023-09-18,0
台南市,北門區,錦湖里,2023-09-25,0
台南市,北門區,錦湖里,2023-10-02,0
台南市,北門區,錦湖里,2023-10-09,0
台南市,北門區,錦湖里,2023-10-16,0
台南市,北門區,錦湖里,2023-10-23,0
台南市,北門區,錦湖里,2023-10-30,0
台南市,北門區,錦湖里,2023-11-06,0
台南市,北門區,錦湖里,2023-11-13,0
台南市,北門區,錦湖里,2023-11-20,0
台南市,北門區,錦湖里,2023-11-27,0
台南市,北門區,錦湖里,2023-12-04,0
台南市,北門區,錦湖里,2023-12-11,0
台南市,北門區,錦湖里,2023-12-18,0
台南市,北門區,錦湖里,2023-12-25,0
台南市,北門區,錦湖里,2024-01-01,0
台南市,北門區,雙春里,2023-06-12,0
台南市,北門區,雙春里,2023-06-19,0
台南市,北門區,雙春里,2023-06-26,0
台南市,北門區,雙春里,2023-07-03,0
台南市,北門區,雙春里,2023-07-10,0
台南市,北門區,雙春里,2023-07-17,0
台南市,北門區,雙春里,2023-07-24,0
台南市,北門區,雙春里,2023-07-31,0
台南市,北門區,雙春里,2023-08-07,0
台南市,北門區,雙春里,2023-08-14,0
台南市,北門區,雙春里,2023-08-21,0
台南市,北門區,雙春里,2023-08-28,0
台南市,北門區,雙春里,2023-09-04,0
台南市,北門區,雙春里,2023-09-11,0
台南市,北門區,雙春里,2023-09-18,0
台南市,北門區,雙春里,2023-09-25,0
台南市,北門區,雙春里,2023-10-02,0
台南市,北門區,雙春里,2023-10-09,0
台南市,北門區,雙春里,2023-10-16,0
台南市,北門區,雙春里,2023-10-23,0
台南市,北門區,雙春里,2023-10-30,0
台南市,北門區,雙春里,2023-11-06,0
台南市,北門區,雙春里,2023-11-13,0
台南市,北門區,雙春里,2023-11-20,0
台南市,北門區,雙春里,2023-11-27,0
台南市,北門區,雙春里,2023-12-04,0
台南市,北門區,雙春里,2023-12-11,0
台南市,北門區,雙春里,2023-12-18,0
台南市,北門區,雙春里,2023-12-25,0
台南市,北門區,雙春里,2024-01-01,0
台南市,南化區,北寮里,2023-06-12,0
台南市,南化區,北寮里,2023-06-19,0
台南市,南化區,北寮里,2023-06-26,0
台南市,南化區,北寮里,2023-07-03,0
台南市,南化區,北寮里,2023-07-10,0
台南市,南化區,北寮里,2023-07-17,0
台南市,南化區,北寮里,2023-07-24,0
台南市,南化區,北寮里,2023-07-31,0
台南市,南化區,北寮里,2023-08-07,0
台南市,南化區,北寮里,2023-08-14,0
台南市,南化區,北寮里,2023-08-21,0
台南市,南化區,北寮里,2023-08-28,0
台南市,南化區,北寮里,2023-09-04,0
台南市,南化區,北寮里,2023-09-11,0
台南市,南化區,北寮里,2023-09-18,0
台南市,南化區,北寮里,2023-09-25,0
台南市,南化區,北寮里,2023-10-02,0
台南市,南化區,北寮里,2023-10-09,0
台南市,南化區,北寮里,2023-10-16,0
台南市,南化區,北寮里,2023-10-23,0
台南市,南化區,北寮里,2023-10-30,0
台南市,南化區,北寮里,2023-11-06,0
台南市,南化區,北寮里,2023-11-13,0
台南市,南化區,北寮里,2023-11-20,0
台南市,南化區,北寮里,2023-11-27,0
台南市,南化區,北寮里,2023-12-04,0
台南市,南化區,北寮里,2023-12-11,0
台南市,南化區,北寮里,2023-12-18,0
台南市,南化區,北寮里,2023-12-25,0
台南市,南化區,北寮里,2024-01-01,0
台南市,南化區,北平里,2023-06-12,0
台南市,南化區,北平里,2023-06-19,0
台南市,南化區,北平里,2023-06-26,0
台南市,南化區,北平里,2023-07-03,0
台南市,南化區,北平里,2023-07-10,0
台南市,南化區,北平里,2023-07-17,0
台南市,南化區,北平里,2023-07-24,0
台南市,南化區,北平里,2023-07-31,0
台南市,南化區,北平里,2023-08-07,0
台南市,南化區,北平里,2023-08-14,0
台南市,南化區,北平里,2023-08-21,0
台南市,南化區,北平里,2023-08-28,0
台南市,南化區,北平里,2023-09-04,0
台南市,南化區,北平里,2023-09-11,0
台南市,南化區,北平里,2023-09-18,0
台南市,南化區,北平里,2023-09-25,0
台南市,南化區,北平里,2023-10-02,0
台南市,南化區,北平里,2023-10-09,0
台南市,南化區,北平里,2023-10-16,0
台南市,南化區,北平里,2023-10-23,0
台南市,南化區,北平里,2023-10-30,0
台南市,南化區,北平里,2023-11-06,0
台南市,南化區,北平里,2023-11-13,0
台南市,南化區,北平里,2023-11-20,0
台南市,南化區,北平里,2023-11-27,0
台南市,南化區,北平里,2023-12-04,0
台南市,南化區,北平里,2023-12-11,0
台南市,南化區,北平里,2023-12-18,0
台南市,南化區,北平里,2023-12-25,0
台南市,南化區,北平里,2024-01-01,0
台南市,南化區,南化里,2023-06-12,0
台南市,南化區,南化里,2023-06-19,0
台南市,南化區,南化里,2023-06-26,0
台南市,南化區,南化里,2023-07-03,0
台南市,南化區,南化里,2023-07-10,0
台南市,南化區,南化里,2023-07-17,0
台南市,南化區,南化里,2023-07-24,0
台南市,南化區,南化里,2023-07-31,0
台南市,南化區,南化里,2023-08-07,0
台南市,南化區,南化里,2023-08-14,0
台南市,南化區,南化里,2023-08-21,0
台南市,南化區,南化里,2023-08-28,0
台南市,南化區,南化里,2023-09-04,0
台南市,南化區,南化里,2023-09-11,0
台南市,南化區,南化里,2023-09-18,0
台南市,南化區,南化里,2023-09-25,0
台南市,南化區,南化里,2023-10-02,0
台南市,南化區,南化里,2023-10-09,0
台南市,南化區,南化里,2023-10-16,1
台南市,南化區,南化里,2023-10-23,0
台南市,南化區,南化里,2023-10-30,0
台南市,南化區,南化里,2023-11-06,0
台南市,南化區,南化里,2023-11-13,0
台南市,南化區,南化里,2023-11-20,0
台南市,南化區,南化里,2023-11-27,0
台南市,南化區,南化里,2023-12-04,0
台南市,南化區,南化里,2023-12-11,0
台南市,南化區,南化里,2023-12-18,0
台南市,南化區,南化里,2023-12-25,0
台南市,南化區,南化里,2024-01-01,0
台南市,南化區,小崙里,2023-06-12,0
台南市,南化區,小崙里,2023-06-19,0
台南市,南化區,小崙里,2023-06-26,0
台南市,南化區,小崙里,2023-07-03,0
台南市,南化區,小崙里,2023-07-10,0
台南市,南化區,小崙里,2023-07-17,0
台南市,南化區,小崙里,2023-07-24,0
台南市,南化區,小崙里,2023-07-31,0
台南市,南化區,小崙里,2023-08-07,0
台南市,南化區,小崙里,2023-08-14,0
台南市,南化區,小崙里,2023-08-21,0
台南市,南化區,小崙里,2023-08-28,0
台南市,南化區,小崙里,2023-09-04,0
台南市,南化區,小崙里,2023-09-11,0
台南市,南化區,小崙里,2023-09-18,0
台南市,南化區,小崙里,2023-09-25,0
台南市,南化區,小崙里,2023-10-02,0
台南市,南化區,小崙里,2023-10-09,0
台南市,南化區,小崙里,2023-10-16,0
台南市,南化區,小崙里,2023-10-23,0
台南市,南化區,小崙里,2023-10-30,0
台南市,南化區,小崙里,2023-11-06,0
台南市,南化區,小崙里,2023-11-13,0
台南市,南化區,小崙里,2023-11-20,0
台南市,南化區,小崙里,2023-11-27,0
台南市,南化區,小崙里,2023-12-04,0
台南市,南化區,小崙里,2023-12-11,0
台南市,南化區,小崙里,2023-12-18,0
台南市,南化區,小崙里,2023-12-25,0
台南市,南化區,小崙里,2024-01-01,0
台南市,南化區,西埔里,2023-06-12,0
台南市,南化區,西埔里,2023-06-19,0
台南市,南化區,西埔里,2023-06-26,0
台南市,南化區,西埔里,2023-07-03,0
台南市,南化區,西埔里,2023-07-10,0
台南市,南化區,西埔里,2023-07-17,1
台南市,南化區,西埔里,2023-07-24,0
台南市,南化區,西埔里,2023-07-31,0
台南市,南化區,西埔里,2023-08-07,0
台南市,南化區,西埔里,2023-08-14,0
台南市,南化區,西埔里,2023-08-21,0
台南市,南化區,西埔里,2023-08-28,0
台南市,南化區,西埔里,2023-09-04,0
台南市,南化區,西埔里,2023-09-11,3
台南市,南化區,西埔里,2023-09-18,0
台南市,南化區,西埔里,2023-09-25,0
台南市,南化區,西埔里,2023-10-02,0
台南市,南化區,西埔里,2023-10-09,1
台南市,南化區,西埔里,2023-10-16,0
台南市,南化區,西埔里,2023-10-23,1
台南市,南化區,西埔里,2023-10-30,0
台南市,南化區,西埔里,2023-11-06,0
台南市,南化區,西埔里,2023-11-13,0
台南市,南化區,西埔里,2023-11-20,1
台南市,南化區,西埔里,2023-11-27,1
台南市,南化區,西埔里,2023-12-04,0
台南市,南化區,西埔里,2023-12-11,0
台南市,南化區,西埔里,2023-12-18,0
台南市,南化區,西埔里,2023-12-25,0
台南市,南化區,西埔里,2024-01-01,0
台南市,南化區,關山里,2023-06-12,0
台南市,南化區,關山里,2023-06-19,0
台南市,南化區,關山里,2023-06-26,0
台南市,南化區,關山里,2023-07-03,0
台南市,南化區,關山里,2023-07-10,0
台南市,南化區,關山里,2023-07-17,0
台南市,南化區,關山里,2023-07-24,0
台南市,南化區,關山里,2023-07-31,0
台南市,南化區,關山里,2023-08-07,0
台南市,南化區,關山里,2023-08-14,0
台南市,南化區,關山里,2023-08-21,0
台南市,南化區,關山里,2023-08-28,0
台南市,南化區,關山里,2023-09-04,0
台南市,南化區,關山里,2023-09-11,0
台南市,南化區,關山里,2023-09-18,0
台南市,南化區,關山里,2023-09-25,0
台南市,南化區,關山里,2023-10-02,0
台南市,南化區,關山里,2023-10-09,0
台南市,南化區,關山里,2023-10-16,0
台南市,南化區,關山里,2023-10-23,0
台南市,南化區,關山里,2023-10-30,0
台南市,南化區,關山里,2023-11-06,0
台南市,南化區,關山里,2023-11-13,0
台南市,南化區,關山里,2023-11-20,0
台南市,南化區,關山里,2023-11-27,0
台南市,南化區,關山里,2023-12-04,0
台南市,南化區,關山里,2023-12-11,0
台南市,南化區,關山里,2023-12-18,0
台南市,南化區,關山里,2023-12-25,0
台南市,南化區,關山里,2024-01-01,0
台南市,南區,佛壇里,2023-06-12,0
台南市,南區,佛壇里,2023-06-19,0
台南市,南區,佛壇里,2023-06-26,0
台南市,南區,佛壇里,2023-07-03,0
台南市,南區,佛壇里,2023-07-10,0
台南市,南區,佛壇里,2023-07-17,0
台南市,南區,佛壇里,2023-07-24,0
台南市,南區,佛壇里,2023-07-31,0
台南市,南區,佛壇里,2023-08-07,0
台南市,南區,佛壇里,2023-08-14,1
台南市,南區,佛壇里,2023-08-21,1
台南市,南區,佛壇里,2023-08-28,1
台南市,南區,佛壇里,2023-09-04,2
台南市,南區,佛壇里,2023-09-11,6
台南市,南區,佛壇里,2023-09-18,1
台南市,南區,佛壇里,2023-09-25,5
台南市,南區,佛壇里,2023-10-02,2
台南市,南區,佛壇里,2023-10-09,6
台南市,南區,佛壇里,2023-10-16,2
台南市,南區,佛壇里,2023-10-23,3
台南市,南區,佛壇里,2023-10-30,3
台南市,南區,佛壇里,2023-11-06,5
台南市,南區,佛壇里,2023-11-13,1
台南市,南區,佛壇里,2023-11-20,5
台南市,南區,佛壇里,2023-11-27,1
台南市,南區,佛壇里,2023-12-04,2
台南市,南區,佛壇里,2023-12-11,0
台南市,南區,佛壇里,2023-12-18,0
台南市,南區,佛壇里,2023-12-25,0
台南市,南區,佛壇里,2024-01-01,0
台南市,南區,光明里,2023-06-12,0
台南市,南區,光明里,2023-06-19,0
台南市,南區,光明里,2023-06-26,0
台南市,南區,光明里,2023-07-03,0
台南市,南區,光明里,2023-07-10,0
台南市,南區,光明里,2023-07-17,0
台南市,南區,光明里,2023-07-24,0
台南市,南區,光明里,2023-07-31,0
台南市,南區,光明里,2023-08-07,1
台南市,南區,光明里,2023-08-14,0
台南市,南區,光明里,2023-08-21,2
台南市,南區,光明里,2023-08-28,5
台南市,南區,光明里,2023-09-04,8
台南市,南區,光明里,2023-09-11,11
台南市,南區,光明里,2023-09-18,5
台南市,南區,光明里,2023-09-25,17
台南市,南區,光明里,2023-10-02,17
台南市,南區,光明里,2023-10-09,20
台南市,南區,光明里,2023-10-16,14
台南市,南區,光明里,2023-10-23,5
台南市,南區,光明里,2023-10-30,5
台南市,南區,光明里,2023-11-06,5
台南市,南區,光明里,2023-11-13,1
台南市,南區,光明里,2023-11-20,0
台南市,南區,光明里,2023-11-27,1
台南市,南區,光明里,2023-12-04,0
台南市,南區,光明里,2023-12-11,0
台南市,南區,光明里,2023-12-18,0
台南市,南區,光明里,2023-12-25,0
台南市,南區,光明里,2024-01-01,0
台南市,南區,再興里,2023-06-12,0
台南市,南區,再興里,2023-06-19,0
台南市,南區,再興里,2023-06-26,0
台南市,南區,再興里,2023-07-03,0
台南市,南區,再興里,2023-07-10,0
台南市,南區,再興里,2023-07-17,0
台南市,南區,再興里,2023-07-24,0
台南市,南區,再興里,2023-07-31,0
台南市,南區,再興里,2023-08-07,1
台南市,南區,再興里,2023-08-14,0
台南市,南區,再興里,2023-08-21,0
台南市,南區,再興里,2023-08-28,0
台南市,南區,再興里,2023-09-04,1
台南市,南區,再興里,2023-09-11,10
台南市,南區,再興里,2023-09-18,5
台南市,南區,再興里,2023-09-25,14
台南市,南區,再興里,2023-10-02,21
台南市,南區,再興里,2023-10-09,5
台南市,南區,再興里,2023-10-16,7
台南市,南區,再興里,2023-10-23,9
台南市,南區,再興里,2023-10-30,9
台南市,南區,再興里,2023-11-06,8
台南市,南區,再興里,2023-11-13,3
台南市,南區,再興里,2023-11-20,2
台南市,南區,再興里,2023-11-27,2
台南市,南區,再興里,2023-12-04,1
台南市,南區,再興里,2023-12-11,0
台南市,南區,再興里,2023-12-18,0
台南市,南區,再興里,2023-12-25,0
台南市,南區,再興里,2024-01-01,0
台南市,南區,南華里,2023-06-12,0
台南市,南區,南華里,2023-06-19,0
台南市,南區,南華里,2023-06-26,0
台南市,南區,南華里,2023-07-03,0
台南市,南區,南華里,2023-07-10,0
台南市,南區,南華里,2023-07-17,0
台南市,南區,南華里,2023-07-24,0
台南市,南區,南華里,2023-07-31,0
台南市,南區,南華里,2023-08-07,1
台南市,南區,南華里,2023-08-14,6
台南市,南區,南華里,2023-08-21,16
台南市,南區,南華里,2023-08-28,4
台南市,南區,南華里,2023-09-04,19
台南市,南區,南華里,2023-09-11,14
台南市,南區,南華里,2023-09-18,5
台南市,南區,南華里,2023-09-25,6
台南市,南區,南華里,2023-10-02,17
台南市,南區,南華里,2023-10-09,15
台南市,南區,南華里,2023-10-16,7
台南市,南區,南華里,2023-10-23,5
台南市,南區,南華里,2023-10-30,2
台南市,南區,南華里,2023-11-06,7
台南市,南區,南華里,2023-11-13,0
台南市,南區,南華里,2023-11-20,0
台南市,南區,南華里,2023-11-27,0
台南市,南區,南華里,2023-12-04,0
台南市,南區,南華里,2023-12-11,0
台南市,南區,南華里,2023-12-18,0
台南市,南區,南華里,2023-12-25,0
台南市,南區,南華里,2024-01-01,0
台南市,南區,南都里,2023-06-12,0
台南市,南區,南都里,2023-06-19,0
台南市,南區,南都里,2023-06-26,0
台南市,南區,南都里,2023-07-03,0
台南市,南區,南都里,2023-07-10,0
台南市,南區,南都里,2023-07-17,0
台南市,南區,南都里,2023-07-24,0
台南市,南區,南都里,2023-07-31,1
台南市,南區,南都里,2023-08-07,1
台南市,南區,南都里,2023-08-14,1
台南市,南區,南都里,2023-08-21,0
台南市,南區,南都里,2023-08-28,3
台南市,南區,南都里,2023-09-04,2
台南市,南區,南都里,2023-09-11,10
台南市,南區,南都里,2023-09-18,12
台南市,南區,南都里,2023-09-25,10
台南市,南區,南都里,2023-10-02,19
台南市,南區,南都里,2023-10-09,7
台南市,南區,南都里,2023-10-16,4
台南市,南區,南都里,2023-10-23,4
台南市,南區,南都里,2023-10-30,0
台南市,南區,南都里,2023-11-06,3
台南市,南區,南都里,2023-11-13,2
台南市,南區,南都里,2023-11-20,1
台南市,南區,南都里,2023-11-27,1
台南市,南區,南都里,2023-12-04,0
台南市,南區,南都里,2023-12-11,0
台南市,南區,南都里,2023-12-18,0
台南市,南區,南都里,2023-12-25,0
台南市,南區,南都里,2024-01-01,0
台南市,南區,同安里,2023-06-12,0
台南市,南區,同安里,2023-06-19,0
台南市,南區,同安里,2023-06-26,0
台南市,南區,同安里,2023-07-03,0
台南市,南區,同安里,2023-07-10,0
台南市,南區,同安里,2023-07-17,0
台南市,南區,同安里,2023-07-24,0
台南市,南區,同安里,2023-07-31,0
台南市,南區,同安里,2023-08-07,0
台南市,南區,同安里,2023-08-14,1
台南市,南區,同安里,2023-08-21,0
台南市,南區,同安里,2023-08-28,0
台南市,南區,同安里,2023-09-04,0
台南市,南區,同安里,2023-09-11,1
台南市,南區,同安里,2023-09-18,1
台南市,南區,同安里,2023-09-25,0
台南市,南區,同安里,2023-10-02,1
台南市,南區,同安里,2023-10-09,0
台南市,南區,同安里,2023-10-16,2
台南市,南區,同安里,2023-10-23,0
台南市,南區,同安里,2023-10-30,0
台南市,南區,同安里,2023-11-06,1
台南市,南區,同安里,2023-11-13,1
台南市,南區,同安里,2023-11-20,2
台南市,南區,同安里,2023-11-27,1
台南市,南區,同安里,2023-12-04,0
台南市,南區,同安里,2023-12-11,1
台南市,南區,同安里,2023-12-18,1
台南市,南區,同安里,2023-12-25,1
台南市,南區,同安里,2024-01-01,0
台南市,南區,喜北里,2023-06-12,0
台南市,南區,喜北里,2023-06-19,0
台南市,南區,喜北里,2023-06-26,0
台南市,南區,喜北里,2023-07-03,0
台南市,南區,喜北里,2023-07-10,0
台南市,南區,喜北里,2023-07-17,0
台南市,南區,喜北里,2023-07-24,0
台南市,南區,喜北里,2023-07-31,0
台南市,南區,喜北里,2023-08-07,0
台南市,南區,喜北里,2023-08-14,1
台南市,南區,喜北里,2023-08-21,0
台南市,南區,喜北里,2023-08-28,0
台南市,南區,喜北里,2023-09-04,1
台南市,南區,喜北里,2023-09-11,0
台南市,南區,喜北里,2023-09-18,2
台南市,南區,喜北里,2023-09-25,0
台南市,南區,喜北里,2023-10-02,2
台南市,南區,喜北里,2023-10-09,0
台南市,南區,喜北里,2023-10-16,3
台南市,南區,喜北里,2023-10-23,0
台南市,南區,喜北里,2023-10-30,1
台南市,南區,喜北里,2023-11-06,4
台南市,南區,喜北里,2023-11-13,0
台南市,南區,喜北里,2023-11-20,1
台南市,南區,喜北里,2023-11-27,0
台南市,南區,喜北里,2023-12-04,0
台南市,南區,喜北里,2023-12-11,0
台南市,南區,喜北里,2023-12-18,0
台南市,南區,喜北里,2023-12-25,0
台南市,南區,喜北里,2024-01-01,0
台南市,南區,喜南里,2023-06-12,0
台南市,南區,喜南里,2023-06-19,0
台南市,南區,喜南里,2023-06-26,0
台南市,南區,喜南里,2023-07-03,0
台南市,南區,喜南里,2023-07-10,0
台南市,南區,喜南里,2023-07-17,0
台南市,南區,喜南里,2023-07-24,0
台南市,南區,喜南里,2023-07-31,0
台南市,南區,喜南里,2023-08-07,0
台南市,南區,喜南里,2023-08-14,0
台南市,南區,喜南里,2023-08-21,0
台南市,南區,喜南里,2023-08-28,0
台南市,南區,喜南里,2023-09-04,0
台南市,南區,喜南里,2023-09-11,0
台南市,南區,喜南里,2023-09-18,1
台南市,南區,喜南里,2023-09-25,0
台南市,南區,喜南里,2023-10-02,1
台南市,南區,喜南里,2023-10-09,0
台南市,南區,喜南里,2023-10-16,0
台南市,南區,喜南里,2023-10-23,0
台南市,南區,喜南里,2023-10-30,0
台南市,南區,喜南里,2023-11-06,0
台南市,南區,喜南里,2023-11-13,1
台南市,南區,喜南里,2023-11-20,2
台南市,南區,喜南里,2023-11-27,0
台南市,南區,喜南里,2023-12-04,0
台南市,南區,喜南里,2023-12-11,0
台南市,南區,喜南里,2023-12-18,0
台南市,南區,喜南里,2023-12-25,0
台南市,南區,喜南里,2024-01-01,0
台南市,南區,喜東里,2023-06-12,0
台南市,南區,喜東里,2023-06-19,0
台南市,南區,喜東里,2023-06-26,0
台南市,南區,喜東里,2023-07-03,0
台南市,南區,喜東里,2023-07-10,0
台南市,南區,喜東里,2023-07-17,0
台南市,南區,喜東里,2023-07-24,0
台南市,南區,喜東里,2023-07-31,0
台南市,南區,喜東里,2023-08-07,0
台南市,南區,喜東里,2023-08-14,1
台南市,南區,喜東里,2023-08-21,0
台南市,南區,喜東里,2023-08-28,0
台南市,南區,喜東里,2023-09-04,0
台南市,南區,喜東里,2023-09-11,1
台南市,南區,喜東里,2023-09-18,0
台南市,南區,喜東里,2023-09-25,1
台南市,南區,喜東里,2023-10-02,4
台南市,南區,喜東里,2023-10-09,4
台南市,南區,喜東里,2023-10-16,3
台南市,南區,喜東里,2023-10-23,3
台南市,南區,喜東里,2023-10-30,0
台南市,南區,喜東里,2023-11-06,1
台南市,南區,喜東里,2023-11-13,0
台南市,南區,喜東里,2023-11-20,1
台南市,南區,喜東里,2023-11-27,0
台南市,南區,喜東里,2023-12-04,1
台南市,南區,喜東里,2023-12-11,0
台南市,南區,喜東里,2023-12-18,0
台南市,南區,喜東里,2023-12-25,0
台南市,南區,喜東里,2024-01-01,1
台南市,南區,國宅里,2023-06-12,0
台南市,南區,國宅里,2023-06-19,0
台南市,南區,國宅里,2023-06-26,0
台南市,南區,國宅里,2023-07-03,1
台南市,南區,國宅里,2023-07-10,0
台南市,南區,國宅里,2023-07-17,0
台南市,南區,國宅里,2023-07-24,0
台南市,南區,國宅里,2023-07-31,0
台南市,南區,國宅里,2023-08-07,0
台南市,南區,國宅里,2023-08-14,0
台南市,南區,國宅里,2023-08-21,0
台南市,南區,國宅里,2023-08-28,5
台南市,南區,國宅里,2023-09-04,6
台南市,南區,國宅里,2023-09-11,17
台南市,南區,國宅里,2023-09-18,12
台南市,南區,國宅里,2023-09-25,21
台南市,南區,國宅里,2023-10-02,30
台南市,南區,國宅里,2023-10-09,22
台南市,南區,國宅里,2023-10-16,6
台南市,南區,國宅里,2023-10-23,4
台南市,南區,國宅里,2023-10-30,1
台南市,南區,國宅里,2023-11-06,2
台南市,南區,國宅里,2023-11-13,0
台南市,南區,國宅里,2023-11-20,0
台南市,南區,國宅里,2023-11-27,1
台南市,南區,國宅里,2023-12-04,2
台南市,南區,國宅里,2023-12-11,1
台南市,南區,國宅里,2023-12-18,0
台南市,南區,國宅里,2023-12-25,0
台南市,南區,國宅里,2024-01-01,0
台南市,南區,大忠里,2023-06-12,0
台南市,南區,大忠里,2023-06-19,0
台南市,南區,大忠里,2023-06-26,0
台南市,南區,大忠里,2023-07-03,1
台南市,南區,大忠里,2023-07-10,0
台南市,南區,大忠里,2023-07-17,0
台南市,南區,大忠里,2023-07-24,0
台南市,南區,大忠里,2023-07-31,0
台南市,南區,大忠里,2023-08-07,0
台南市,南區,大忠里,2023-08-14,0
台南市,南區,大忠里,2023-08-21,0
台南市,南區,大忠里,2023-08-28,1
台南市,南區,大忠里,2023-09-04,0
台南市,南區,大忠里,2023-09-11,9
台南市,南區,大忠里,2023-09-18,8
台南市,南區,大忠里,2023-09-25,2
台南市,南區,大忠里,2023-10-02,11
台南市,南區,大忠里,2023-10-09,7
台南市,南區,大忠里,2023-10-16,8
台南市,南區,大忠里,2023-10-23,10
台南市,南區,大忠里,2023-10-30,6
台南市,南區,大忠里,2023-11-06,4
台南市,南區,大忠里,2023-11-13,3
台南市,南區,大忠里,2023-11-20,2
台南市,南區,大忠里,2023-11-27,3
台南市,南區,大忠里,2023-12-04,0
台南市,南區,大忠里,2023-12-11,0
台南市,南區,大忠里,2023-12-18,0
台南市,南區,大忠里,2023-12-25,1
台南市,南區,大忠里,2024-01-01,0
台南市,南區,大恩里,2023-06-12,0
台南市,南區,大恩里,2023-06-19,0
台南市,南區,大恩里,2023-06-26,0
台南市,南區,大恩里,2023-07-03,0
台南市,南區,大恩里,2023-07-10,0
台南市,南區,大恩里,2023-07-17,0
台南市,南區,大恩里,2023-07-24,0
台南市,南區,大恩里,2023-07-31,0
台南市,南區,大恩里,2023-08-07,0
台南市,南區,大恩里,2023-08-14,0
台南市,南區,大恩里,2023-08-21,3
台南市,南區,大恩里,2023-08-28,1
台南市,南區,大恩里,2023-09-04,6
台南市,南區,大恩里,2023-09-11,2
台南市,南區,大恩里,2023-09-18,5
台南市,南區,大恩里,2023-09-25,5
台南市,南區,大恩里,2023-10-02,6
台南市,南區,大恩里,2023-10-09,5
台南市,南區,大恩里,2023-10-16,6
台南市,南區,大恩里,2023-10-23,14
台南市,南區,大恩里,2023-10-30,8
台南市,南區,大恩里,2023-11-06,12
台南市,南區,大恩里,2023-11-13,3
台南市,南區,大恩里,2023-11-20,3
台南市,南區,大恩里,2023-11-27,0
台南市,南區,大恩里,2023-12-04,0
台南市,南區,大恩里,2023-12-11,0
台南市,南區,大恩里,2023-12-18,0
台南市,南區,大恩里,2023-12-25,0
台南市,南區,大恩里,2024-01-01,0
台南市,南區,大成里,2023-06-12,0
台南市,南區,大成里,2023-06-19,0
台南市,南區,大成里,2023-06-26,0
台南市,南區,大成里,2023-07-03,0
台南市,南區,大成里,2023-07-10,0
台南市,南區,大成里,2023-07-17,0
台南市,南區,大成里,2023-07-24,1
台南市,南區,大成里,2023-07-31,0
台南市,南區,大成里,2023-08-07,1
台南市,南區,大成里,2023-08-14,0
台南市,南區,大成里,2023-08-21,0
台南市,南區,大成里,2023-08-28,0
台南市,南區,大成里,2023-09-04,1
台南市,南區,大成里,2023-09-11,3
台南市,南區,大成里,2023-09-18,2
台南市,南區,大成里,2023-09-25,3
台南市,南區,大成里,2023-10-02,2
台南市,南區,大成里,2023-10-09,4
台南市,南區,大成里,2023-10-16,5
台南市,南區,大成里,2023-10-23,2
台南市,南區,大成里,2023-10-30,3
台南市,南區,大成里,2023-11-06,2
台南市,南區,大成里,2023-11-13,0
台南市,南區,大成里,2023-11-20,2
台南市,南區,大成里,2023-11-27,0
台南市,南區,大成里,2023-12-04,0
台南市,南區,大成里,2023-12-11,0
台南市,南區,大成里,2023-12-18,0
台南市,南區,大成里,2023-12-25,0
台南市,南區,大成里,2024-01-01,0
台南市,南區,大林里,2023-06-12,0
台南市,南區,大林里,2023-06-19,0
台南市,南區,大林里,2023-06-26,0
台南市,南區,大林里,2023-07-03,0
台南市,南區,大林里,2023-07-10,0
台南市,南區,大林里,2023-07-17,0
台南市,南區,大林里,2023-07-24,0
台南市,南區,大林里,2023-07-31,0
台南市,南區,大林里,2023-08-07,0
台南市,南區,大林里,2023-08-14,0
台南市,南區,大林里,2023-08-21,0
台南市,南區,大林里,2023-08-28,1
台南市,南區,大林里,2023-09-04,0
台南市,南區,大林里,2023-09-11,2
台南市,南區,大林里,2023-09-18,3
台南市,南區,大林里,2023-09-25,4
台南市,南區,大林里,2023-10-02,3
台南市,南區,大林里,2023-10-09,8
台南市,南區,大林里,2023-10-16,2
台南市,南區,大林里,2023-10-23,2
台南市,南區,大林里,2023-10-30,3
台南市,南區,大林里,2023-11-06,0
台南市,南區,大林里,2023-11-13,1
台南市,南區,大林里,2023-11-20,0
台南市,南區,大林里,2023-11-27,2
台南市,南區,大林里,2023-12-04,0
台南市,南區,大林里,2023-12-11,0
台南市,南區,大林里,2023-12-18,0
台南市,南區,大林里,2023-12-25,0
台南市,南區,大林里,2024-01-01,0
台南市,南區,府南里,2023-06-12,0
台南市,南區,府南里,2023-06-19,0
台南市,南區,府南里,2023-06-26,0
台南市,南區,府南里,2023-07-03,0
台南市,南區,府南里,2023-07-10,0
台南市,南區,府南里,2023-07-17,0
台南市,南區,府南里,2023-07-24,2
台南市,南區,府南里,2023-07-31,1
台南市,南區,府南里,2023-08-07,2
台南市,南區,府南里,2023-08-14,5
台南市,南區,府南里,2023-08-21,6
台南市,南區,府南里,2023-08-28,19
台南市,南區,府南里,2023-09-04,17
台南市,南區,府南里,2023-09-11,30
台南市,南區,府南里,2023-09-18,27
台南市,南區,府南里,2023-09-25,25
台南市,南區,府南里,2023-10-02,19
台南市,南區,府南里,2023-10-09,15
台南市,南區,府南里,2023-10-16,16
台南市,南區,府南里,2023-10-23,8
台南市,南區,府南里,2023-10-30,6
台南市,南區,府南里,2023-11-06,3
台南市,南區,府南里,2023-11-13,5
台南市,南區,府南里,2023-11-20,1
台南市,南區,府南里,2023-11-27,2
台南市,南區,府南里,2023-12-04,0
台南市,南區,府南里,2023-12-11,0
台南市,南區,府南里,2023-12-18,0
台南市,南區,府南里,2023-12-25,0
台南市,南區,府南里,2024-01-01,0
台南市,南區,廣州里,2023-06-12,0
台南市,南區,廣州里,2023-06-19,0
台南市,南區,廣州里,2023-06-26,0
台南市,南區,廣州里,2023-07-03,0
台南市,南區,廣州里,2023-07-10,0
台南市,南區,廣州里,2023-07-17,0
台南市,南區,廣州里,2023-07-24,0
台南市,南區,廣州里,2023-07-31,0
台南市,南區,廣州里,2023-08-07,0
台南市,南區,廣州里,2023-08-14,1
台南市,南區,廣州里,2023-08-21,0
台南市,南區,廣州里,2023-08-28,1
台南市,南區,廣州里,2023-09-04,2
台南市,南區,廣州里,2023-09-11,4
台南市,南區,廣州里,2023-09-18,1
台南市,南區,廣州里,2023-09-25,6
台南市,南區,廣州里,2023-10-02,10
台南市,南區,廣州里,2023-10-09,18
台南市,南區,廣州里,2023-10-16,8
台南市,南區,廣州里,2023-10-23,4
台南市,南區,廣州里,2023-10-30,3
台南市,南區,廣州里,2023-11-06,4
台南市,南區,廣州里,2023-11-13,2
台南市,南區,廣州里,2023-11-20,3
台南市,南區,廣州里,2023-11-27,1
台南市,南區,廣州里,2023-12-04,1
台南市,南區,廣州里,2023-12-11,1
台南市,南區,廣州里,2023-12-18,0
台南市,南區,廣州里,2023-12-25,1
台南市,南區,廣州里,2024-01-01,0
台南市,南區,建南里,2023-06-12,0
台南市,南區,建南里,2023-06-19,0
台南市,南區,建南里,2023-06-26,0
台南市,南區,建南里,2023-07-03,0
台南市,南區,建南里,2023-07-10,0
台南市,南區,建南里,2023-07-17,0
台南市,南區,建南里,2023-07-24,0
台南市,南區,建南里,2023-07-31,0
台南市,南區,建南里,2023-08-07,1
台南市,南區,建南里,2023-08-14,0
台南市,南區,建南里,2023-08-21,2
台南市,南區,建南里,2023-08-28,9
台南市,南區,建南里,2023-09-04,10
台南市,南區,建南里,2023-09-11,10
台南市,南區,建南里,2023-09-18,16
台南市,南區,建南里,2023-09-25,16
台南市,南區,建南里,2023-10-02,35
台南市,南區,建南里,2023-10-09,29
台南市,南區,建南里,2023-10-16,20
台南市,南區,建南里,2023-10-23,13
台南市,南區,建南里,2023-10-30,3
台南市,南區,建南里,2023-11-06,8
台南市,南區,建南里,2023-11-13,15
台南市,南區,建南里,2023-11-20,5
台南市,南區,建南里,2023-11-27,5
台南市,南區,建南里,2023-12-04,2
台南市,南區,建南里,2023-12-11,2
台南市,南區,建南里,2023-12-18,1
台南市,南區,建南里,2023-12-25,0
台南市,南區,建南里,2024-01-01,0
台南市,南區,彰南里,2023-06-12,0
台南市,南區,彰南里,2023-06-19,0
台南市,南區,彰南里,2023-06-26,0
台南市,南區,彰南里,2023-07-03,0
台南市,南區,彰南里,2023-07-10,0
台南市,南區,彰南里,2023-07-17,0
台南市,南區,彰南里,2023-07-24,0
台南市,南區,彰南里,2023-07-31,0
台南市,南區,彰南里,2023-08-07,0
台南市,南區,彰南里,2023-08-14,0
台南市,南區,彰南里,2023-08-21,0
台南市,南區,彰南里,2023-08-28,0
台南市,南區,彰南里,2023-09-04,1
台南市,南區,彰南里,2023-09-11,0
台南市,南區,彰南里,2023-09-18,1
台南市,南區,彰南里,2023-09-25,4
台南市,南區,彰南里,2023-10-02,6
台南市,南區,彰南里,2023-10-09,0
台南市,南區,彰南里,2023-10-16,2
台南市,南區,彰南里,2023-10-23,3
台南市,南區,彰南里,2023-10-30,2
台南市,南區,彰南里,2023-11-06,2
台南市,南區,彰南里,2023-11-13,0
台南市,南區,彰南里,2023-11-20,2
台南市,南區,彰南里,2023-11-27,0
台南市,南區,彰南里,2023-12-04,0
台南市,南區,彰南里,2023-12-11,0
台南市,南區,彰南里,2023-12-18,0
台南市,南區,彰南里,2023-12-25,0
台南市,南區,彰南里,2024-01-01,0
台南市,南區,文南里,2023-06-12,0
台南市,南區,文南里,2023-06-19,0
台南市,南區,文南里,2023-06-26,0
台南市,南區,文南里,2023-07-03,0
台南市,南區,文南里,2023-07-10,0
台南市,南區,文南里,2023-07-17,0
台南市,南區,文南里,2023-07-24,0
台南市,南區,文南里,2023-07-31,0
台南市,南區,文南里,2023-08-07,0
台南市,南區,文南里,2023-08-14,1
台南市,南區,文南里,2023-08-21,1
台南市,南區,文南里,2023-08-28,1
台南市,南區,文南里,2023-09-04,5
台南市,南區,文南里,2023-09-11,6
台南市,南區,文南里,2023-09-18,8
台南市,南區,文南里,2023-09-25,7
台南市,南區,文南里,2023-10-02,10
台南市,南區,文南里,2023-10-09,8
台南市,南區,文南里,2023-10-16,8
台南市,南區,文南里,2023-10-23,2
台南市,南區,文南里,2023-10-30,5
台南市,南區,文南里,2023-11-06,6
台南市,南區,文南里,2023-11-13,4
台南市,南區,文南里,2023-11-20,2
台南市,南區,文南里,2023-11-27,6
台南市,南區,文南里,2023-12-04,0
台南市,南區,文南里,2023-12-11,1
台南市,南區,文南里,2023-12-18,0
台南市,南區,文南里,2023-12-25,0
台南市,南區,文南里,2024-01-01,0
台南市,南區,文華里,2023-06-12,0
台南市,南區,文華里,2023-06-19,0
台南市,南區,文華里,2023-06-26,0
台南市,南區,文華里,2023-07-03,0
台南市,南區,文華里,2023-07-10,0
台南市,南區,文華里,2023-07-17,0
台南市,南區,文華里,2023-07-24,0
台南市,南區,文華里,2023-07-31,0
台南市,南區,文華里,2023-08-07,0
台南市,南區,文華里,2023-08-14,0
台南市,南區,文華里,2023-08-21,0
台南市,南區,文華里,2023-08-28,0
台南市,南區,文華里,2023-09-04,1
台南市,南區,文華里,2023-09-11,2
台南市,南區,文華里,2023-09-18,15
台南市,南區,文華里,2023-09-25,5
台南市,南區,文華里,2023-10-02,6
台南市,南區,文華里,2023-10-09,6
台南市,南區,文華里,2023-10-16,14
台南市,南區,文華里,2023-10-23,12
台南市,南區,文華里,2023-10-30,4
台南市,南區,文華里,2023-11-06,1
台南市,南區,文華里,2023-11-13,5
台南市,南區,文華里,2023-11-20,3
台南市,南區,文華里,2023-11-27,0
台南市,南區,文華里,2023-12-04,2
台南市,南區,文華里,2023-12-11,0
台南市,南區,文華里,2023-12-18,0
台南市,南區,文華里,2023-12-25,0
台南市,南區,文華里,2024-01-01,0
台南市,南區,新昌里,2023-06-12,0
台南市,南區,新昌里,2023-06-19,0
台南市,南區,新昌里,2023-06-26,0
台南市,南區,新昌里,2023-07-03,0
台南市,南區,新昌里,2023-07-10,0
台南市,南區,新昌里,2023-07-17,0
台南市,南區,新昌里,2023-07-24,0
台南市,南區,新昌里,2023-07-31,0
台南市,南區,新昌里,2023-08-07,0
台南市,南區,新昌里,2023-08-14,0
台南市,南區,新昌里,2023-08-21,2
台南市,南區,新昌里,2023-08-28,1
台南市,南區,新昌里,2023-09-04,0
台南市,南區,新昌里,2023-09-11,2
台南市,南區,新昌里,2023-09-18,1
台南市,南區,新昌里,2023-09-25,3
台南市,南區,新昌里,2023-10-02,9
台南市,南區,新昌里,2023-10-09,7
台南市,南區,新昌里,2023-10-16,8
台南市,南區,新昌里,2023-10-23,18
台南市,南區,新昌里,2023-10-30,7
台南市,南區,新昌里,2023-11-06,5
台南市,南區,新昌里,2023-11-13,7
台南市,南區,新昌里,2023-11-20,5
台南市,南區,新昌里,2023-11-27,1
台南市,南區,新昌里,2023-12-04,0
台南市,南區,新昌里,2023-12-11,0
台南市,南區,新昌里,2023-12-18,0
台南市,南區,新昌里,2023-12-25,0
台南市,南區,新昌里,2024-01-01,0
台南市,南區,新生里,2023-06-12,0
台南市,南區,新生里,2023-06-19,0
台南市,南區,新生里,2023-06-26,0
台南市,南區,新生里,2023-07-03,0
台南市,南區,新生里,2023-07-10,0
台南市,南區,新生里,2023-07-17,0
台南市,南區,新生里,2023-07-24,0
台南市,南區,新生里,2023-07-31,1
台南市,南區,新生里,2023-08-07,0
台南市,南區,新生里,2023-08-14,0
台南市,南區,新生里,2023-08-21,1
台南市,南區,新生里,2023-08-28,3
台南市,南區,新生里,2023-09-04,1
台南市,南區,新生里,2023-09-11,0
台南市,南區,新生里,2023-09-18,1
台南市,南區,新生里,2023-09-25,5
台南市,南區,新生里,2023-10-02,4
台南市,南區,新生里,2023-10-09,3
台南市,南區,新生里,2023-10-16,4
台南市,南區,新生里,2023-10-23,5
台南市,南區,新生里,2023-10-30,6
台南市,南區,新生里,2023-11-06,1
台南市,南區,新生里,2023-11-13,2
台南市,南區,新生里,2023-11-20,0
台南市,南區,新生里,2023-11-27,0
台南市,南區,新生里,2023-12-04,1
台南市,南區,新生里,2023-12-11,0
台南市,南區,新生里,2023-12-18,0
台南市,南區,新生里,2023-12-25,0
台南市,南區,新生里,2024-01-01,0
台南市,南區,新興里,2023-06-12,0
台南市,南區,新興里,2023-06-19,0
台南市,南區,新興里,2023-06-26,0
台南市,南區,新興里,2023-07-03,0
台南市,南區,新興里,2023-07-10,0
台南市,南區,新興里,2023-07-17,0
台南市,南區,新興里,2023-07-24,0
台南市,南區,新興里,2023-07-31,0
台南市,南區,新興里,2023-08-07,1
台南市,南區,新興里,2023-08-14,0
台南市,南區,新興里,2023-08-21,0
台南市,南區,新興里,2023-08-28,0
台南市,南區,新興里,2023-09-04,0
台南市,南區,新興里,2023-09-11,6
台南市,南區,新興里,2023-09-18,8
台南市,南區,新興里,2023-09-25,9
台南市,南區,新興里,2023-10-02,8
台南市,南區,新興里,2023-10-09,9
台南市,南區,新興里,2023-10-16,5
台南市,南區,新興里,2023-10-23,5
台南市,南區,新興里,2023-10-30,8
台南市,南區,新興里,2023-11-06,12
台南市,南區,新興里,2023-11-13,6
台南市,南區,新興里,2023-11-20,4
台南市,南區,新興里,2023-11-27,4
台南市,南區,新興里,2023-12-04,1
台南市,南區,新興里,2023-12-11,2
台南市,南區,新興里,2023-12-18,0
台南市,南區,新興里,2023-12-25,0
台南市,南區,新興里,2024-01-01,0
台南市,南區,明亮里,2023-06-12,0
台南市,南區,明亮里,2023-06-19,0
台南市,南區,明亮里,2023-06-26,0
台南市,南區,明亮里,2023-07-03,0
台南市,南區,明亮里,2023-07-10,0
台南市,南區,明亮里,2023-07-17,0
台南市,南區,明亮里,2023-07-24,0
台南市,南區,明亮里,2023-07-31,1
台南市,南區,明亮里,2023-08-07,0
台南市,南區,明亮里,2023-08-14,3
台南市,南區,明亮里,2023-08-21,3
台南市,南區,明亮里,2023-08-28,14
台南市,南區,明亮里,2023-09-04,18
台南市,南區,明亮里,2023-09-11,25
台南市,南區,明亮里,2023-09-18,12
台南市,南區,明亮里,2023-09-25,17
台南市,南區,明亮里,2023-10-02,36
台南市,南區,明亮里,2023-10-09,16
台南市,南區,明亮里,2023-10-16,14
台南市,南區,明亮里,2023-10-23,11
台南市,南區,明亮里,2023-10-30,8
台南市,南區,明亮里,2023-11-06,5
台南市,南區,明亮里,2023-11-13,3
台南市,南區,明亮里,2023-11-20,1
台南市,南區,明亮里,2023-11-27,2
台南市,南區,明亮里,2023-12-04,0
台南市,南區,明亮里,2023-12-11,0
台南市,南區,明亮里,2023-12-18,1
台南市,南區,明亮里,2023-12-25,0
台南市,南區,明亮里,2024-01-01,0
台南市,南區,明德里,2023-06-12,0
台南市,南區,明德里,2023-06-19,0
台南市,南區,明德里,2023-06-26,1
台南市,南區,明德里,2023-07-03,0
台南市,南區,明德里,2023-07-10,0
台南市,南區,明德里,2023-07-17,0
台南市,南區,明德里,2023-07-24,0
台南市,南區,明德里,2023-07-31,0
台南市,南區,明德里,2023-08-07,0
台南市,南區,明德里,2023-08-14,0
台南市,南區,明德里,2023-08-21,0
台南市,南區,明德里,2023-08-28,0
台南市,南區,明德里,2023-09-04,1
台南市,南區,明德里,2023-09-11,1
台南市,南區,明德里,2023-09-18,1
台南市,南區,明德里,2023-09-25,3
台南市,南區,明德里,2023-10-02,2
台南市,南區,明德里,2023-10-09,3
台南市,南區,明德里,2023-10-16,1
台南市,南區,明德里,2023-10-23,2
台南市,南區,明德里,2023-10-30,1
台南市,南區,明德里,2023-11-06,0
台南市,南區,明德里,2023-11-13,0
台南市,南區,明德里,2023-11-20,0
台南市,南區,明德里,2023-11-27,1
台南市,南區,明德里,2023-12-04,0
台南市,南區,明德里,2023-12-11,0
台南市,南區,明德里,2023-12-18,0
台南市,南區,明德里,2023-12-25,0
台南市,南區,明德里,2024-01-01,1
台南市,南區,明興里,2023-06-12,0
台南市,南區,明興里,2023-06-19,0
台南市,南區,明興里,2023-06-26,0
台南市,南區,明興里,2023-07-03,0
台南市,南區,明興里,2023-07-10,0
台南市,南區,明興里,2023-07-17,0
台南市,南區,明興里,2023-07-24,0
台南市,南區,明興里,2023-07-31,0
台南市,南區,明興里,2023-08-07,0
台南市,南區,明興里,2023-08-14,1
台南市,南區,明興里,2023-08-21,2
台南市,南區,明興里,2023-08-28,4
台南市,南區,明興里,2023-09-04,25
台南市,南區,明興里,2023-09-11,16
台南市,南區,明興里,2023-09-18,32
台南市,南區,明興里,2023-09-25,32
台南市,南區,明興里,2023-10-02,34
台南市,南區,明興里,2023-10-09,11
台南市,南區,明興里,2023-10-16,7
台南市,南區,明興里,2023-10-23,7
台南市,南區,明興里,2023-10-30,3
台南市,南區,明興里,2023-11-06,3
台南市,南區,明興里,2023-11-13,4
台南市,南區,明興里,2023-11-20,1
台南市,南區,明興里,2023-11-27,0
台南市,南區,明興里,2023-12-04,1
台南市,南區,明興里,2023-12-11,0
台南市,南區,明興里,2023-12-18,1
台南市,南區,明興里,2023-12-25,0
台南市,南區,明興里,2024-01-01,0
台南市,南區,松安里,2023-06-12,0
台南市,南區,松安里,2023-06-19,0
台南市,南區,松安里,2023-06-26,0
台南市,南區,松安里,2023-07-03,0
台南市,南區,松安里,2023-07-10,0
台南市,南區,松安里,2023-07-17,0
台南市,南區,松安里,2023-07-24,0
台南市,南區,松安里,2023-07-31,0
台南市,南區,松安里,2023-08-07,0
台南市,南區,松安里,2023-08-14,0
台南市,南區,松安里,2023-08-21,0
台南市,南區,松安里,2023-08-28,0
台南市,南區,松安里,2023-09-04,0
台南市,南區,松安里,2023-09-11,0
台南市,南區,松安里,2023-09-18,0
台南市,南區,松安里,2023-09-25,2
台南市,南區,松安里,2023-10-02,1
台南市,南區,松安里,2023-10-09,0
台南市,南區,松安里,2023-10-16,1
台南市,南區,松安里,2023-10-23,2
台南市,南區,松安里,2023-10-30,2
台南市,南區,松安里,2023-11-06,1
台南市,南區,松安里,2023-11-13,2
台南市,南區,松安里,2023-11-20,2
台南市,南區,松安里,2023-11-27,2
台南市,南區,松安里,2023-12-04,1
台南市,南區,松安里,2023-12-11,0
台南市,南區,松安里,2023-12-18,1
台南市,南區,松安里,2023-12-25,0
台南市,南區,松安里,2024-01-01,0
台南市,南區,永寧里,2023-06-12,0
台南市,南區,永寧里,2023-06-19,0
台南市,南區,永寧里,2023-06-26,0
台南市,南區,永寧里,2023-07-03,0
台南市,南區,永寧里,2023-07-10,0
台南市,南區,永寧里,2023-07-17,0
台南市,南區,永寧里,2023-07-24,0
台南市,南區,永寧里,2023-07-31,0
台南市,南區,永寧里,2023-08-07,0
台南市,南區,永寧里,2023-08-14,0
台南市,南區,永寧里,2023-08-21,0
台南市,南區,永寧里,2023-08-28,0
台南市,南區,永寧里,2023-09-04,1
台南市,南區,永寧里,2023-09-11,0
台南市,南區,永寧里,2023-09-18,0
台南市,南區,永寧里,2023-09-25,0
台南市,南區,永寧里,2023-10-02,0
台南市,南區,永寧里,2023-10-09,1
台南市,南區,永寧里,2023-10-16,1
台南市,南區,永寧里,2023-10-23,0
台南市,南區,永寧里,2023-10-30,0
台南市,南區,永寧里,2023-11-06,1
台南市,南區,永寧里,2023-11-13,1
台南市,南區,永寧里,2023-11-20,0
台南市,南區,永寧里,2023-11-27,1
台南市,南區,永寧里,2023-12-04,0
台南市,南區,永寧里,2023-12-11,0
台南市,南區,永寧里,2023-12-18,0
台南市,南區,永寧里,2023-12-25,0
台南市,南區,永寧里,2024-01-01,0
台南市,南區,省躬里,2023-06-12,0
台南市,南區,省躬里,2023-06-19,0
台南市,南區,省躬里,2023-06-26,0
台南市,南區,省躬里,2023-07-03,0
台南市,南區,省躬里,2023-07-10,0
台南市,南區,省躬里,2023-07-17,0
台南市,南區,省躬里,2023-07-24,0
台南市,南區,省躬里,2023-07-31,0
台南市,南區,省躬里,2023-08-07,0
台南市,南區,省躬里,2023-08-14,1
台南市,南區,省躬里,2023-08-21,0
台南市,南區,省躬里,2023-08-28,0
台南市,南區,省躬里,2023-09-04,0
台南市,南區,省躬里,2023-09-11,1
台南市,南區,省躬里,2023-09-18,0
台南市,南區,省躬里,2023-09-25,3
台南市,南區,省躬里,2023-10-02,2
台南市,南區,省躬里,2023-10-09,2
台南市,南區,省躬里,2023-10-16,1
台南市,南區,省躬里,2023-10-23,0
台南市,南區,省躬里,2023-10-30,1
台南市,南區,省躬里,2023-11-06,5
台南市,南區,省躬里,2023-11-13,1
台南市,南區,省躬里,2023-11-20,2
台南市,南區,省躬里,2023-11-27,0
台南市,南區,省躬里,2023-12-04,0
台南市,南區,省躬里,2023-12-11,0
台南市,南區,省躬里,2023-12-18,0
台南市,南區,省躬里,2023-12-25,0
台南市,南區,省躬里,2024-01-01,0
台南市,南區,竹溪里,2023-06-12,0
台南市,南區,竹溪里,2023-06-19,0
台南市,南區,竹溪里,2023-06-26,0
台南市,南區,竹溪里,2023-07-03,0
台南市,南區,竹溪里,2023-07-10,0
台南市,南區,竹溪里,2023-07-17,0
台南市,南區,竹溪里,2023-07-24,0
台南市,南區,竹溪里,2023-07-31,0
台南市,南區,竹溪里,2023-08-07,0
台南市,南區,竹溪里,2023-08-14,0
台南市,南區,竹溪里,2023-08-21,0
台南市,南區,竹溪里,2023-08-28,0
台南市,南區,竹溪里,2023-09-04,1
台南市,南區,竹溪里,2023-09-11,0
台南市,南區,竹溪里,2023-09-18,0
台南市,南區,竹溪里,2023-09-25,1
台南市,南區,竹溪里,2023-10-02,1
台南市,南區,竹溪里,2023-10-09,3
台南市,南區,竹溪里,2023-10-16,1
台南市,南區,竹溪里,2023-10-23,4
台南市,南區,竹溪里,2023-10-30,1
台南市,南區,竹溪里,2023-11-06,1
台南市,南區,竹溪里,2023-11-13,0
台南市,南區,竹溪里,2023-11-20,1
台南市,南區,竹溪里,2023-11-27,0
台南市,南區,竹溪里,2023-12-04,0
台南市,南區,竹溪里,2023-12-11,1
台南市,南區,竹溪里,2023-12-18,0
台南市,南區,竹溪里,2023-12-25,0
台南市,南區,竹溪里,2024-01-01,0
台南市,南區,興農里,2023-06-12,0
台南市,南區,興農里,2023-06-19,0
台南市,南區,興農里,2023-06-26,0
台南市,南區,興農里,2023-07-03,0
台南市,南區,興農里,2023-07-10,0
台南市,南區,興農里,2023-07-17,0
台南市,南區,興農里,2023-07-24,0
台南市,南區,興農里,2023-07-31,0
台南市,南區,興農里,2023-08-07,0
台南市,南區,興農里,2023-08-14,0
台南市,南區,興農里,2023-08-21,1
台南市,南區,興農里,2023-08-28,0
台南市,南區,興農里,2023-09-04,0
台南市,南區,興農里,2023-09-11,1
台南市,南區,興農里,2023-09-18,3
台南市,南區,興農里,2023-09-25,1
台南市,南區,興農里,2023-10-02,2
台南市,南區,興農里,2023-10-09,4
台南市,南區,興農里,2023-10-16,2
台南市,南區,興農里,2023-10-23,3
台南市,南區,興農里,2023-10-30,2
台南市,南區,興農里,2023-11-06,1
台南市,南區,興農里,2023-11-13,2
台南市,南區,興農里,2023-11-20,1
台南市,南區,興農里,2023-11-27,0
台南市,南區,興農里,2023-12-04,1
台南市,南區,興農里,2023-12-11,1
台南市,南區,興農里,2023-12-18,0
台南市,南區,興農里,2023-12-25,1
台南市,南區,興農里,2024-01-01,0
台南市,南區,郡南里,2023-06-12,0
台南市,南區,郡南里,2023-06-19,0
台南市,南區,郡南里,2023-06-26,0
台南市,南區,郡南里,2023-07-03,0
台南市,南區,郡南里,2023-07-10,1
台南市,南區,郡南里,2023-07-17,0
台南市,南區,郡南里,2023-07-24,0
台南市,南區,郡南里,2023-07-31,0
台南市,南區,郡南里,2023-08-07,0
台南市,南區,郡南里,2023-08-14,0
台南市,南區,郡南里,2023-08-21,0
台南市,南區,郡南里,2023-08-28,4
台南市,南區,郡南里,2023-09-04,9
台南市,南區,郡南里,2023-09-11,15
台南市,南區,郡南里,2023-09-18,24
台南市,南區,郡南里,2023-09-25,14
台南市,南區,郡南里,2023-10-02,27
台南市,南區,郡南里,2023-10-09,21
台南市,南區,郡南里,2023-10-16,7
台南市,南區,郡南里,2023-10-23,6
台南市,南區,郡南里,2023-10-30,1
台南市,南區,郡南里,2023-11-06,3
台南市,南區,郡南里,2023-11-13,1
台南市,南區,郡南里,2023-11-20,3
台南市,南區,郡南里,2023-11-27,1
台南市,南區,郡南里,2023-12-04,0
台南市,南區,郡南里,2023-12-11,0
台南市,南區,郡南里,2023-12-18,0
台南市,南區,郡南里,2023-12-25,0
台南市,南區,郡南里,2024-01-01,0
台南市,南區,金華里,2023-06-12,0
台南市,南區,金華里,2023-06-19,0
台南市,南區,金華里,2023-06-26,0
台南市,南區,金華里,2023-07-03,0
台南市,南區,金華里,2023-07-10,0
台南市,南區,金華里,2023-07-17,0
台南市,南區,金華里,2023-07-24,0
台南市,南區,金華里,2023-07-31,0
台南市,南區,金華里,2023-08-07,0
台南市,南區,金華里,2023-08-14,0
台南市,南區,金華里,2023-08-21,0
台南市,南區,金華里,2023-08-28,1
台南市,南區,金華里,2023-09-04,4
台南市,南區,金華里,2023-09-11,18
台南市,南區,金華里,2023-09-18,9
台南市,南區,金華里,2023-09-25,21
台南市,南區,金華里,2023-10-02,28
台南市,南區,金華里,2023-10-09,21
台南市,南區,金華里,2023-10-16,26
台南市,南區,金華里,2023-10-23,10
台南市,南區,金華里,2023-10-30,3
台南市,南區,金華里,2023-11-06,5
台南市,南區,金華里,2023-11-13,8
台南市,南區,金華里,2023-11-20,5
台南市,南區,金華里,2023-11-27,2
台南市,南區,金華里,2023-12-04,3
台南市,南區,金華里,2023-12-11,1
台南市,南區,金華里,2023-12-18,2
台南市,南區,金華里,2023-12-25,1
台南市,南區,金華里,2024-01-01,0
台南市,南區,開南里,2023-06-12,0
台南市,南區,開南里,2023-06-19,0
台南市,南區,開南里,2023-06-26,0
台南市,南區,開南里,2023-07-03,0
台南市,南區,開南里,2023-07-10,0
台南市,南區,開南里,2023-07-17,0
台南市,南區,開南里,2023-07-24,0
台南市,南區,開南里,2023-07-31,0
台南市,南區,開南里,2023-08-07,0
台南市,南區,開南里,2023-08-14,0
台南市,南區,開南里,2023-08-21,1
台南市,南區,開南里,2023-08-28,5
台南市,南區,開南里,2023-09-04,4
台南市,南區,開南里,2023-09-11,9
台南市,南區,開南里,2023-09-18,6
台南市,南區,開南里,2023-09-25,8
台南市,南區,開南里,2023-10-02,14
台南市,南區,開南里,2023-10-09,4
台南市,南區,開南里,2023-10-16,12
台南市,南區,開南里,2023-10-23,11
台南市,南區,開南里,2023-10-30,11
台南市,南區,開南里,2023-11-06,12
台南市,南區,開南里,2023-11-13,11
台南市,南區,開南里,2023-11-20,3
台南市,南區,開南里,2023-11-27,1
台南市,南區,開南里,2023-12-04,0
台南市,南區,開南里,2023-12-11,1
台南市,南區,開南里,2023-12-18,0
台南市,南區,開南里,2023-12-25,0
台南市,南區,開南里,2024-01-01,0
台南市,南區,鯤鯓里,2023-06-12,0
台南市,南區,鯤鯓里,2023-06-19,0
台南市,南區,鯤鯓里,2023-06-26,0
台南市,南區,鯤鯓里,2023-07-03,0
台南市,南區,鯤鯓里,2023-07-10,0
台南市,南區,鯤鯓里,2023-07-17,0
台南市,南區,鯤鯓里,2023-07-24,0
台南市,南區,鯤鯓里,2023-07-31,1
台南市,南區,鯤鯓里,2023-08-07,0
台南市,南區,鯤鯓里,2023-08-14,0
台南市,南區,鯤鯓里,2023-08-21,0
台南市,南區,鯤鯓里,2023-08-28,2
台南市,南區,鯤鯓里,2023-09-04,0
台南市,南區,鯤鯓里,2023-09-11,2
台南市,南區,鯤鯓里,2023-09-18,1
台南市,南區,鯤鯓里,2023-09-25,1
台南市,南區,鯤鯓里,2023-10-02,1
台南市,南區,鯤鯓里,2023-10-09,5
台南市,南區,鯤鯓里,2023-10-16,1
台南市,南區,鯤鯓里,2023-10-23,1
台南市,南區,鯤鯓里,2023-10-30,0
台南市,南區,鯤鯓里,2023-11-06,0
台南市,南區,鯤鯓里,2023-11-13,2
台南市,南區,鯤鯓里,2023-11-20,0
台南市,南區,鯤鯓里,2023-11-27,0
台南市,南區,鯤鯓里,2023-12-04,0
台南市,南區,鯤鯓里,2023-12-11,0
台南市,南區,鯤鯓里,2023-12-18,1
台南市,南區,鯤鯓里,2023-12-25,0
台南市,南區,鯤鯓里,2024-01-01,0
台南市,善化區,什乃里,2023-06-12,0
台南市,善化區,什乃里,2023-06-19,0
台南市,善化區,什乃里,2023-06-26,0
台南市,善化區,什乃里,2023-07-03,0
台南市,善化區,什乃里,2023-07-10,0
台南市,善化區,什乃里,2023-07-17,0
台南市,善化區,什乃里,2023-07-24,0
台南市,善化區,什乃里,2023-07-31,0
台南市,善化區,什乃里,2023-08-07,0
台南市,善化區,什乃里,2023-08-14,0
台南市,善化區,什乃里,2023-08-21,0
台南市,善化區,什乃里,2023-08-28,0
台南市,善化區,什乃里,2023-09-04,0
台南市,善化區,什乃里,2023-09-11,0
台南市,善化區,什乃里,2023-09-18,0
台南市,善化區,什乃里,2023-09-25,0
台南市,善化區,什乃里,2023-10-02,0
台南市,善化區,什乃里,2023-10-09,0
台南市,善化區,什乃里,2023-10-16,0
台南市,善化區,什乃里,2023-10-23,0
台南市,善化區,什乃里,2023-10-30,0
台南市,善化區,什乃里,2023-11-06,0
台南市,善化區,什乃里,2023-11-13,0
台南市,善化區,什乃里,2023-11-20,0
台南市,善化區,什乃里,2023-11-27,0
台南市,善化區,什乃里,2023-12-04,0
台南市,善化區,什乃里,2023-12-11,0
台南市,善化區,什乃里,2023-12-18,0
台南市,善化區,什乃里,2023-12-25,0
台南市,善化區,什乃里,2024-01-01,0
台南市,善化區,光文里,2023-06-12,0
台南市,善化區,光文里,2023-06-19,0
台南市,善化區,光文里,2023-06-26,0
台南市,善化區,光文里,2023-07-03,1
台南市,善化區,光文里,2023-07-10,0
台南市,善化區,光文里,2023-07-17,0
台南市,善化區,光文里,2023-07-24,1
台南市,善化區,光文里,2023-07-31,0
台南市,善化區,光文里,2023-08-07,0
台南市,善化區,光文里,2023-08-14,0
台南市,善化區,光文里,2023-08-21,0
台南市,善化區,光文里,2023-08-28,0
台南市,善化區,光文里,2023-09-04,0
台南市,善化區,光文里,2023-09-11,0
台南市,善化區,光文里,2023-09-18,1
台南市,善化區,光文里,2023-09-25,0
台南市,善化區,光文里,2023-10-02,0
台南市,善化區,光文里,2023-10-09,3
台南市,善化區,光文里,2023-10-16,2
台南市,善化區,光文里,2023-10-23,1
台南市,善化區,光文里,2023-10-30,0
台南市,善化區,光文里,2023-11-06,2
台南市,善化區,光文里,2023-11-13,3
台南市,善化區,光文里,2023-11-20,4
台南市,善化區,光文里,2023-11-27,0
台南市,善化區,光文里,2023-12-04,0
台南市,善化區,光文里,2023-12-11,2
台南市,善化區,光文里,2023-12-18,0
台南市,善化區,光文里,2023-12-25,0
台南市,善化區,光文里,2024-01-01,0
台南市,善化區,六分里,2023-06-12,0
台南市,善化區,六分里,2023-06-19,0
台南市,善化區,六分里,2023-06-26,0
台南市,善化區,六分里,2023-07-03,0
台南市,善化區,六分里,2023-07-10,0
台南市,善化區,六分里,2023-07-17,0
台南市,善化區,六分里,2023-07-24,0
台南市,善化區,六分里,2023-07-31,0
台南市,善化區,六分里,2023-08-07,0
台南市,善化區,六分里,2023-08-14,0
台南市,善化區,六分里,2023-08-21,0
台南市,善化區,六分里,2023-08-28,0
台南市,善化區,六分里,2023-09-04,0
台南市,善化區,六分里,2023-09-11,0
台南市,善化區,六分里,2023-09-18,0
台南市,善化區,六分里,2023-09-25,0
台南市,善化區,六分里,2023-10-02,0
台南市,善化區,六分里,2023-10-09,0
台南市,善化區,六分里,2023-10-16,0
台南市,善化區,六分里,2023-10-23,0
台南市,善化區,六分里,2023-10-30,0
台南市,善化區,六分里,2023-11-06,0
台南市,善化區,六分里,2023-11-13,0
台南市,善化區,六分里,2023-11-20,0
台南市,善化區,六分里,2023-11-27,0
台南市,善化區,六分里,2023-12-04,0
台南市,善化區,六分里,2023-12-11,0
台南市,善化區,六分里,2023-12-18,0
台南市,善化區,六分里,2023-12-25,0
台南市,善化區,六分里,2024-01-01,0
台南市,善化區,六德里,2023-06-12,0
台南市,善化區,六德里,2023-06-19,0
台南市,善化區,六德里,2023-06-26,0
台南市,善化區,六德里,2023-07-03,0
台南市,善化區,六德里,2023-07-10,0
台南市,善化區,六德里,2023-07-17,0
台南市,善化區,六德里,2023-07-24,0
台南市,善化區,六德里,2023-07-31,0
台南市,善化區,六德里,2023-08-07,0
台南市,善化區,六德里,2023-08-14,0
台南市,善化區,六德里,2023-08-21,0
台南市,善化區,六德里,2023-08-28,0
台南市,善化區,六德里,2023-09-04,0
台南市,善化區,六德里,2023-09-11,0
台南市,善化區,六德里,2023-09-18,0
台南市,善化區,六德里,2023-09-25,0
台南市,善化區,六德里,2023-10-02,0
台南市,善化區,六德里,2023-10-09,0
台南市,善化區,六德里,2023-10-16,0
台南市,善化區,六德里,2023-10-23,0
台南市,善化區,六德里,2023-10-30,0
台南市,善化區,六德里,2023-11-06,0
台南市,善化區,六德里,2023-11-13,1
台南市,善化區,六德里,2023-11-20,0
台南市,善化區,六德里,2023-11-27,0
台南市,善化區,六德里,2023-12-04,0
台南市,善化區,六德里,2023-12-11,0
台南市,善化區,六德里,2023-12-18,0
台南市,善化區,六德里,2023-12-25,1
台南市,善化區,六德里,2024-01-01,0
台南市,善化區,南關里,2023-06-12,0
台南市,善化區,南關里,2023-06-19,0
台南市,善化區,南關里,2023-06-26,0
台南市,善化區,南關里,2023-07-03,0
台南市,善化區,南關里,2023-07-10,0
台南市,善化區,南關里,2023-07-17,0
台南市,善化區,南關里,2023-07-24,0
台南市,善化區,南關里,2023-07-31,0
台南市,善化區,南關里,2023-08-07,0
台南市,善化區,南關里,2023-08-14,0
台南市,善化區,南關里,2023-08-21,0
台南市,善化區,南關里,2023-08-28,0
台南市,善化區,南關里,2023-09-04,0
台南市,善化區,南關里,2023-09-11,0
台南市,善化區,南關里,2023-09-18,0
台南市,善化區,南關里,2023-09-25,0
台南市,善化區,南關里,2023-10-02,0
台南市,善化區,南關里,2023-10-09,0
台南市,善化區,南關里,2023-10-16,0
台南市,善化區,南關里,2023-10-23,0
台南市,善化區,南關里,2023-10-30,0
台南市,善化區,南關里,2023-11-06,0
台南市,善化區,南關里,2023-11-13,1
台南市,善化區,南關里,2023-11-20,2
台南市,善化區,南關里,2023-11-27,0
台南市,善化區,南關里,2023-12-04,0
台南市,善化區,南關里,2023-12-11,0
台南市,善化區,南關里,2023-12-18,0
台南市,善化區,南關里,2023-12-25,0
台南市,善化區,南關里,2024-01-01,0
台南市,善化區,嘉北里,2023-06-12,0
台南市,善化區,嘉北里,2023-06-19,0
台南市,善化區,嘉北里,2023-06-26,0
台南市,善化區,嘉北里,2023-07-03,0
台南市,善化區,嘉北里,2023-07-10,0
台南市,善化區,嘉北里,2023-07-17,0
台南市,善化區,嘉北里,2023-07-24,0
台南市,善化區,嘉北里,2023-07-31,0
台南市,善化區,嘉北里,2023-08-07,0
台南市,善化區,嘉北里,2023-08-14,1
台南市,善化區,嘉北里,2023-08-21,0
台南市,善化區,嘉北里,2023-08-28,0
台南市,善化區,嘉北里,2023-09-04,0
台南市,善化區,嘉北里,2023-09-11,0
台南市,善化區,嘉北里,2023-09-18,0
台南市,善化區,嘉北里,2023-09-25,0
台南市,善化區,嘉北里,2023-10-02,1
台南市,善化區,嘉北里,2023-10-09,0
台南市,善化區,嘉北里,2023-10-16,0
台南市,善化區,嘉北里,2023-10-23,1
台南市,善化區,嘉北里,2023-10-30,0
台南市,善化區,嘉北里,2023-11-06,0
台南市,善化區,嘉北里,2023-11-13,0
台南市,善化區,嘉北里,2023-11-20,2
台南市,善化區,嘉北里,2023-11-27,0
台南市,善化區,嘉北里,2023-12-04,0
台南市,善化區,嘉北里,2023-12-11,0
台南市,善化區,嘉北里,2023-12-18,1
台南市,善化區,嘉北里,2023-12-25,0
台南市,善化區,嘉北里,2024-01-01,0
台南市,善化區,嘉南里,2023-06-12,0
台南市,善化區,嘉南里,2023-06-19,0
台南市,善化區,嘉南里,2023-06-26,0
台南市,善化區,嘉南里,2023-07-03,0
台南市,善化區,嘉南里,2023-07-10,0
台南市,善化區,嘉南里,2023-07-17,0
台南市,善化區,嘉南里,2023-07-24,0
台南市,善化區,嘉南里,2023-07-31,0
台南市,善化區,嘉南里,2023-08-07,0
台南市,善化區,嘉南里,2023-08-14,0
台南市,善化區,嘉南里,2023-08-21,0
台南市,善化區,嘉南里,2023-08-28,0
台南市,善化區,嘉南里,2023-09-04,0
台南市,善化區,嘉南里,2023-09-11,0
台南市,善化區,嘉南里,2023-09-18,0
台南市,善化區,嘉南里,2023-09-25,0
台南市,善化區,嘉南里,2023-10-02,0
台南市,善化區,嘉南里,2023-10-09,1
台南市,善化區,嘉南里,2023-10-16,0
台南市,善化區,嘉南里,2023-10-23,0
台南市,善化區,嘉南里,2023-10-30,0
台南市,善化區,嘉南里,2023-11-06,0
台南市,善化區,嘉南里,2023-11-13,0
台南市,善化區,嘉南里,2023-11-20,0
台南市,善化區,嘉南里,2023-11-27,0
台南市,善化區,嘉南里,2023-12-04,0
台南市,善化區,嘉南里,2023-12-11,0
台南市,善化區,嘉南里,2023-12-18,0
台南市,善化區,嘉南里,2023-12-25,0
台南市,善化區,嘉南里,2024-01-01,0
台南市,善化區,坐駕里,2023-06-12,0
台南市,善化區,坐駕里,2023-06-19,0
台南市,善化區,坐駕里,2023-06-26,1
台南市,善化區,坐駕里,2023-07-03,0
台南市,善化區,坐駕里,2023-07-10,0
台南市,善化區,坐駕里,2023-07-17,0
台南市,善化區,坐駕里,2023-07-24,0
台南市,善化區,坐駕里,2023-07-31,0
台南市,善化區,坐駕里,2023-08-07,0
台南市,善化區,坐駕里,2023-08-14,0
台南市,善化區,坐駕里,2023-08-21,0
台南市,善化區,坐駕里,2023-08-28,0
台南市,善化區,坐駕里,2023-09-04,0
台南市,善化區,坐駕里,2023-09-11,4
台南市,善化區,坐駕里,2023-09-18,2
台南市,善化區,坐駕里,2023-09-25,1
台南市,善化區,坐駕里,2023-10-02,1
台南市,善化區,坐駕里,2023-10-09,0
台南市,善化區,坐駕里,2023-10-16,0
台南市,善化區,坐駕里,2023-10-23,0
台南市,善化區,坐駕里,2023-10-30,5
台南市,善化區,坐駕里,2023-11-06,7
台南市,善化區,坐駕里,2023-11-13,0
台南市,善化區,坐駕里,2023-11-20,1
台南市,善化區,坐駕里,2023-11-27,2
台南市,善化區,坐駕里,2023-12-04,0
台南市,善化區,坐駕里,2023-12-11,1
台南市,善化區,坐駕里,2023-12-18,0
台南市,善化區,坐駕里,2023-12-25,0
台南市,善化區,坐駕里,2024-01-01,0
台南市,善化區,小新里,2023-06-12,0
台南市,善化區,小新里,2023-06-19,0
台南市,善化區,小新里,2023-06-26,0
台南市,善化區,小新里,2023-07-03,0
台南市,善化區,小新里,2023-07-10,0
台南市,善化區,小新里,2023-07-17,0
台南市,善化區,小新里,2023-07-24,0
台南市,善化區,小新里,2023-07-31,0
台南市,善化區,小新里,2023-08-07,0
台南市,善化區,小新里,2023-08-14,0
台南市,善化區,小新里,2023-08-21,0
台南市,善化區,小新里,2023-08-28,0
台南市,善化區,小新里,2023-09-04,0
台南市,善化區,小新里,2023-09-11,0
台南市,善化區,小新里,2023-09-18,1
台南市,善化區,小新里,2023-09-25,0
台南市,善化區,小新里,2023-10-02,1
台南市,善化區,小新里,2023-10-09,4
台南市,善化區,小新里,2023-10-16,0
台南市,善化區,小新里,2023-10-23,0
台南市,善化區,小新里,2023-10-30,1
台南市,善化區,小新里,2023-11-06,0
台南市,善化區,小新里,2023-11-13,1
台南市,善化區,小新里,2023-11-20,0
台南市,善化區,小新里,2023-11-27,0
台南市,善化區,小新里,2023-12-04,0
台南市,善化區,小新里,2023-12-11,0
台南市,善化區,小新里,2023-12-18,0
台南市,善化區,小新里,2023-12-25,0
台南市,善化區,小新里,2024-01-01,0
台南市,善化區,文昌里,2023-06-12,0
台南市,善化區,文昌里,2023-06-19,0
台南市,善化區,文昌里,2023-06-26,0
台南市,善化區,文昌里,2023-07-03,0
台南市,善化區,文昌里,2023-07-10,0
台南市,善化區,文昌里,2023-07-17,0
台南市,善化區,文昌里,2023-07-24,0
台南市,善化區,文昌里,2023-07-31,0
台南市,善化區,文昌里,2023-08-07,0
台南市,善化區,文昌里,2023-08-14,0
台南市,善化區,文昌里,2023-08-21,0
台南市,善化區,文昌里,2023-08-28,2
台南市,善化區,文昌里,2023-09-04,1
台南市,善化區,文昌里,2023-09-11,0
台南市,善化區,文昌里,2023-09-18,1
台南市,善化區,文昌里,2023-09-25,0
台南市,善化區,文昌里,2023-10-02,0
台南市,善化區,文昌里,2023-10-09,0
台南市,善化區,文昌里,2023-10-16,0
台南市,善化區,文昌里,2023-10-23,0
台南市,善化區,文昌里,2023-10-30,0
台南市,善化區,文昌里,2023-11-06,0
台南市,善化區,文昌里,2023-11-13,0
台南市,善化區,文昌里,2023-11-20,0
台南市,善化區,文昌里,2023-11-27,1
台南市,善化區,文昌里,2023-12-04,0
台南市,善化區,文昌里,2023-12-11,0
台南市,善化區,文昌里,2023-12-18,0
台南市,善化區,文昌里,2023-12-25,0
台南市,善化區,文昌里,2024-01-01,0
台南市,善化區,文正里,2023-06-12,0
台南市,善化區,文正里,2023-06-19,0
台南市,善化區,文正里,2023-06-26,0
台南市,善化區,文正里,2023-07-03,0
台南市,善化區,文正里,2023-07-10,0
台南市,善化區,文正里,2023-07-17,0
台南市,善化區,文正里,2023-07-24,0
台南市,善化區,文正里,2023-07-31,0
台南市,善化區,文正里,2023-08-07,0
台南市,善化區,文正里,2023-08-14,0
台南市,善化區,文正里,2023-08-21,0
台南市,善化區,文正里,2023-08-28,0
台南市,善化區,文正里,2023-09-04,0
台南市,善化區,文正里,2023-09-11,0
台南市,善化區,文正里,2023-09-18,0
台南市,善化區,文正里,2023-09-25,0
台南市,善化區,文正里,2023-10-02,0
台南市,善化區,文正里,2023-10-09,0
台南市,善化區,文正里,2023-10-16,1
台南市,善化區,文正里,2023-10-23,0
台南市,善化區,文正里,2023-10-30,0
台南市,善化區,文正里,2023-11-06,1
台南市,善化區,文正里,2023-11-13,1
台南市,善化區,文正里,2023-11-20,0
台南市,善化區,文正里,2023-11-27,0
台南市,善化區,文正里,2023-12-04,0
台南市,善化區,文正里,2023-12-11,0
台南市,善化區,文正里,2023-12-18,0
台南市,善化區,文正里,2023-12-25,0
台南市,善化區,文正里,2024-01-01,0
台南市,善化區,東關里,2023-06-12,0
台南市,善化區,東關里,2023-06-19,0
台南市,善化區,東關里,2023-06-26,0
台南市,善化區,東關里,2023-07-03,0
台南市,善化區,東關里,2023-07-10,0
台南市,善化區,東關里,2023-07-17,0
台南市,善化區,東關里,2023-07-24,0
台南市,善化區,東關里,2023-07-31,0
台南市,善化區,東關里,2023-08-07,0
台南市,善化區,東關里,2023-08-14,0
台南市,善化區,東關里,2023-08-21,0
台南市,善化區,東關里,2023-08-28,0
台南市,善化區,東關里,2023-09-04,0
台南市,善化區,東關里,2023-09-11,0
台南市,善化區,東關里,2023-09-18,0
台南市,善化區,東關里,2023-09-25,0
台南市,善化區,東關里,2023-10-02,1
台南市,善化區,東關里,2023-10-09,0
台南市,善化區,東關里,2023-10-16,2
台南市,善化區,東關里,2023-10-23,0
台南市,善化區,東關里,2023-10-30,0
台南市,善化區,東關里,2023-11-06,0
台南市,善化區,東關里,2023-11-13,1
台南市,善化區,東關里,2023-11-20,0
台南市,善化區,東關里,2023-11-27,1
台南市,善化區,東關里,2023-12-04,1
台南市,善化區,東關里,2023-12-11,0
台南市,善化區,東關里,2023-12-18,1
台南市,善化區,東關里,2023-12-25,1
台南市,善化區,東關里,2024-01-01,0
台南市,善化區,溪美里,2023-06-12,0
台南市,善化區,溪美里,2023-06-19,0
台南市,善化區,溪美里,2023-06-26,0
台南市,善化區,溪美里,2023-07-03,0
台南市,善化區,溪美里,2023-07-10,0
台南市,善化區,溪美里,2023-07-17,0
台南市,善化區,溪美里,2023-07-24,0
台南市,善化區,溪美里,2023-07-31,0
台南市,善化區,溪美里,2023-08-07,0
台南市,善化區,溪美里,2023-08-14,0
台南市,善化區,溪美里,2023-08-21,0
台南市,善化區,溪美里,2023-08-28,0
台南市,善化區,溪美里,2023-09-04,0
台南市,善化區,溪美里,2023-09-11,0
台南市,善化區,溪美里,2023-09-18,0
台南市,善化區,溪美里,2023-09-25,0
台南市,善化區,溪美里,2023-10-02,0
台南市,善化區,溪美里,2023-10-09,0
台南市,善化區,溪美里,2023-10-16,0
台南市,善化區,溪美里,2023-10-23,0
台南市,善化區,溪美里,2023-10-30,0
台南市,善化區,溪美里,2023-11-06,0
台南市,善化區,溪美里,2023-11-13,0
台南市,善化區,溪美里,2023-11-20,0
台南市,善化區,溪美里,2023-11-27,0
台南市,善化區,溪美里,2023-12-04,0
台南市,善化區,溪美里,2023-12-11,1
台南市,善化區,溪美里,2023-12-18,0
台南市,善化區,溪美里,2023-12-25,0
台南市,善化區,溪美里,2024-01-01,0
台南市,善化區,牛庄里,2023-06-12,0
台南市,善化區,牛庄里,2023-06-19,0
台南市,善化區,牛庄里,2023-06-26,0
台南市,善化區,牛庄里,2023-07-03,0
台南市,善化區,牛庄里,2023-07-10,0
台南市,善化區,牛庄里,2023-07-17,0
台南市,善化區,牛庄里,2023-07-24,0
台南市,善化區,牛庄里,2023-07-31,0
台南市,善化區,牛庄里,2023-08-07,0
台南市,善化區,牛庄里,2023-08-14,0
台南市,善化區,牛庄里,2023-08-21,0
台南市,善化區,牛庄里,2023-08-28,0
台南市,善化區,牛庄里,2023-09-04,0
台南市,善化區,牛庄里,2023-09-11,0
台南市,善化區,牛庄里,2023-09-18,0
台南市,善化區,牛庄里,2023-09-25,0
台南市,善化區,牛庄里,2023-10-02,1
台南市,善化區,牛庄里,2023-10-09,0
台南市,善化區,牛庄里,2023-10-16,0
台南市,善化區,牛庄里,2023-10-23,0
台南市,善化區,牛庄里,2023-10-30,0
台南市,善化區,牛庄里,2023-11-06,0
台南市,善化區,牛庄里,2023-11-13,0
台南市,善化區,牛庄里,2023-11-20,1
台南市,善化區,牛庄里,2023-11-27,0
台南市,善化區,牛庄里,2023-12-04,0
台南市,善化區,牛庄里,2023-12-11,0
台南市,善化區,牛庄里,2023-12-18,0
台南市,善化區,牛庄里,2023-12-25,0
台南市,善化區,牛庄里,2024-01-01,0
台南市,善化區,田寮里,2023-06-12,0
台南市,善化區,田寮里,2023-06-19,0
台南市,善化區,田寮里,2023-06-26,0
台南市,善化區,田寮里,2023-07-03,0
台南市,善化區,田寮里,2023-07-10,0
台南市,善化區,田寮里,2023-07-17,0
台南市,善化區,田寮里,2023-07-24,0
台南市,善化區,田寮里,2023-07-31,0
台南市,善化區,田寮里,2023-08-07,1
台南市,善化區,田寮里,2023-08-14,0
台南市,善化區,田寮里,2023-08-21,0
台南市,善化區,田寮里,2023-08-28,2
台南市,善化區,田寮里,2023-09-04,5
台南市,善化區,田寮里,2023-09-11,7
台南市,善化區,田寮里,2023-09-18,5
台南市,善化區,田寮里,2023-09-25,5
台南市,善化區,田寮里,2023-10-02,9
台南市,善化區,田寮里,2023-10-09,10
台南市,善化區,田寮里,2023-10-16,10
台南市,善化區,田寮里,2023-10-23,13
台南市,善化區,田寮里,2023-10-30,3
台南市,善化區,田寮里,2023-11-06,2
台南市,善化區,田寮里,2023-11-13,2
台南市,善化區,田寮里,2023-11-20,1
台南市,善化區,田寮里,2023-11-27,2
台南市,善化區,田寮里,2023-12-04,1
台南市,善化區,田寮里,2023-12-11,0
台南市,善化區,田寮里,2023-12-18,0
台南市,善化區,田寮里,2023-12-25,0
台南市,善化區,田寮里,2024-01-01,0
台南市,善化區,胡厝里,2023-06-12,0
台南市,善化區,胡厝里,2023-06-19,0
台南市,善化區,胡厝里,2023-06-26,0
台南市,善化區,胡厝里,2023-07-03,1
台南市,善化區,胡厝里,2023-07-10,0
台南市,善化區,胡厝里,2023-07-17,0
台南市,善化區,胡厝里,2023-07-24,0
台南市,善化區,胡厝里,2023-07-31,0
台南市,善化區,胡厝里,2023-08-07,0
台南市,善化區,胡厝里,2023-08-14,0
台南市,善化區,胡厝里,2023-08-21,0
台南市,善化區,胡厝里,2023-08-28,0
台南市,善化區,胡厝里,2023-09-04,0
台南市,善化區,胡厝里,2023-09-11,0
台南市,善化區,胡厝里,2023-09-18,0
台南市,善化區,胡厝里,2023-09-25,0
台南市,善化區,胡厝里,2023-10-02,0
台南市,善化區,胡厝里,2023-10-09,0
台南市,善化區,胡厝里,2023-10-16,0
台南市,善化區,胡厝里,2023-10-23,1
台南市,善化區,胡厝里,2023-10-30,0
台南市,善化區,胡厝里,2023-11-06,0
台南市,善化區,胡厝里,2023-11-13,1
台南市,善化區,胡厝里,2023-11-20,0
台南市,善化區,胡厝里,2023-11-27,1
台南市,善化區,胡厝里,2023-12-04,0
台南市,善化區,胡厝里,2023-12-11,1
台南市,善化區,胡厝里,2023-12-18,0
台南市,善化區,胡厝里,2023-12-25,0
台南市,善化區,胡厝里,2024-01-01,0
台南市,善化區,胡家里,2023-06-12,0
台南市,善化區,胡家里,2023-06-19,0
台南市,善化區,胡家里,2023-06-26,0
台南市,善化區,胡家里,2023-07-03,0
台南市,善化區,胡家里,2023-07-10,0
台南市,善化區,胡家里,2023-07-17,0
台南市,善化區,胡家里,2023-07-24,0
台南市,善化區,胡家里,2023-07-31,0
台南市,善化區,胡家里,2023-08-07,0
台南市,善化區,胡家里,2023-08-14,0
台南市,善化區,胡家里,2023-08-21,0
台南市,善化區,胡家里,2023-08-28,0
台南市,善化區,胡家里,2023-09-04,0
台南市,善化區,胡家里,2023-09-11,0
台南市,善化區,胡家里,2023-09-18,1
台南市,善化區,胡家里,2023-09-25,1
台南市,善化區,胡家里,2023-10-02,0
台南市,善化區,胡家里,2023-10-09,0
台南市,善化區,胡家里,2023-10-16,0
台南市,善化區,胡家里,2023-10-23,0
台南市,善化區,胡家里,2023-10-30,0
台南市,善化區,胡家里,2023-11-06,0
台南市,善化區,胡家里,2023-11-13,0
台南市,善化區,胡家里,2023-11-20,0
台南市,善化區,胡家里,2023-11-27,0
台南市,善化區,胡家里,2023-12-04,0
台南市,善化區,胡家里,2023-12-11,0
台南市,善化區,胡家里,2023-12-18,0
台南市,善化區,胡家里,2023-12-25,0
台南市,善化區,胡家里,2024-01-01,0
台南市,大內區,二溪里,2023-06-12,0
台南市,大內區,二溪里,2023-06-19,0
台南市,大內區,二溪里,2023-06-26,0
台南市,大內區,二溪里,2023-07-03,0
台南市,大內區,二溪里,2023-07-10,0
台南市,大內區,二溪里,2023-07-17,0
台南市,大內區,二溪里,2023-07-24,0
台南市,大內區,二溪里,2023-07-31,0
台南市,大內區,二溪里,2023-08-07,0
台南市,大內區,二溪里,2023-08-14,0
台南市,大內區,二溪里,2023-08-21,0
台南市,大內區,二溪里,2023-08-28,0
台南市,大內區,二溪里,2023-09-04,0
台南市,大內區,二溪里,2023-09-11,0
台南市,大內區,二溪里,2023-09-18,1
台南市,大內區,二溪里,2023-09-25,0
台南市,大內區,二溪里,2023-10-02,0
台南市,大內區,二溪里,2023-10-09,0
台南市,大內區,二溪里,2023-10-16,0
台南市,大內區,二溪里,2023-10-23,0
台南市,大內區,二溪里,2023-10-30,0
台南市,大內區,二溪里,2023-11-06,0
台南市,大內區,二溪里,2023-11-13,0
台南市,大內區,二溪里,2023-11-20,0
台南市,大內區,二溪里,2023-11-27,0
台南市,大內區,二溪里,2023-12-04,0
台南市,大內區,二溪里,2023-12-11,0
台南市,大內區,二溪里,2023-12-18,0
台南市,大內區,二溪里,2023-12-25,0
台南市,大內區,二溪里,2024-01-01,0
台南市,大內區,內江里,2023-06-12,0
台南市,大內區,內江里,2023-06-19,0
台南市,大內區,內江里,2023-06-26,0
台南市,大內區,內江里,2023-07-03,0
台南市,大內區,內江里,2023-07-10,0
台南市,大內區,內江里,2023-07-17,0
台南市,大內區,內江里,2023-07-24,0
台南市,大內區,內江里,2023-07-31,0
台南市,大內區,內江里,2023-08-07,0
台南市,大內區,內江里,2023-08-14,0
台南市,大內區,內江里,2023-08-21,0
台南市,大內區,內江里,2023-08-28,0
台南市,大內區,內江里,2023-09-04,0
台南市,大內區,內江里,2023-09-11,0
台南市,大內區,內江里,2023-09-18,0
台南市,大內區,內江里,2023-09-25,0
台南市,大內區,內江里,2023-10-02,0
台南市,大內區,內江里,2023-10-09,0
台南市,大內區,內江里,2023-10-16,0
台南市,大內區,內江里,2023-10-23,1
台南市,大內區,內江里,2023-10-30,0
台南市,大內區,內江里,2023-11-06,0
台南市,大內區,內江里,2023-11-13,0
台南市,大內區,內江里,2023-11-20,0
台南市,大內區,內江里,2023-11-27,0
台南市,大內區,內江里,2023-12-04,0
台南市,大內區,內江里,2023-12-11,0
台南市,大內區,內江里,2023-12-18,0
台南市,大內區,內江里,2023-12-25,0
台南市,大內區,內江里,2024-01-01,0
台南市,大內區,內郭里,2023-06-12,0
台南市,大內區,內郭里,2023-06-19,0
台南市,大內區,內郭里,2023-06-26,0
台南市,大內區,內郭里,2023-07-03,0
台南市,大內區,內郭里,2023-07-10,0
台南市,大內區,內郭里,2023-07-17,0
台南市,大內區,內郭里,2023-07-24,0
台南市,大內區,內郭里,2023-07-31,0
台南市,大內區,內郭里,2023-08-07,0
台南市,大內區,內郭里,2023-08-14,0
台南市,大內區,內郭里,2023-08-21,0
台南市,大內區,內郭里,2023-08-28,0
台南市,大內區,內郭里,2023-09-04,0
台南市,大內區,內郭里,2023-09-11,0
台南市,大內區,內郭里,2023-09-18,0
台南市,大內區,內郭里,2023-09-25,0
台南市,大內區,內郭里,2023-10-02,0
台南市,大內區,內郭里,2023-10-09,0
台南市,大內區,內郭里,2023-10-16,0
台南市,大內區,內郭里,2023-10-23,0
台南市,大內區,內郭里,2023-10-30,0
台南市,大內區,內郭里,2023-11-06,0
台南市,大內區,內郭里,2023-11-13,0
台南市,大內區,內郭里,2023-11-20,0
台南市,大內區,內郭里,2023-11-27,0
台南市,大內區,內郭里,2023-12-04,0
台南市,大內區,內郭里,2023-12-11,0
台南市,大內區,內郭里,2023-12-18,0
台南市,大內區,內郭里,2023-12-25,0
台南市,大內區,內郭里,2024-01-01,0
台南市,大內區,大內里,2023-06-12,0
台南市,大內區,大內里,2023-06-19,0
台南市,大內區,大內里,2023-06-26,0
台南市,大內區,大內里,2023-07-03,0
台南市,大內區,大內里,2023-07-10,0
台南市,大內區,大內里,2023-07-17,0
台南市,大內區,大內里,2023-07-24,0
台南市,大內區,大內里,2023-07-31,0
台南市,大內區,大內里,2023-08-07,0
台南市,大內區,大內里,2023-08-14,0
台南市,大內區,大內里,2023-08-21,0
台南市,大內區,大內里,2023-08-28,0
台南市,大內區,大內里,2023-09-04,0
台南市,大內區,大內里,2023-09-11,0
台南市,大內區,大內里,2023-09-18,0
台南市,大內區,大內里,2023-09-25,0
台南市,大內區,大內里,2023-10-02,0
台南市,大內區,大內里,2023-10-09,0
台南市,大內區,大內里,2023-10-16,0
台南市,大內區,大內里,2023-10-23,0
台南市,大內區,大內里,2023-10-30,0
台南市,大內區,大內里,2023-11-06,0
台南市,大內區,大內里,2023-11-13,0
台南市,大內區,大內里,2023-11-20,0
台南市,大內區,大內里,2023-11-27,0
台南市,大內區,大內里,2023-12-04,0
台南市,大內區,大內里,2023-12-11,0
台南市,大內區,大內里,2023-12-18,0
台南市,大內區,大內里,2023-12-25,0
台南市,大內區,大內里,2024-01-01,0
台南市,大內區,曲溪里,2023-06-12,0
台南市,大內區,曲溪里,2023-06-19,0
台南市,大內區,曲溪里,2023-06-26,0
台南市,大內區,曲溪里,2023-07-03,0
台南市,大內區,曲溪里,2023-07-10,0
台南市,大內區,曲溪里,2023-07-17,0
台南市,大內區,曲溪里,2023-07-24,0
台南市,大內區,曲溪里,2023-07-31,0
台南市,大內區,曲溪里,2023-08-07,0
台南市,大內區,曲溪里,2023-08-14,0
台南市,大內區,曲溪里,2023-08-21,0
台南市,大內區,曲溪里,2023-08-28,0
台南市,大內區,曲溪里,2023-09-04,0
台南市,大內區,曲溪里,2023-09-11,0
台南市,大內區,曲溪里,2023-09-18,0
台南市,大內區,曲溪里,2023-09-25,0
台南市,大內區,曲溪里,2023-10-02,0
台南市,大內區,曲溪里,2023-10-09,0
台南市,大內區,曲溪里,2023-10-16,0
台南市,大內區,曲溪里,2023-10-23,0
台南市,大內區,曲溪里,2023-10-30,0
台南市,大內區,曲溪里,2023-11-06,0
台南市,大內區,曲溪里,2023-11-13,0
台南市,大內區,曲溪里,2023-11-20,0
台南市,大內區,曲溪里,2023-11-27,0
台南市,大內區,曲溪里,2023-12-04,0
台南市,大內區,曲溪里,2023-12-11,0
台南市,大內區,曲溪里,2023-12-18,0
台南市,大內區,曲溪里,2023-12-25,0
台南市,大內區,曲溪里,2024-01-01,0
台南市,大內區,環湖里,2023-06-12,0
台南市,大內區,環湖里,2023-06-19,0
台南市,大內區,環湖里,2023-06-26,0
台南市,大內區,環湖里,2023-07-03,0
台南市,大內區,環湖里,2023-07-10,0
台南市,大內區,環湖里,2023-07-17,0
台南市,大內區,環湖里,2023-07-24,0
台南市,大內區,環湖里,2023-07-31,0
台南市,大內區,環湖里,2023-08-07,0
台南市,大內區,環湖里,2023-08-14,0
台南市,大內區,環湖里,2023-08-21,0
台南市,大內區,環湖里,2023-08-28,0
台南市,大內區,環湖里,2023-09-04,0
台南市,大內區,環湖里,2023-09-11,0
台南市,大內區,環湖里,2023-09-18,0
台南市,大內區,環湖里,2023-09-25,0
台南市,大內區,環湖里,2023-10-02,0
台南市,大內區,環湖里,2023-10-09,0
台南市,大內區,環湖里,2023-10-16,0
台南市,大內區,環湖里,2023-10-23,0
台南市,大內區,環湖里,2023-10-30,0
台南市,大內區,環湖里,2023-11-06,0
台南市,大內區,環湖里,2023-11-13,0
台南市,大內區,環湖里,2023-11-20,0
台南市,大內區,環湖里,2023-11-27,0
台南市,大內區,環湖里,2023-12-04,0
台南市,大內區,環湖里,2023-12-11,0
台南市,大內區,環湖里,2023-12-18,0
台南市,大內區,環湖里,2023-12-25,0
台南市,大內區,環湖里,2024-01-01,0
台南市,大內區,石城里,2023-06-12,0
台南市,大內區,石城里,2023-06-19,0
台南市,大內區,石城里,2023-06-26,0
台南市,大內區,石城里,2023-07-03,0
台南市,大內區,石城里,2023-07-10,0
台南市,大內區,石城里,2023-07-17,0
台南市,大內區,石城里,2023-07-24,0
台南市,大內區,石城里,2023-07-31,0
台南市,大內區,石城里,2023-08-07,0
台南市,大內區,石城里,2023-08-14,0
台南市,大內區,石城里,2023-08-21,0
台南市,大內區,石城里,2023-08-28,0
台南市,大內區,石城里,2023-09-04,0
台南市,大內區,石城里,2023-09-11,0
台南市,大內區,石城里,2023-09-18,0
台南市,大內區,石城里,2023-09-25,0
台南市,大內區,石城里,2023-10-02,1
台南市,大內區,石城里,2023-10-09,0
台南市,大內區,石城里,2023-10-16,0
台南市,大內區,石城里,2023-10-23,0
台南市,大內區,石城里,2023-10-30,0
台南市,大內區,石城里,2023-11-06,0
台南市,大內區,石城里,2023-11-13,1
台南市,大內區,石城里,2023-11-20,0
台南市,大內區,石城里,2023-11-27,0
台南市,大內區,石城里,2023-12-04,0
台南市,大內區,石城里,2023-12-11,0
台南市,大內區,石城里,2023-12-18,0
台南市,大內區,石城里,2023-12-25,0
台南市,大內區,石城里,2024-01-01,0
台南市,大內區,石林里,2023-06-12,0
台南市,大內區,石林里,2023-06-19,0
台南市,大內區,石林里,2023-06-26,0
台南市,大內區,石林里,2023-07-03,0
台南市,大內區,石林里,2023-07-10,0
台南市,大內區,石林里,2023-07-17,0
台南市,大內區,石林里,2023-07-24,0
台南市,大內區,石林里,2023-07-31,0
台南市,大內區,石林里,2023-08-07,0
台南市,大內區,石林里,2023-08-14,0
台南市,大內區,石林里,2023-08-21,0
台南市,大內區,石林里,2023-08-28,0
台南市,大內區,石林里,2023-09-04,1
台南市,大內區,石林里,2023-09-11,0
台南市,大內區,石林里,2023-09-18,0
台南市,大內區,石林里,2023-09-25,0
台南市,大內區,石林里,2023-10-02,0
台南市,大內區,石林里,2023-10-09,0
台南市,大內區,石林里,2023-10-16,0
台南市,大內區,石林里,2023-10-23,0
台南市,大內區,石林里,2023-10-30,0
台南市,大內區,石林里,2023-11-06,0
台南市,大內區,石林里,2023-11-13,0
台南市,大內區,石林里,2023-11-20,0
台南市,大內區,石林里,2023-11-27,0
台南市,大內區,石林里,2023-12-04,0
台南市,大內區,石林里,2023-12-11,0
台南市,大內區,石林里,2023-12-18,0
台南市,大內區,石林里,2023-12-25,0
台南市,大內區,石林里,2024-01-01,0
台南市,大內區,石湖里,2023-06-12,0
台南市,大內區,石湖里,2023-06-19,0
台南市,大內區,石湖里,2023-06-26,0
台南市,大內區,石湖里,2023-07-03,0
台南市,大內區,石湖里,2023-07-10,0
台南市,大內區,石湖里,2023-07-17,0
台南市,大內區,石湖里,2023-07-24,0
台南市,大內區,石湖里,2023-07-31,0
台南市,大內區,石湖里,2023-08-07,0
台南市,大內區,石湖里,2023-08-14,0
台南市,大內區,石湖里,2023-08-21,0
台南市,大內區,石湖里,2023-08-28,0
台南市,大內區,石湖里,2023-09-04,0
台南市,大內區,石湖里,2023-09-11,0
台南市,大內區,石湖里,2023-09-18,0
台南市,大內區,石湖里,2023-09-25,0
台南市,大內區,石湖里,2023-10-02,0
台南市,大內區,石湖里,2023-10-09,0
台南市,大內區,石湖里,2023-10-16,0
台南市,大內區,石湖里,2023-10-23,0
台南市,大內區,石湖里,2023-10-30,0
台南市,大內區,石湖里,2023-11-06,0
台南市,大內區,石湖里,2023-11-13,0
台南市,大內區,石湖里,2023-11-20,1
台南市,大內區,石湖里,2023-11-27,0
台南市,大內區,石湖里,2023-12-04,0
台南市,大內區,石湖里,2023-12-11,0
台南市,大內區,石湖里,2023-12-18,0
台南市,大內區,石湖里,2023-12-25,0
台南市,大內區,石湖里,2024-01-01,0
台南市,大內區,頭社里,2023-06-12,0
台南市,大內區,頭社里,2023-06-19,0
台南市,大內區,頭社里,2023-06-26,0
台南市,大內區,頭社里,2023-07-03,0
台南市,大內區,頭社里,2023-07-10,0
台南市,大內區,頭社里,2023-07-17,0
台南市,大內區,頭社里,2023-07-24,0
台南市,大內區,頭社里,2023-07-31,0
台南市,大內區,頭社里,2023-08-07,0
台南市,大內區,頭社里,2023-08-14,0
台南市,大內區,頭社里,2023-08-21,0
台南市,大內區,頭社里,2023-08-28,0
台南市,大內區,頭社里,2023-09-04,0
台南市,大內區,頭社里,2023-09-11,0
台南市,大內區,頭社里,2023-09-18,1
台南市,大內區,頭社里,2023-09-25,0
台南市,大內區,頭社里,2023-10-02,0
台南市,大內區,頭社里,2023-10-09,0
台南市,大內區,頭社里,2023-10-16,0
台南市,大內區,頭社里,2023-10-23,0
台南市,大內區,頭社里,2023-10-30,0
台南市,大內區,頭社里,2023-11-06,0
台南市,大內區,頭社里,2023-11-13,0
台南市,大內區,頭社里,2023-11-20,0
台南市,大內區,頭社里,2023-11-27,0
台南市,大內區,頭社里,2023-12-04,0
台南市,大內區,頭社里,2023-12-11,0
台南市,大內區,頭社里,2023-12-18,0
台南市,大內區,頭社里,2023-12-25,0
台南市,大內區,頭社里,2024-01-01,0
台南市,學甲區,三慶里,2023-06-12,0
台南市,學甲區,三慶里,2023-06-19,0
台南市,學甲區,三慶里,2023-06-26,0
台南市,學甲區,三慶里,2023-07-03,0
台南市,學甲區,三慶里,2023-07-10,0
台南市,學甲區,三慶里,2023-07-17,0
台南市,學甲區,三慶里,2023-07-24,0
台南市,學甲區,三慶里,2023-07-31,0
台南市,學甲區,三慶里,2023-08-07,0
台南市,學甲區,三慶里,2023-08-14,0
台南市,學甲區,三慶里,2023-08-21,0
台南市,學甲區,三慶里,2023-08-28,0
台南市,學甲區,三慶里,2023-09-04,0
台南市,學甲區,三慶里,2023-09-11,0
台南市,學甲區,三慶里,2023-09-18,0
台南市,學甲區,三慶里,2023-09-25,0
台南市,學甲區,三慶里,2023-10-02,0
台南市,學甲區,三慶里,2023-10-09,0
台南市,學甲區,三慶里,2023-10-16,0
台南市,學甲區,三慶里,2023-10-23,0
台南市,學甲區,三慶里,2023-10-30,0
台南市,學甲區,三慶里,2023-11-06,0
台南市,學甲區,三慶里,2023-11-13,0
台南市,學甲區,三慶里,2023-11-20,0
台南市,學甲區,三慶里,2023-11-27,0
台南市,學甲區,三慶里,2023-12-04,0
台南市,學甲區,三慶里,2023-12-11,0
台南市,學甲區,三慶里,2023-12-18,0
台南市,學甲區,三慶里,2023-12-25,0
台南市,學甲區,三慶里,2024-01-01,0
台南市,學甲區,仁得里,2023-06-12,0
台南市,學甲區,仁得里,2023-06-19,0
台南市,學甲區,仁得里,2023-06-26,0
台南市,學甲區,仁得里,2023-07-03,0
台南市,學甲區,仁得里,2023-07-10,0
台南市,學甲區,仁得里,2023-07-17,0
台南市,學甲區,仁得里,2023-07-24,0
台南市,學甲區,仁得里,2023-07-31,0
台南市,學甲區,仁得里,2023-08-07,0
台南市,學甲區,仁得里,2023-08-14,0
台南市,學甲區,仁得里,2023-08-21,0
台南市,學甲區,仁得里,2023-08-28,0
台南市,學甲區,仁得里,2023-09-04,0
台南市,學甲區,仁得里,2023-09-11,1
台南市,學甲區,仁得里,2023-09-18,0
台南市,學甲區,仁得里,2023-09-25,0
台南市,學甲區,仁得里,2023-10-02,0
台南市,學甲區,仁得里,2023-10-09,0
台南市,學甲區,仁得里,2023-10-16,1
台南市,學甲區,仁得里,2023-10-23,1
台南市,學甲區,仁得里,2023-10-30,0
台南市,學甲區,仁得里,2023-11-06,0
台南市,學甲區,仁得里,2023-11-13,0
台南市,學甲區,仁得里,2023-11-20,0
台南市,學甲區,仁得里,2023-11-27,0
台南市,學甲區,仁得里,2023-12-04,0
台南市,學甲區,仁得里,2023-12-11,0
台南市,學甲區,仁得里,2023-12-18,0
台南市,學甲區,仁得里,2023-12-25,0
台南市,學甲區,仁得里,2024-01-01,0
台南市,學甲區,光華里,2023-06-12,0
台南市,學甲區,光華里,2023-06-19,0
台南市,學甲區,光華里,2023-06-26,0
台南市,學甲區,光華里,2023-07-03,0
台南市,學甲區,光華里,2023-07-10,0
台南市,學甲區,光華里,2023-07-17,0
台南市,學甲區,光華里,2023-07-24,0
台南市,學甲區,光華里,2023-07-31,0
台南市,學甲區,光華里,2023-08-07,0
台南市,學甲區,光華里,2023-08-14,0
台南市,學甲區,光華里,2023-08-21,0
台南市,學甲區,光華里,2023-08-28,0
台南市,學甲區,光華里,2023-09-04,0
台南市,學甲區,光華里,2023-09-11,0
台南市,學甲區,光華里,2023-09-18,0
台南市,學甲區,光華里,2023-09-25,0
台南市,學甲區,光華里,2023-10-02,1
台南市,學甲區,光華里,2023-10-09,0
台南市,學甲區,光華里,2023-10-16,0
台南市,學甲區,光華里,2023-10-23,0
台南市,學甲區,光華里,2023-10-30,0
台南市,學甲區,光華里,2023-11-06,0
台南市,學甲區,光華里,2023-11-13,0
台南市,學甲區,光華里,2023-11-20,0
台南市,學甲區,光華里,2023-11-27,0
台南市,學甲區,光華里,2023-12-04,0
台南市,學甲區,光華里,2023-12-11,0
台南市,學甲區,光華里,2023-12-18,0
台南市,學甲區,光華里,2023-12-25,0
台南市,學甲區,光華里,2024-01-01,0
台南市,學甲區,大灣里,2023-06-12,0
台南市,學甲區,大灣里,2023-06-19,0
台南市,學甲區,大灣里,2023-06-26,0
台南市,學甲區,大灣里,2023-07-03,0
台南市,學甲區,大灣里,2023-07-10,0
台南市,學甲區,大灣里,2023-07-17,1
台南市,學甲區,大灣里,2023-07-24,0
台南市,學甲區,大灣里,2023-07-31,1
台南市,學甲區,大灣里,2023-08-07,0
台南市,學甲區,大灣里,2023-08-14,2
台南市,學甲區,大灣里,2023-08-21,0
台南市,學甲區,大灣里,2023-08-28,0
台南市,學甲區,大灣里,2023-09-04,2
台南市,學甲區,大灣里,2023-09-11,1
台南市,學甲區,大灣里,2023-09-18,0
台南市,學甲區,大灣里,2023-09-25,1
台南市,學甲區,大灣里,2023-10-02,2
台南市,學甲區,大灣里,2023-10-09,2
台南市,學甲區,大灣里,2023-10-16,4
台南市,學甲區,大灣里,2023-10-23,1
台南市,學甲區,大灣里,2023-10-30,3
台南市,學甲區,大灣里,2023-11-06,3
台南市,學甲區,大灣里,2023-11-13,2
台南市,學甲區,大灣里,2023-11-20,1
台南市,學甲區,大灣里,2023-11-27,0
台南市,學甲區,大灣里,2023-12-04,0
台南市,學甲區,大灣里,2023-12-11,0
台南市,學甲區,大灣里,2023-12-18,0
台南市,學甲區,大灣里,2023-12-25,0
台南市,學甲區,大灣里,2024-01-01,0
台南市,學甲區,宅港里,2023-06-12,0
台南市,學甲區,宅港里,2023-06-19,0
台南市,學甲區,宅港里,2023-06-26,0
台南市,學甲區,宅港里,2023-07-03,0
台南市,學甲區,宅港里,2023-07-10,0
台南市,學甲區,宅港里,2023-07-17,0
台南市,學甲區,宅港里,2023-07-24,0
台南市,學甲區,宅港里,2023-07-31,0
台南市,學甲區,宅港里,2023-08-07,0
台南市,學甲區,宅港里,2023-08-14,0
台南市,學甲區,宅港里,2023-08-21,0
台南市,學甲區,宅港里,2023-08-28,0
台南市,學甲區,宅港里,2023-09-04,0
台南市,學甲區,宅港里,2023-09-11,0
台南市,學甲區,宅港里,2023-09-18,0
台南市,學甲區,宅港里,2023-09-25,0
台南市,學甲區,宅港里,2023-10-02,0
台南市,學甲區,宅港里,2023-10-09,0
台南市,學甲區,宅港里,2023-10-16,0
台南市,學甲區,宅港里,2023-10-23,0
台南市,學甲區,宅港里,2023-10-30,0
台南市,學甲區,宅港里,2023-11-06,1
台南市,學甲區,宅港里,2023-11-13,0
台南市,學甲區,宅港里,2023-11-20,0
台南市,學甲區,宅港里,2023-11-27,0
台南市,學甲區,宅港里,2023-12-04,0
台南市,學甲區,宅港里,2023-12-11,0
台南市,學甲區,宅港里,2023-12-18,0
台南市,學甲區,宅港里,2023-12-25,0
台南市,學甲區,宅港里,2024-01-01,0
台南市,學甲區,平和里,2023-06-12,0
台南市,學甲區,平和里,2023-06-19,0
台南市,學甲區,平和里,2023-06-26,0
台南市,學甲區,平和里,2023-07-03,0
台南市,學甲區,平和里,2023-07-10,0
台南市,學甲區,平和里,2023-07-17,0
台南市,學甲區,平和里,2023-07-24,0
台南市,學甲區,平和里,2023-07-31,0
台南市,學甲區,平和里,2023-08-07,0
台南市,學甲區,平和里,2023-08-14,0
台南市,學甲區,平和里,2023-08-21,0
台南市,學甲區,平和里,2023-08-28,0
台南市,學甲區,平和里,2023-09-04,0
台南市,學甲區,平和里,2023-09-11,0
台南市,學甲區,平和里,2023-09-18,0
台南市,學甲區,平和里,2023-09-25,0
台南市,學甲區,平和里,2023-10-02,0
台南市,學甲區,平和里,2023-10-09,0
台南市,學甲區,平和里,2023-10-16,0
台南市,學甲區,平和里,2023-10-23,0
台南市,學甲區,平和里,2023-10-30,0
台南市,學甲區,平和里,2023-11-06,0
台南市,學甲區,平和里,2023-11-13,0
台南市,學甲區,平和里,2023-11-20,0
台南市,學甲區,平和里,2023-11-27,0
台南市,學甲區,平和里,2023-12-04,0
台南市,學甲區,平和里,2023-12-11,0
台南市,學甲區,平和里,2023-12-18,0
台南市,學甲區,平和里,2023-12-25,0
台南市,學甲區,平和里,2024-01-01,0
台南市,學甲區,慈福里,2023-06-12,0
台南市,學甲區,慈福里,2023-06-19,0
台南市,學甲區,慈福里,2023-06-26,0
台南市,學甲區,慈福里,2023-07-03,0
台南市,學甲區,慈福里,2023-07-10,0
台南市,學甲區,慈福里,2023-07-17,0
台南市,學甲區,慈福里,2023-07-24,0
台南市,學甲區,慈福里,2023-07-31,0
台南市,學甲區,慈福里,2023-08-07,0
台南市,學甲區,慈福里,2023-08-14,0
台南市,學甲區,慈福里,2023-08-21,0
台南市,學甲區,慈福里,2023-08-28,0
台南市,學甲區,慈福里,2023-09-04,0
台南市,學甲區,慈福里,2023-09-11,0
台南市,學甲區,慈福里,2023-09-18,0
台南市,學甲區,慈福里,2023-09-25,0
台南市,學甲區,慈福里,2023-10-02,0
台南市,學甲區,慈福里,2023-10-09,0
台南市,學甲區,慈福里,2023-10-16,0
台南市,學甲區,慈福里,2023-10-23,0
台南市,學甲區,慈福里,2023-10-30,0
台南市,學甲區,慈福里,2023-11-06,0
台南市,學甲區,慈福里,2023-11-13,0
台南市,學甲區,慈福里,2023-11-20,0
台南市,學甲區,慈福里,2023-11-27,0
台南市,學甲區,慈福里,2023-12-04,0
台南市,學甲區,慈福里,2023-12-11,0
台南市,學甲區,慈福里,2023-12-18,0
台南市,學甲區,慈福里,2023-12-25,0
台南市,學甲區,慈福里,2024-01-01,0
台南市,學甲區,新榮里,2023-06-12,0
台南市,學甲區,新榮里,2023-06-19,0
台南市,學甲區,新榮里,2023-06-26,0
台南市,學甲區,新榮里,2023-07-03,0
台南市,學甲區,新榮里,2023-07-10,0
台南市,學甲區,新榮里,2023-07-17,0
台南市,學甲區,新榮里,2023-07-24,0
台南市,學甲區,新榮里,2023-07-31,0
台南市,學甲區,新榮里,2023-08-07,0
台南市,學甲區,新榮里,2023-08-14,0
台南市,學甲區,新榮里,2023-08-21,0
台南市,學甲區,新榮里,2023-08-28,0
台南市,學甲區,新榮里,2023-09-04,0
台南市,學甲區,新榮里,2023-09-11,0
台南市,學甲區,新榮里,2023-09-18,0
台南市,學甲區,新榮里,2023-09-25,0
台南市,學甲區,新榮里,2023-10-02,0
台南市,學甲區,新榮里,2023-10-09,0
台南市,學甲區,新榮里,2023-10-16,0
台南市,學甲區,新榮里,2023-10-23,0
台南市,學甲區,新榮里,2023-10-30,0
台南市,學甲區,新榮里,2023-11-06,0
台南市,學甲區,新榮里,2023-11-13,0
台南市,學甲區,新榮里,2023-11-20,0
台南市,學甲區,新榮里,2023-11-27,0
台南市,學甲區,新榮里,2023-12-04,0
台南市,學甲區,新榮里,2023-12-11,0
台南市,學甲區,新榮里,2023-12-18,0
台南市,學甲區,新榮里,2023-12-25,0
台南市,學甲區,新榮里,2024-01-01,0
台南市,學甲區,新達里,2023-06-12,0
台南市,學甲區,新達里,2023-06-19,0
台南市,學甲區,新達里,2023-06-26,0
台南市,學甲區,新達里,2023-07-03,0
台南市,學甲區,新達里,2023-07-10,0
台南市,學甲區,新達里,2023-07-17,0
台南市,學甲區,新達里,2023-07-24,0
台南市,學甲區,新達里,2023-07-31,0
台南市,學甲區,新達里,2023-08-07,0
台南市,學甲區,新達里,2023-08-14,0
台南市,學甲區,新達里,2023-08-21,0
台南市,學甲區,新達里,2023-08-28,0
台南市,學甲區,新達里,2023-09-04,0
台南市,學甲區,新達里,2023-09-11,0
台南市,學甲區,新達里,2023-09-18,0
台南市,學甲區,新達里,2023-09-25,0
台南市,學甲區,新達里,2023-10-02,0
台南市,學甲區,新達里,2023-10-09,0
台南市,學甲區,新達里,2023-10-16,0
台南市,學甲區,新達里,2023-10-23,0
台南市,學甲區,新達里,2023-10-30,1
台南市,學甲區,新達里,2023-11-06,1
台南市,學甲區,新達里,2023-11-13,0
台南市,學甲區,新達里,2023-11-20,1
台南市,學甲區,新達里,2023-11-27,1
台南市,學甲區,新達里,2023-12-04,0
台南市,學甲區,新達里,2023-12-11,0
台南市,學甲區,新達里,2023-12-18,0
台南市,學甲區,新達里,2023-12-25,0
台南市,學甲區,新達里,2024-01-01,0
台南市,學甲區,明宜里,2023-06-12,0
台南市,學甲區,明宜里,2023-06-19,0
台南市,學甲區,明宜里,2023-06-26,0
台南市,學甲區,明宜里,2023-07-03,0
台南市,學甲區,明宜里,2023-07-10,0
台南市,學甲區,明宜里,2023-07-17,0
台南市,學甲區,明宜里,2023-07-24,0
台南市,學甲區,明宜里,2023-07-31,0
台南市,學甲區,明宜里,2023-08-07,0
台南市,學甲區,明宜里,2023-08-14,0
台南市,學甲區,明宜里,2023-08-21,0
台南市,學甲區,明宜里,2023-08-28,0
台南市,學甲區,明宜里,2023-09-04,0
台南市,學甲區,明宜里,2023-09-11,0
台南市,學甲區,明宜里,2023-09-18,0
台南市,學甲區,明宜里,2023-09-25,0
台南市,學甲區,明宜里,2023-10-02,0
台南市,學甲區,明宜里,2023-10-09,0
台南市,學甲區,明宜里,2023-10-16,0
台南市,學甲區,明宜里,2023-10-23,0
台南市,學甲區,明宜里,2023-10-30,0
台南市,學甲區,明宜里,2023-11-06,0
台南市,學甲區,明宜里,2023-11-13,0
台南市,學甲區,明宜里,2023-11-20,0
台南市,學甲區,明宜里,2023-11-27,0
台南市,學甲區,明宜里,2023-12-04,0
台南市,學甲區,明宜里,2023-12-11,0
台南市,學甲區,明宜里,2023-12-18,0
台南市,學甲區,明宜里,2023-12-25,0
台南市,學甲區,明宜里,2024-01-01,0
台南市,學甲區,秀昌里,2023-06-12,0
台南市,學甲區,秀昌里,2023-06-19,0
台南市,學甲區,秀昌里,2023-06-26,0
台南市,學甲區,秀昌里,2023-07-03,0
台南市,學甲區,秀昌里,2023-07-10,0
台南市,學甲區,秀昌里,2023-07-17,0
台南市,學甲區,秀昌里,2023-07-24,0
台南市,學甲區,秀昌里,2023-07-31,0
台南市,學甲區,秀昌里,2023-08-07,0
台南市,學甲區,秀昌里,2023-08-14,0
台南市,學甲區,秀昌里,2023-08-21,0
台南市,學甲區,秀昌里,2023-08-28,0
台南市,學甲區,秀昌里,2023-09-04,0
台南市,學甲區,秀昌里,2023-09-11,1
台南市,學甲區,秀昌里,2023-09-18,0
台南市,學甲區,秀昌里,2023-09-25,0
台南市,學甲區,秀昌里,2023-10-02,0
台南市,學甲區,秀昌里,2023-10-09,0
台南市,學甲區,秀昌里,2023-10-16,0
台南市,學甲區,秀昌里,2023-10-23,0
台南市,學甲區,秀昌里,2023-10-30,0
台南市,學甲區,秀昌里,2023-11-06,0
台南市,學甲區,秀昌里,2023-11-13,0
台南市,學甲區,秀昌里,2023-11-20,0
台南市,學甲區,秀昌里,2023-11-27,0
台南市,學甲區,秀昌里,2023-12-04,0
台南市,學甲區,秀昌里,2023-12-11,0
台南市,學甲區,秀昌里,2023-12-18,0
台南市,學甲區,秀昌里,2023-12-25,0
台南市,學甲區,秀昌里,2024-01-01,0
台南市,學甲區,豐和里,2023-06-12,0
台南市,學甲區,豐和里,2023-06-19,0
台南市,學甲區,豐和里,2023-06-26,0
台南市,學甲區,豐和里,2023-07-03,0
台南市,學甲區,豐和里,2023-07-10,0
台南市,學甲區,豐和里,2023-07-17,0
台南市,學甲區,豐和里,2023-07-24,0
台南市,學甲區,豐和里,2023-07-31,0
台南市,學甲區,豐和里,2023-08-07,0
台南市,學甲區,豐和里,2023-08-14,0
台南市,學甲區,豐和里,2023-08-21,0
台南市,學甲區,豐和里,2023-08-28,0
台南市,學甲區,豐和里,2023-09-04,0
台南市,學甲區,豐和里,2023-09-11,0
台南市,學甲區,豐和里,2023-09-18,0
台南市,學甲區,豐和里,2023-09-25,0
台南市,學甲區,豐和里,2023-10-02,0
台南市,學甲區,豐和里,2023-10-09,0
台南市,學甲區,豐和里,2023-10-16,0
台南市,學甲區,豐和里,2023-10-23,0
台南市,學甲區,豐和里,2023-10-30,0
台南市,學甲區,豐和里,2023-11-06,0
台南市,學甲區,豐和里,2023-11-13,1
台南市,學甲區,豐和里,2023-11-20,0
台南市,學甲區,豐和里,2023-11-27,0
台南市,學甲區,豐和里,2023-12-04,0
台南市,學甲區,豐和里,2023-12-11,0
台南市,學甲區,豐和里,2023-12-18,0
台南市,學甲區,豐和里,2023-12-25,0
台南市,學甲區,豐和里,2024-01-01,0
台南市,安南區,佃東里,2023-06-12,0
台南市,安南區,佃東里,2023-06-19,0
台南市,安南區,佃東里,2023-06-26,0
台南市,安南區,佃東里,2023-07-03,0
台南市,安南區,佃東里,2023-07-10,0
台南市,安南區,佃東里,2023-07-17,0
台南市,安南區,佃東里,2023-07-24,0
台南市,安南區,佃東里,2023-07-31,0
台南市,安南區,佃東里,2023-08-07,0
台南市,安南區,佃東里,2023-08-14,0
台南市,安南區,佃東里,2023-08-21,0
台南市,安南區,佃東里,2023-08-28,2
台南市,安南區,佃東里,2023-09-04,4
台南市,安南區,佃東里,2023-09-11,0
台南市,安南區,佃東里,2023-09-18,1
台南市,安南區,佃東里,2023-09-25,4
台南市,安南區,佃東里,2023-10-02,3
台南市,安南區,佃東里,2023-10-09,2
台南市,安南區,佃東里,2023-10-16,0
台南市,安南區,佃東里,2023-10-23,4
台南市,安南區,佃東里,2023-10-30,0
台南市,安南區,佃東里,2023-11-06,1
台南市,安南區,佃東里,2023-11-13,0
台南市,安南區,佃東里,2023-11-20,0
台南市,安南區,佃東里,2023-11-27,1
台南市,安南區,佃東里,2023-12-04,0
台南市,安南區,佃東里,2023-12-11,0
台南市,安南區,佃東里,2023-12-18,1
台南市,安南區,佃東里,2023-12-25,0
台南市,安南區,佃東里,2024-01-01,0
台南市,安南區,佃西里,2023-06-12,0
台南市,安南區,佃西里,2023-06-19,0
台南市,安南區,佃西里,2023-06-26,0
台南市,安南區,佃西里,2023-07-03,0
台南市,安南區,佃西里,2023-07-10,0
台南市,安南區,佃西里,2023-07-17,0
台南市,安南區,佃西里,2023-07-24,1
台南市,安南區,佃西里,2023-07-31,0
台南市,安南區,佃西里,2023-08-07,0
台南市,安南區,佃西里,2023-08-14,0
台南市,安南區,佃西里,2023-08-21,0
台南市,安南區,佃西里,2023-08-28,2
台南市,安南區,佃西里,2023-09-04,1
台南市,安南區,佃西里,2023-09-11,1
台南市,安南區,佃西里,2023-09-18,0
台南市,安南區,佃西里,2023-09-25,1
台南市,安南區,佃西里,2023-10-02,1
台南市,安南區,佃西里,2023-10-09,1
台南市,安南區,佃西里,2023-10-16,2
台南市,安南區,佃西里,2023-10-23,1
台南市,安南區,佃西里,2023-10-30,1
台南市,安南區,佃西里,2023-11-06,0
台南市,安南區,佃西里,2023-11-13,0
台南市,安南區,佃西里,2023-11-20,0
台南市,安南區,佃西里,2023-11-27,0
台南市,安南區,佃西里,2023-12-04,0
台南市,安南區,佃西里,2023-12-11,1
台南市,安南區,佃西里,2023-12-18,1
台南市,安南區,佃西里,2023-12-25,0
台南市,安南區,佃西里,2024-01-01,0
台南市,安南區,公塭里,2023-06-12,0
台南市,安南區,公塭里,2023-06-19,0
台南市,安南區,公塭里,2023-06-26,0
台南市,安南區,公塭里,2023-07-03,0
台南市,安南區,公塭里,2023-07-10,0
台南市,安南區,公塭里,2023-07-17,0
台南市,安南區,公塭里,2023-07-24,0
台南市,安南區,公塭里,2023-07-31,0
台南市,安南區,公塭里,2023-08-07,0
台南市,安南區,公塭里,2023-08-14,0
台南市,安南區,公塭里,2023-08-21,0
台南市,安南區,公塭里,2023-08-28,1
台南市,安南區,公塭里,2023-09-04,1
台南市,安南區,公塭里,2023-09-11,0
台南市,安南區,公塭里,2023-09-18,0
台南市,安南區,公塭里,2023-09-25,1
台南市,安南區,公塭里,2023-10-02,1
台南市,安南區,公塭里,2023-10-09,0
台南市,安南區,公塭里,2023-10-16,0
台南市,安南區,公塭里,2023-10-23,1
台南市,安南區,公塭里,2023-10-30,0
台南市,安南區,公塭里,2023-11-06,1
台南市,安南區,公塭里,2023-11-13,1
台南市,安南區,公塭里,2023-11-20,0
台南市,安南區,公塭里,2023-11-27,0
台南市,安南區,公塭里,2023-12-04,0
台南市,安南區,公塭里,2023-12-11,0
台南市,安南區,公塭里,2023-12-18,0
台南市,安南區,公塭里,2023-12-25,0
台南市,安南區,公塭里,2024-01-01,0
台南市,安南區,公親里,2023-06-12,0
台南市,安南區,公親里,2023-06-19,0
台南市,安南區,公親里,2023-06-26,0
台南市,安南區,公親里,2023-07-03,0
台南市,安南區,公親里,2023-07-10,0
台南市,安南區,公親里,2023-07-17,0
台南市,安南區,公親里,2023-07-24,0
台南市,安南區,公親里,2023-07-31,0
台南市,安南區,公親里,2023-08-07,0
台南市,安南區,公親里,2023-08-14,0
台南市,安南區,公親里,2023-08-21,0
台南市,安南區,公親里,2023-08-28,0
台南市,安南區,公親里,2023-09-04,0
台南市,安南區,公親里,2023-09-11,0
台南市,安南區,公親里,2023-09-18,0
台南市,安南區,公親里,2023-09-25,0
台南市,安南區,公親里,2023-10-02,0
台南市,安南區,公親里,2023-10-09,1
台南市,安南區,公親里,2023-10-16,1
台南市,安南區,公親里,2023-10-23,0
台南市,安南區,公親里,2023-10-30,0
台南市,安南區,公親里,2023-11-06,0
台南市,安南區,公親里,2023-11-13,0
台南市,安南區,公親里,2023-11-20,0
台南市,安南區,公親里,2023-11-27,0
台南市,安南區,公親里,2023-12-04,0
台南市,安南區,公親里,2023-12-11,0
台南市,安南區,公親里,2023-12-18,0
台南市,安南區,公親里,2023-12-25,0
台南市,安南區,公親里,2024-01-01,0
台南市,安南區,南興里,2023-06-12,0
台南市,安南區,南興里,2023-06-19,0
台南市,安南區,南興里,2023-06-26,0
台南市,安南區,南興里,2023-07-03,0
台南市,安南區,南興里,2023-07-10,0
台南市,安南區,南興里,2023-07-17,0
台南市,安南區,南興里,2023-07-24,0
台南市,安南區,南興里,2023-07-31,0
台南市,安南區,南興里,2023-08-07,0
台南市,安南區,南興里,2023-08-14,0
台南市,安南區,南興里,2023-08-21,0
台南市,安南區,南興里,2023-08-28,0
台南市,安南區,南興里,2023-09-04,1
台南市,安南區,南興里,2023-09-11,0
台南市,安南區,南興里,2023-09-18,2
台南市,安南區,南興里,2023-09-25,3
台南市,安南區,南興里,2023-10-02,3
台南市,安南區,南興里,2023-10-09,2
台南市,安南區,南興里,2023-10-16,3
台南市,安南區,南興里,2023-10-23,3
台南市,安南區,南興里,2023-10-30,4
台南市,安南區,南興里,2023-11-06,4
台南市,安南區,南興里,2023-11-13,1
台南市,安南區,南興里,2023-11-20,5
台南市,安南區,南興里,2023-11-27,1
台南市,安南區,南興里,2023-12-04,0
台南市,安南區,南興里,2023-12-11,2
台南市,安南區,南興里,2023-12-18,0
台南市,安南區,南興里,2023-12-25,1
台南市,安南區,南興里,2024-01-01,0
台南市,安南區,原佃里,2023-06-12,0
台南市,安南區,原佃里,2023-06-19,0
台南市,安南區,原佃里,2023-06-26,0
台南市,安南區,原佃里,2023-07-03,0
台南市,安南區,原佃里,2023-07-10,0
台南市,安南區,原佃里,2023-07-17,0
台南市,安南區,原佃里,2023-07-24,0
台南市,安南區,原佃里,2023-07-31,0
台南市,安南區,原佃里,2023-08-07,0
台南市,安南區,原佃里,2023-08-14,0
台南市,安南區,原佃里,2023-08-21,2
台南市,安南區,原佃里,2023-08-28,0
台南市,安南區,原佃里,2023-09-04,2
台南市,安南區,原佃里,2023-09-11,1
台南市,安南區,原佃里,2023-09-18,2
台南市,安南區,原佃里,2023-09-25,3
台南市,安南區,原佃里,2023-10-02,2
台南市,安南區,原佃里,2023-10-09,1
台南市,安南區,原佃里,2023-10-16,1
台南市,安南區,原佃里,2023-10-23,1
台南市,安南區,原佃里,2023-10-30,2
台南市,安南區,原佃里,2023-11-06,0
台南市,安南區,原佃里,2023-11-13,1
台南市,安南區,原佃里,2023-11-20,1
台南市,安南區,原佃里,2023-11-27,0
台南市,安南區,原佃里,2023-12-04,0
台南市,安南區,原佃里,2023-12-11,0
台南市,安南區,原佃里,2023-12-18,0
台南市,安南區,原佃里,2023-12-25,1
台南市,安南區,原佃里,2024-01-01,0
台南市,安南區,四草里,2023-06-12,0
台南市,安南區,四草里,2023-06-19,0
台南市,安南區,四草里,2023-06-26,0
台南市,安南區,四草里,2023-07-03,0
台南市,安南區,四草里,2023-07-10,0
台南市,安南區,四草里,2023-07-17,0
台南市,安南區,四草里,2023-07-24,0
台南市,安南區,四草里,2023-07-31,0
台南市,安南區,四草里,2023-08-07,0
台南市,安南區,四草里,2023-08-14,0
台南市,安南區,四草里,2023-08-21,1
台南市,安南區,四草里,2023-08-28,0
台南市,安南區,四草里,2023-09-04,0
台南市,安南區,四草里,2023-09-11,0
台南市,安南區,四草里,2023-09-18,0
台南市,安南區,四草里,2023-09-25,0
台南市,安南區,四草里,2023-10-02,1
台南市,安南區,四草里,2023-10-09,1
台南市,安南區,四草里,2023-10-16,1
台南市,安南區,四草里,2023-10-23,0
台南市,安南區,四草里,2023-10-30,0
台南市,安南區,四草里,2023-11-06,0
台南市,安南區,四草里,2023-11-13,0
台南市,安南區,四草里,2023-11-20,0
台南市,安南區,四草里,2023-11-27,0
台南市,安南區,四草里,2023-12-04,0
台南市,安南區,四草里,2023-12-11,0
台南市,安南區,四草里,2023-12-18,0
台南市,安南區,四草里,2023-12-25,0
台南市,安南區,四草里,2024-01-01,0
台南市,安南區,國安里,2023-06-12,0
台南市,安南區,國安里,2023-06-19,0
台南市,安南區,國安里,2023-06-26,0
台南市,安南區,國安里,2023-07-03,0
台南市,安南區,國安里,2023-07-10,0
台南市,安南區,國安里,2023-07-17,0
台南市,安南區,國安里,2023-07-24,0
台南市,安南區,國安里,2023-07-31,0
台南市,安南區,國安里,2023-08-07,0
台南市,安南區,國安里,2023-08-14,2
台南市,安南區,國安里,2023-08-21,3
台南市,安南區,國安里,2023-08-28,17
台南市,安南區,國安里,2023-09-04,18
台南市,安南區,國安里,2023-09-11,19
台南市,安南區,國安里,2023-09-18,17
台南市,安南區,國安里,2023-09-25,6
台南市,安南區,國安里,2023-10-02,12
台南市,安南區,國安里,2023-10-09,5
台南市,安南區,國安里,2023-10-16,4
台南市,安南區,國安里,2023-10-23,1
台南市,安南區,國安里,2023-10-30,1
台南市,安南區,國安里,2023-11-06,2
台南市,安南區,國安里,2023-11-13,1
台南市,安南區,國安里,2023-11-20,0
台南市,安南區,國安里,2023-11-27,0
台南市,安南區,國安里,2023-12-04,0
台南市,安南區,國安里,2023-12-11,0
台南市,安南區,國安里,2023-12-18,0
台南市,安南區,國安里,2023-12-25,0
台南市,安南區,國安里,2024-01-01,0
台南市,安南區,城中里,2023-06-12,0
台南市,安南區,城中里,2023-06-19,0
台南市,安南區,城中里,2023-06-26,0
台南市,安南區,城中里,2023-07-03,0
台南市,安南區,城中里,2023-07-10,0
台南市,安南區,城中里,2023-07-17,0
台南市,安南區,城中里,2023-07-24,0
台南市,安南區,城中里,2023-07-31,0
台南市,安南區,城中里,2023-08-07,0
台南市,安南區,城中里,2023-08-14,0
台南市,安南區,城中里,2023-08-21,0
台南市,安南區,城中里,2023-08-28,0
台南市,安南區,城中里,2023-09-04,0
台南市,安南區,城中里,2023-09-11,0
台南市,安南區,城中里,2023-09-18,0
台南市,安南區,城中里,2023-09-25,1
台南市,安南區,城中里,2023-10-02,0
台南市,安南區,城中里,2023-10-09,1
台南市,安南區,城中里,2023-10-16,0
台南市,安南區,城中里,2023-10-23,0
台南市,安南區,城中里,2023-10-30,0
台南市,安南區,城中里,2023-11-06,0
台南市,安南區,城中里,2023-11-13,0
台南市,安南區,城中里,2023-11-20,0
台南市,安南區,城中里,2023-11-27,0
台南市,安南區,城中里,2023-12-04,0
台南市,安南區,城中里,2023-12-11,0
台南市,安南區,城中里,2023-12-18,0
台南市,安南區,城中里,2023-12-25,0
台南市,安南區,城中里,2024-01-01,0
台南市,安南區,城北里,2023-06-12,0
台南市,安南區,城北里,2023-06-19,0
台南市,安南區,城北里,2023-06-26,0
台南市,安南區,城北里,2023-07-03,0
台南市,安南區,城北里,2023-07-10,0
台南市,安南區,城北里,2023-07-17,0
台南市,安南區,城北里,2023-07-24,1
台南市,安南區,城北里,2023-07-31,0
台南市,安南區,城北里,2023-08-07,0
台南市,安南區,城北里,2023-08-14,0
台南市,安南區,城北里,2023-08-21,0
台南市,安南區,城北里,2023-08-28,0
台南市,安南區,城北里,2023-09-04,0
台南市,安南區,城北里,2023-09-11,0
台南市,安南區,城北里,2023-09-18,0
台南市,安南區,城北里,2023-09-25,0
台南市,安南區,城北里,2023-10-02,1
台南市,安南區,城北里,2023-10-09,0
台南市,安南區,城北里,2023-10-16,0
台南市,安南區,城北里,2023-10-23,0
台南市,安南區,城北里,2023-10-30,0
台南市,安南區,城北里,2023-11-06,0
台南市,安南區,城北里,2023-11-13,0
台南市,安南區,城北里,2023-11-20,0
台南市,安南區,城北里,2023-11-27,0
台南市,安南區,城北里,2023-12-04,0
台南市,安南區,城北里,2023-12-11,0
台南市,安南區,城北里,2023-12-18,0
台南市,安南區,城北里,2023-12-25,0
台南市,安南區,城北里,2024-01-01,0
台南市,安南區,城南里,2023-06-12,0
台南市,安南區,城南里,2023-06-19,0
台南市,安南區,城南里,2023-06-26,0
台南市,安南區,城南里,2023-07-03,0
台南市,安南區,城南里,2023-07-10,0
台南市,安南區,城南里,2023-07-17,0
台南市,安南區,城南里,2023-07-24,0
台南市,安南區,城南里,2023-07-31,0
台南市,安南區,城南里,2023-08-07,0
台南市,安南區,城南里,2023-08-14,0
台南市,安南區,城南里,2023-08-21,1
台南市,安南區,城南里,2023-08-28,0
台南市,安南區,城南里,2023-09-04,0
台南市,安南區,城南里,2023-09-11,2
台南市,安南區,城南里,2023-09-18,0
台南市,安南區,城南里,2023-09-25,0
台南市,安南區,城南里,2023-10-02,3
台南市,安南區,城南里,2023-10-09,1
台南市,安南區,城南里,2023-10-16,0
台南市,安南區,城南里,2023-10-23,1
台南市,安南區,城南里,2023-10-30,0
台南市,安南區,城南里,2023-11-06,1
台南市,安南區,城南里,2023-11-13,0
台南市,安南區,城南里,2023-11-20,0
台南市,安南區,城南里,2023-11-27,0
台南市,安南區,城南里,2023-12-04,0
台南市,安南區,城南里,2023-12-11,0
台南市,安南區,城南里,2023-12-18,1
台南市,安南區,城南里,2023-12-25,0
台南市,安南區,城南里,2024-01-01,0
台南市,安南區,城東里,2023-06-12,0
台南市,安南區,城東里,2023-06-19,0
台南市,安南區,城東里,2023-06-26,0
台南市,安南區,城東里,2023-07-03,0
台南市,安南區,城東里,2023-07-10,0
台南市,安南區,城東里,2023-07-17,0
台南市,安南區,城東里,2023-07-24,0
台南市,安南區,城東里,2023-07-31,0
台南市,安南區,城東里,2023-08-07,0
台南市,安南區,城東里,2023-08-14,0
台南市,安南區,城東里,2023-08-21,0
台南市,安南區,城東里,2023-08-28,0
台南市,安南區,城東里,2023-09-04,0
台南市,安南區,城東里,2023-09-11,0
台南市,安南區,城東里,2023-09-18,1
台南市,安南區,城東里,2023-09-25,0
台南市,安南區,城東里,2023-10-02,0
台南市,安南區,城東里,2023-10-09,1
台南市,安南區,城東里,2023-10-16,0
台南市,安南區,城東里,2023-10-23,0
台南市,安南區,城東里,2023-10-30,0
台南市,安南區,城東里,2023-11-06,0
台南市,安南區,城東里,2023-11-13,1
台南市,安南區,城東里,2023-11-20,0
台南市,安南區,城東里,2023-11-27,0
台南市,安南區,城東里,2023-12-04,0
台南市,安南區,城東里,2023-12-11,0
台南市,安南區,城東里,2023-12-18,0
台南市,安南區,城東里,2023-12-25,0
台南市,安南區,城東里,2024-01-01,0
台南市,安南區,城西里,2023-06-12,0
台南市,安南區,城西里,2023-06-19,0
台南市,安南區,城西里,2023-06-26,0
台南市,安南區,城西里,2023-07-03,0
台南市,安南區,城西里,2023-07-10,0
台南市,安南區,城西里,2023-07-17,0
台南市,安南區,城西里,2023-07-24,0
台南市,安南區,城西里,2023-07-31,0
台南市,安南區,城西里,2023-08-07,0
台南市,安南區,城西里,2023-08-14,0
台南市,安南區,城西里,2023-08-21,0
台南市,安南區,城西里,2023-08-28,0
台南市,安南區,城西里,2023-09-04,0
台南市,安南區,城西里,2023-09-11,1
台南市,安南區,城西里,2023-09-18,0
台南市,安南區,城西里,2023-09-25,2
台南市,安南區,城西里,2023-10-02,0
台南市,安南區,城西里,2023-10-09,0
台南市,安南區,城西里,2023-10-16,0
台南市,安南區,城西里,2023-10-23,0
台南市,安南區,城西里,2023-10-30,0
台南市,安南區,城西里,2023-11-06,0
台南市,安南區,城西里,2023-11-13,1
台南市,安南區,城西里,2023-11-20,0
台南市,安南區,城西里,2023-11-27,1
台南市,安南區,城西里,2023-12-04,0
台南市,安南區,城西里,2023-12-11,0
台南市,安南區,城西里,2023-12-18,0
台南市,安南區,城西里,2023-12-25,0
台南市,安南區,城西里,2024-01-01,0
台南市,安南區,塩田里,2023-06-12,0
台南市,安南區,塩田里,2023-06-19,0
台南市,安南區,塩田里,2023-06-26,0
台南市,安南區,塩田里,2023-07-03,0
台南市,安南區,塩田里,2023-07-10,0
台南市,安南區,塩田里,2023-07-17,0
台南市,安南區,塩田里,2023-07-24,0
台南市,安南區,塩田里,2023-07-31,0
台南市,安南區,塩田里,2023-08-07,0
台南市,安南區,塩田里,2023-08-14,0
台南市,安南區,塩田里,2023-08-21,0
台南市,安南區,塩田里,2023-08-28,0
台南市,安南區,塩田里,2023-09-04,0
台南市,安南區,塩田里,2023-09-11,0
台南市,安南區,塩田里,2023-09-18,0
台南市,安南區,塩田里,2023-09-25,0
台南市,安南區,塩田里,2023-10-02,0
台南市,安南區,塩田里,2023-10-09,0
台南市,安南區,塩田里,2023-10-16,0
台南市,安南區,塩田里,2023-10-23,0
台南市,安南區,塩田里,2023-10-30,0
台南市,安南區,塩田里,2023-11-06,0
台南市,安南區,塩田里,2023-11-13,0
台南市,安南區,塩田里,2023-11-20,0
台南市,安南區,塩田里,2023-11-27,0
台南市,安南區,塩田里,2023-12-04,0
台南市,安南區,塩田里,2023-12-11,0
台南市,安南區,塩田里,2023-12-18,0
台南市,安南區,塩田里,2023-12-25,0
台南市,安南區,塩田里,2024-01-01,0
台南市,安南區,塭南里,2023-06-12,0
台南市,安南區,塭南里,2023-06-19,0
台南市,安南區,塭南里,2023-06-26,0
台南市,安南區,塭南里,2023-07-03,1
台南市,安南區,塭南里,2023-07-10,0
台南市,安南區,塭南里,2023-07-17,0
台南市,安南區,塭南里,2023-07-24,0
台南市,安南區,塭南里,2023-07-31,1
台南市,安南區,塭南里,2023-08-07,0
台南市,安南區,塭南里,2023-08-14,1
台南市,安南區,塭南里,2023-08-21,0
台南市,安南區,塭南里,2023-08-28,0
台南市,安南區,塭南里,2023-09-04,2
台南市,安南區,塭南里,2023-09-11,1
台南市,安南區,塭南里,2023-09-18,2
台南市,安南區,塭南里,2023-09-25,2
台南市,安南區,塭南里,2023-10-02,2
台南市,安南區,塭南里,2023-10-09,2
台南市,安南區,塭南里,2023-10-16,3
台南市,安南區,塭南里,2023-10-23,1
台南市,安南區,塭南里,2023-10-30,2
台南市,安南區,塭南里,2023-11-06,0
台南市,安南區,塭南里,2023-11-13,0
台南市,安南區,塭南里,2023-11-20,0
台南市,安南區,塭南里,2023-11-27,0
台南市,安南區,塭南里,2023-12-04,0
台南市,安南區,塭南里,2023-12-11,0
台南市,安南區,塭南里,2023-12-18,0
台南市,安南區,塭南里,2023-12-25,0
台南市,安南區,塭南里,2024-01-01,0
台南市,安南區,大安里,2023-06-12,0
台南市,安南區,大安里,2023-06-19,0
台南市,安南區,大安里,2023-06-26,0
台南市,安南區,大安里,2023-07-03,0
台南市,安南區,大安里,2023-07-10,0
台南市,安南區,大安里,2023-07-17,1
台南市,安南區,大安里,2023-07-24,4
台南市,安南區,大安里,2023-07-31,1
台南市,安南區,大安里,2023-08-07,0
台南市,安南區,大安里,2023-08-14,0
台南市,安南區,大安里,2023-08-21,2
台南市,安南區,大安里,2023-08-28,8
台南市,安南區,大安里,2023-09-04,14
台南市,安南區,大安里,2023-09-11,18
台南市,安南區,大安里,2023-09-18,18
台南市,安南區,大安里,2023-09-25,19
台南市,安南區,大安里,2023-10-02,13
台南市,安南區,大安里,2023-10-09,8
台南市,安南區,大安里,2023-10-16,5
台南市,安南區,大安里,2023-10-23,4
台南市,安南區,大安里,2023-10-30,12
台南市,安南區,大安里,2023-11-06,9
台南市,安南區,大安里,2023-11-13,7
台南市,安南區,大安里,2023-11-20,3
台南市,安南區,大安里,2023-11-27,1
台南市,安南區,大安里,2023-12-04,2
台南市,安南區,大安里,2023-12-11,0
台南市,安南區,大安里,2023-12-18,1
台南市,安南區,大安里,2023-12-25,0
台南市,安南區,大安里,2024-01-01,0
台南市,安南區,學東里,2023-06-12,0
台南市,安南區,學東里,2023-06-19,0
台南市,安南區,學東里,2023-06-26,0
台南市,安南區,學東里,2023-07-03,0
台南市,安南區,學東里,2023-07-10,0
台南市,安南區,學東里,2023-07-17,0
台南市,安南區,學東里,2023-07-24,0
台南市,安南區,學東里,2023-07-31,0
台南市,安南區,學東里,2023-08-07,0
台南市,安南區,學東里,2023-08-14,0
台南市,安南區,學東里,2023-08-21,1
台南市,安南區,學東里,2023-08-28,0
台南市,安南區,學東里,2023-09-04,0
台南市,安南區,學東里,2023-09-11,0
台南市,安南區,學東里,2023-09-18,1
台南市,安南區,學東里,2023-09-25,1
台南市,安南區,學東里,2023-10-02,0
台南市,安南區,學東里,2023-10-09,0
台南市,安南區,學東里,2023-10-16,1
台南市,安南區,學東里,2023-10-23,2
台南市,安南區,學東里,2023-10-30,2
台南市,安南區,學東里,2023-11-06,1
台南市,安南區,學東里,2023-11-13,0
台南市,安南區,學東里,2023-11-20,1
台南市,安南區,學東里,2023-11-27,0
台南市,安南區,學東里,2023-12-04,1
台南市,安南區,學東里,2023-12-11,0
台南市,安南區,學東里,2023-12-18,0
台南市,安南區,學東里,2023-12-25,0
台南市,安南區,學東里,2024-01-01,0
台南市,安南區,安和里,2023-06-12,0
台南市,安南區,安和里,2023-06-19,0
台南市,安南區,安和里,2023-06-26,0
台南市,安南區,安和里,2023-07-03,0
台南市,安南區,安和里,2023-07-10,1
台南市,安南區,安和里,2023-07-17,0
台南市,安南區,安和里,2023-07-24,0
台南市,安南區,安和里,2023-07-31,0
台南市,安南區,安和里,2023-08-07,0
台南市,安南區,安和里,2023-08-14,0
台南市,安南區,安和里,2023-08-21,1
台南市,安南區,安和里,2023-08-28,6
台南市,安南區,安和里,2023-09-04,1
台南市,安南區,安和里,2023-09-11,4
台南市,安南區,安和里,2023-09-18,6
台南市,安南區,安和里,2023-09-25,12
台南市,安南區,安和里,2023-10-02,6
台南市,安南區,安和里,2023-10-09,7
台南市,安南區,安和里,2023-10-16,5
台南市,安南區,安和里,2023-10-23,3
台南市,安南區,安和里,2023-10-30,2
台南市,安南區,安和里,2023-11-06,7
台南市,安南區,安和里,2023-11-13,8
台南市,安南區,安和里,2023-11-20,1
台南市,安南區,安和里,2023-11-27,2
台南市,安南區,安和里,2023-12-04,0
台南市,安南區,安和里,2023-12-11,0
台南市,安南區,安和里,2023-12-18,0
台南市,安南區,安和里,2023-12-25,0
台南市,安南區,安和里,2024-01-01,0
台南市,安南區,安富里,2023-06-12,0
台南市,安南區,安富里,2023-06-19,0
台南市,安南區,安富里,2023-06-26,0
台南市,安南區,安富里,2023-07-03,0
台南市,安南區,安富里,2023-07-10,0
台南市,安南區,安富里,2023-07-17,0
台南市,安南區,安富里,2023-07-24,0
台南市,安南區,安富里,2023-07-31,2
台南市,安南區,安富里,2023-08-07,2
台南市,安南區,安富里,2023-08-14,4
台南市,安南區,安富里,2023-08-21,12
台南市,安南區,安富里,2023-08-28,32
台南市,安南區,安富里,2023-09-04,37
台南市,安南區,安富里,2023-09-11,49
台南市,安南區,安富里,2023-09-18,56
台南市,安南區,安富里,2023-09-25,29
台南市,安南區,安富里,2023-10-02,19
台南市,安南區,安富里,2023-10-09,15
台南市,安南區,安富里,2023-10-16,17
台南市,安南區,安富里,2023-10-23,15
台南市,安南區,安富里,2023-10-30,9
台南市,安南區,安富里,2023-11-06,11
台南市,安南區,安富里,2023-11-13,4
台南市,安南區,安富里,2023-11-20,0
台南市,安南區,安富里,2023-11-27,0
台南市,安南區,安富里,2023-12-04,0
台南市,安南區,安富里,2023-12-11,0
台南市,安南區,安富里,2023-12-18,0
台南市,安南區,安富里,2023-12-25,0
台南市,安南區,安富里,2024-01-01,0
台南市,安南區,安慶里,2023-06-12,0
台南市,安南區,安慶里,2023-06-19,0
台南市,安南區,安慶里,2023-06-26,0
台南市,安南區,安慶里,2023-07-03,0
台南市,安南區,安慶里,2023-07-10,0
台南市,安南區,安慶里,2023-07-17,0
台南市,安南區,安慶里,2023-07-24,0
台南市,安南區,安慶里,2023-07-31,0
台南市,安南區,安慶里,2023-08-07,0
台南市,安南區,安慶里,2023-08-14,0
台南市,安南區,安慶里,2023-08-21,0
台南市,安南區,安慶里,2023-08-28,5
台南市,安南區,安慶里,2023-09-04,5
台南市,安南區,安慶里,2023-09-11,13
台南市,安南區,安慶里,2023-09-18,13
台南市,安南區,安慶里,2023-09-25,15
台南市,安南區,安慶里,2023-10-02,19
台南市,安南區,安慶里,2023-10-09,6
台南市,安南區,安慶里,2023-10-16,1
台南市,安南區,安慶里,2023-10-23,10
台南市,安南區,安慶里,2023-10-30,4
台南市,安南區,安慶里,2023-11-06,4
台南市,安南區,安慶里,2023-11-13,5
台南市,安南區,安慶里,2023-11-20,6
台南市,安南區,安慶里,2023-11-27,2
台南市,安南區,安慶里,2023-12-04,1
台南市,安南區,安慶里,2023-12-11,0
台南市,安南區,安慶里,2023-12-18,0
台南市,安南區,安慶里,2023-12-25,0
台南市,安南區,安慶里,2024-01-01,0
台南市,安南區,安東里,2023-06-12,0
台南市,安南區,安東里,2023-06-19,0
台南市,安南區,安東里,2023-06-26,0
台南市,安南區,安東里,2023-07-03,0
台南市,安南區,安東里,2023-07-10,0
台南市,安南區,安東里,2023-07-17,0
台南市,安南區,安東里,2023-07-24,0
台南市,安南區,安東里,2023-07-31,0
台南市,安南區,安東里,2023-08-07,0
台南市,安南區,安東里,2023-08-14,1
台南市,安南區,安東里,2023-08-21,2
台南市,安南區,安東里,2023-08-28,0
台南市,安南區,安東里,2023-09-04,0
台南市,安南區,安東里,2023-09-11,3
台南市,安南區,安東里,2023-09-18,1
台南市,安南區,安東里,2023-09-25,4
台南市,安南區,安東里,2023-10-02,8
台南市,安南區,安東里,2023-10-09,18
台南市,安南區,安東里,2023-10-16,7
台南市,安南區,安東里,2023-10-23,5
台南市,安南區,安東里,2023-10-30,3
台南市,安南區,安東里,2023-11-06,3
台南市,安南區,安東里,2023-11-13,5
台南市,安南區,安東里,2023-11-20,3
台南市,安南區,安東里,2023-11-27,3
台南市,安南區,安東里,2023-12-04,2
台南市,安南區,安東里,2023-12-11,0
台南市,安南區,安東里,2023-12-18,0
台南市,安南區,安東里,2023-12-25,0
台南市,安南區,安東里,2024-01-01,1
台南市,安南區,安西里,2023-06-12,0
台南市,安南區,安西里,2023-06-19,0
台南市,安南區,安西里,2023-06-26,0
台南市,安南區,安西里,2023-07-03,0
台南市,安南區,安西里,2023-07-10,0
台南市,安南區,安西里,2023-07-17,0
台南市,安南區,安西里,2023-07-24,0
台南市,安南區,安西里,2023-07-31,0
台南市,安南區,安西里,2023-08-07,0
台南市,安南區,安西里,2023-08-14,1
台南市,安南區,安西里,2023-08-21,0
台南市,安南區,安西里,2023-08-28,4
台南市,安南區,安西里,2023-09-04,3
台南市,安南區,安西里,2023-09-11,6
台南市,安南區,安西里,2023-09-18,6
台南市,安南區,安西里,2023-09-25,9
台南市,安南區,安西里,2023-10-02,18
台南市,安南區,安西里,2023-10-09,23
台南市,安南區,安西里,2023-10-16,16
台南市,安南區,安西里,2023-10-23,8
台南市,安南區,安西里,2023-10-30,14
台南市,安南區,安西里,2023-11-06,15
台南市,安南區,安西里,2023-11-13,10
台南市,安南區,安西里,2023-11-20,4
台南市,安南區,安西里,2023-11-27,2
台南市,安南區,安西里,2023-12-04,0
台南市,安南區,安西里,2023-12-11,0
台南市,安南區,安西里,2023-12-18,2
台南市,安南區,安西里,2023-12-25,0
台南市,安南區,安西里,2024-01-01,0
台南市,安南區,安順里,2023-06-12,0
台南市,安南區,安順里,2023-06-19,0
台南市,安南區,安順里,2023-06-26,0
台南市,安南區,安順里,2023-07-03,0
台南市,安南區,安順里,2023-07-10,0
台南市,安南區,安順里,2023-07-17,0
台南市,安南區,安順里,2023-07-24,0
台南市,安南區,安順里,2023-07-31,0
台南市,安南區,安順里,2023-08-07,0
台南市,安南區,安順里,2023-08-14,1
台南市,安南區,安順里,2023-08-21,1
台南市,安南區,安順里,2023-08-28,2
台南市,安南區,安順里,2023-09-04,3
台南市,安南區,安順里,2023-09-11,3
台南市,安南區,安順里,2023-09-18,7
台南市,安南區,安順里,2023-09-25,5
台南市,安南區,安順里,2023-10-02,2
台南市,安南區,安順里,2023-10-09,0
台南市,安南區,安順里,2023-10-16,1
台南市,安南區,安順里,2023-10-23,2
台南市,安南區,安順里,2023-10-30,3
台南市,安南區,安順里,2023-11-06,2
台南市,安南區,安順里,2023-11-13,1
台南市,安南區,安順里,2023-11-20,1
台南市,安南區,安順里,2023-11-27,1
台南市,安南區,安順里,2023-12-04,0
台南市,安南區,安順里,2023-12-11,0
台南市,安南區,安順里,2023-12-18,1
台南市,安南區,安順里,2023-12-25,0
台南市,安南區,安順里,2024-01-01,0
台南市,安南區,州北里,2023-06-12,0
台南市,安南區,州北里,2023-06-19,0
台南市,安南區,州北里,2023-06-26,0
台南市,安南區,州北里,2023-07-03,0
台南市,安南區,州北里,2023-07-10,0
台南市,安南區,州北里,2023-07-17,0
台南市,安南區,州北里,2023-07-24,0
台南市,安南區,州北里,2023-07-31,0
台南市,安南區,州北里,2023-08-07,0
台南市,安南區,州北里,2023-08-14,1
台南市,安南區,州北里,2023-08-21,0
台南市,安南區,州北里,2023-08-28,0
台南市,安南區,州北里,2023-09-04,0
台南市,安南區,州北里,2023-09-11,1
台南市,安南區,州北里,2023-09-18,2
台南市,安南區,州北里,2023-09-25,1
台南市,安南區,州北里,2023-10-02,1
台南市,安南區,州北里,2023-10-09,2
台南市,安南區,州北里,2023-10-16,3
台南市,安南區,州北里,2023-10-23,2
台南市,安南區,州北里,2023-10-30,1
台南市,安南區,州北里,2023-11-06,2
台南市,安南區,州北里,2023-11-13,2
台南市,安南區,州北里,2023-11-20,0
台南市,安南區,州北里,2023-11-27,0
台南市,安南區,州北里,2023-12-04,0
台南市,安南區,州北里,2023-12-11,0
台南市,安南區,州北里,2023-12-18,0
台南市,安南區,州北里,2023-12-25,0
台南市,安南區,州北里,2024-01-01,0
台南市,安南區,州南里,2023-06-12,0
台南市,安南區,州南里,2023-06-19,0
台南市,安南區,州南里,2023-06-26,0
台南市,安南區,州南里,2023-07-03,0
台南市,安南區,州南里,2023-07-10,0
台南市,安南區,州南里,2023-07-17,0
台南市,安南區,州南里,2023-07-24,0
台南市,安南區,州南里,2023-07-31,0
台南市,安南區,州南里,2023-08-07,0
台南市,安南區,州南里,2023-08-14,0
台南市,安南區,州南里,2023-08-21,1
台南市,安南區,州南里,2023-08-28,0
台南市,安南區,州南里,2023-09-04,0
台南市,安南區,州南里,2023-09-11,1
台南市,安南區,州南里,2023-09-18,2
台南市,安南區,州南里,2023-09-25,1
台南市,安南區,州南里,2023-10-02,6
台南市,安南區,州南里,2023-10-09,1
台南市,安南區,州南里,2023-10-16,1
台南市,安南區,州南里,2023-10-23,2
台南市,安南區,州南里,2023-10-30,2
台南市,安南區,州南里,2023-11-06,0
台南市,安南區,州南里,2023-11-13,2
台南市,安南區,州南里,2023-11-20,0
台南市,安南區,州南里,2023-11-27,0
台南市,安南區,州南里,2023-12-04,1
台南市,安南區,州南里,2023-12-11,0
台南市,安南區,州南里,2023-12-18,0
台南市,安南區,州南里,2023-12-25,0
台南市,安南區,州南里,2024-01-01,0
台南市,安南區,幸福里,2023-06-12,0
台南市,安南區,幸福里,2023-06-19,0
台南市,安南區,幸福里,2023-06-26,0
台南市,安南區,幸福里,2023-07-03,0
台南市,安南區,幸福里,2023-07-10,0
台南市,安南區,幸福里,2023-07-17,0
台南市,安南區,幸福里,2023-07-24,0
台南市,安南區,幸福里,2023-07-31,1
台南市,安南區,幸福里,2023-08-07,4
台南市,安南區,幸福里,2023-08-14,8
台南市,安南區,幸福里,2023-08-21,17
台南市,安南區,幸福里,2023-08-28,30
台南市,安南區,幸福里,2023-09-04,34
台南市,安南區,幸福里,2023-09-11,38
台南市,安南區,幸福里,2023-09-18,33
台南市,安南區,幸福里,2023-09-25,21
台南市,安南區,幸福里,2023-10-02,16
台南市,安南區,幸福里,2023-10-09,15
台南市,安南區,幸福里,2023-10-16,12
台南市,安南區,幸福里,2023-10-23,3
台南市,安南區,幸福里,2023-10-30,2
台南市,安南區,幸福里,2023-11-06,4
台南市,安南區,幸福里,2023-11-13,2
台南市,安南區,幸福里,2023-11-20,0
台南市,安南區,幸福里,2023-11-27,0
台南市,安南區,幸福里,2023-12-04,1
台南市,安南區,幸福里,2023-12-11,0
台南市,安南區,幸福里,2023-12-18,0
台南市,安南區,幸福里,2023-12-25,0
台南市,安南區,幸福里,2024-01-01,0
台南市,安南區,新順里,2023-06-12,0
台南市,安南區,新順里,2023-06-19,0
台南市,安南區,新順里,2023-06-26,0
台南市,安南區,新順里,2023-07-03,0
台南市,安南區,新順里,2023-07-10,0
台南市,安南區,新順里,2023-07-17,1
台南市,安南區,新順里,2023-07-24,0
台南市,安南區,新順里,2023-07-31,0
台南市,安南區,新順里,2023-08-07,0
台南市,安南區,新順里,2023-08-14,0
台南市,安南區,新順里,2023-08-21,0
台南市,安南區,新順里,2023-08-28,2
台南市,安南區,新順里,2023-09-04,2
台南市,安南區,新順里,2023-09-11,5
台南市,安南區,新順里,2023-09-18,8
台南市,安南區,新順里,2023-09-25,4
台南市,安南區,新順里,2023-10-02,7
台南市,安南區,新順里,2023-10-09,8
台南市,安南區,新順里,2023-10-16,11
台南市,安南區,新順里,2023-10-23,5
台南市,安南區,新順里,2023-10-30,8
台南市,安南區,新順里,2023-11-06,3
台南市,安南區,新順里,2023-11-13,1
台南市,安南區,新順里,2023-11-20,2
台南市,安南區,新順里,2023-11-27,0
台南市,安南區,新順里,2023-12-04,6
台南市,安南區,新順里,2023-12-11,0
台南市,安南區,新順里,2023-12-18,1
台南市,安南區,新順里,2023-12-25,0
台南市,安南區,新順里,2024-01-01,0
台南市,安南區,東和里,2023-06-12,0
台南市,安南區,東和里,2023-06-19,0
台南市,安南區,東和里,2023-06-26,0
台南市,安南區,東和里,2023-07-03,0
台南市,安南區,東和里,2023-07-10,0
台南市,安南區,東和里,2023-07-17,0
台南市,安南區,東和里,2023-07-24,0
台南市,安南區,東和里,2023-07-31,0
台南市,安南區,東和里,2023-08-07,0
台南市,安南區,東和里,2023-08-14,0
台南市,安南區,東和里,2023-08-21,0
台南市,安南區,東和里,2023-08-28,1
台南市,安南區,東和里,2023-09-04,1
台南市,安南區,東和里,2023-09-11,1
台南市,安南區,東和里,2023-09-18,0
台南市,安南區,東和里,2023-09-25,4
台南市,安南區,東和里,2023-10-02,1
台南市,安南區,東和里,2023-10-09,1
台南市,安南區,東和里,2023-10-16,1
台南市,安南區,東和里,2023-10-23,1
台南市,安南區,東和里,2023-10-30,2
台南市,安南區,東和里,2023-11-06,1
台南市,安南區,東和里,2023-11-13,1
台南市,安南區,東和里,2023-11-20,1
台南市,安南區,東和里,2023-11-27,0
台南市,安南區,東和里,2023-12-04,0
台南市,安南區,東和里,2023-12-11,1
台南市,安南區,東和里,2023-12-18,0
台南市,安南區,東和里,2023-12-25,2
台南市,安南區,東和里,2024-01-01,0
台南市,安南區,梅花里,2023-06-12,0
台南市,安南區,梅花里,2023-06-19,0
台南市,安南區,梅花里,2023-06-26,0
台南市,安南區,梅花里,2023-07-03,0
台南市,安南區,梅花里,2023-07-10,0
台南市,安南區,梅花里,2023-07-17,0
台南市,安南區,梅花里,2023-07-24,0
台南市,安南區,梅花里,2023-07-31,0
台南市,安南區,梅花里,2023-08-07,0
台南市,安南區,梅花里,2023-08-14,2
台南市,安南區,梅花里,2023-08-21,1
台南市,安南區,梅花里,2023-08-28,3
台南市,安南區,梅花里,2023-09-04,5
台南市,安南區,梅花里,2023-09-11,11
台南市,安南區,梅花里,2023-09-18,13
台南市,安南區,梅花里,2023-09-25,4
台南市,安南區,梅花里,2023-10-02,7
台南市,安南區,梅花里,2023-10-09,4
台南市,安南區,梅花里,2023-10-16,5
台南市,安南區,梅花里,2023-10-23,7
台南市,安南區,梅花里,2023-10-30,19
台南市,安南區,梅花里,2023-11-06,5
台南市,安南區,梅花里,2023-11-13,6
台南市,安南區,梅花里,2023-11-20,1
台南市,安南區,梅花里,2023-11-27,1
台南市,安南區,梅花里,2023-12-04,0
台南市,安南區,梅花里,2023-12-11,0
台南市,安南區,梅花里,2023-12-18,0
台南市,安南區,梅花里,2023-12-25,1
台南市,安南區,梅花里,2024-01-01,0
台南市,安南區,海佃里,2023-06-12,0
台南市,安南區,海佃里,2023-06-19,0
台南市,安南區,海佃里,2023-06-26,0
台南市,安南區,海佃里,2023-07-03,1
台南市,安南區,海佃里,2023-07-10,0
台南市,安南區,海佃里,2023-07-17,1
台南市,安南區,海佃里,2023-07-24,2
台南市,安南區,海佃里,2023-07-31,4
台南市,安南區,海佃里,2023-08-07,7
台南市,安南區,海佃里,2023-08-14,11
台南市,安南區,海佃里,2023-08-21,4
台南市,安南區,海佃里,2023-08-28,23
台南市,安南區,海佃里,2023-09-04,37
台南市,安南區,海佃里,2023-09-11,38
台南市,安南區,海佃里,2023-09-18,34
台南市,安南區,海佃里,2023-09-25,21
台南市,安南區,海佃里,2023-10-02,14
台南市,安南區,海佃里,2023-10-09,9
台南市,安南區,海佃里,2023-10-16,6
台南市,安南區,海佃里,2023-10-23,2
台南市,安南區,海佃里,2023-10-30,4
台南市,安南區,海佃里,2023-11-06,2
台南市,安南區,海佃里,2023-11-13,2
台南市,安南區,海佃里,2023-11-20,0
台南市,安南區,海佃里,2023-11-27,0
台南市,安南區,海佃里,2023-12-04,1
台南市,安南區,海佃里,2023-12-11,1
台南市,安南區,海佃里,2023-12-18,0
台南市,安南區,海佃里,2023-12-25,0
台南市,安南區,海佃里,2024-01-01,0
台南市,安南區,海南里,2023-06-12,0
台南市,安南區,海南里,2023-06-19,0
台南市,安南區,海南里,2023-06-26,0
台南市,安南區,海南里,2023-07-03,0
台南市,安南區,海南里,2023-07-10,0
台南市,安南區,海南里,2023-07-17,0
台南市,安南區,海南里,2023-07-24,0
台南市,安南區,海南里,2023-07-31,0
台南市,安南區,海南里,2023-08-07,0
台南市,安南區,海南里,2023-08-14,0
台南市,安南區,海南里,2023-08-21,0
台南市,安南區,海南里,2023-08-28,3
台南市,安南區,海南里,2023-09-04,5
台南市,安南區,海南里,2023-09-11,5
台南市,安南區,海南里,2023-09-18,9
台南市,安南區,海南里,2023-09-25,1
台南市,安南區,海南里,2023-10-02,15
台南市,安南區,海南里,2023-10-09,4
台南市,安南區,海南里,2023-10-16,1
台南市,安南區,海南里,2023-10-23,1
台南市,安南區,海南里,2023-10-30,0
台南市,安南區,海南里,2023-11-06,1
台南市,安南區,海南里,2023-11-13,2
台南市,安南區,海南里,2023-11-20,1
台南市,安南區,海南里,2023-11-27,0
台南市,安南區,海南里,2023-12-04,0
台南市,安南區,海南里,2023-12-11,0
台南市,安南區,海南里,2023-12-18,0
台南市,安南區,海南里,2023-12-25,0
台南市,安南區,海南里,2024-01-01,0
台南市,安南區,海東里,2023-06-12,0
台南市,安南區,海東里,2023-06-19,0
台南市,安南區,海東里,2023-06-26,1
台南市,安南區,海東里,2023-07-03,0
台南市,安南區,海東里,2023-07-10,0
台南市,安南區,海東里,2023-07-17,0
台南市,安南區,海東里,2023-07-24,0
台南市,安南區,海東里,2023-07-31,2
台南市,安南區,海東里,2023-08-07,0
台南市,安南區,海東里,2023-08-14,3
台南市,安南區,海東里,2023-08-21,3
台南市,安南區,海東里,2023-08-28,4
台南市,安南區,海東里,2023-09-04,1
台南市,安南區,海東里,2023-09-11,3
台南市,安南區,海東里,2023-09-18,11
台南市,安南區,海東里,2023-09-25,9
台南市,安南區,海東里,2023-10-02,12
台南市,安南區,海東里,2023-10-09,6
台南市,安南區,海東里,2023-10-16,10
台南市,安南區,海東里,2023-10-23,3
台南市,安南區,海東里,2023-10-30,7
台南市,安南區,海東里,2023-11-06,8
台南市,安南區,海東里,2023-11-13,9
台南市,安南區,海東里,2023-11-20,3
台南市,安南區,海東里,2023-11-27,2
台南市,安南區,海東里,2023-12-04,0
台南市,安南區,海東里,2023-12-11,0
台南市,安南區,海東里,2023-12-18,0
台南市,安南區,海東里,2023-12-25,0
台南市,安南區,海東里,2024-01-01,0
台南市,安南區,海西里,2023-06-12,0
台南市,安南區,海西里,2023-06-19,0
台南市,安南區,海西里,2023-06-26,0
台南市,安南區,海西里,2023-07-03,0
台南市,安南區,海西里,2023-07-10,0
台南市,安南區,海西里,2023-07-17,0
台南市,安南區,海西里,2023-07-24,0
台南市,安南區,海西里,2023-07-31,0
台南市,安南區,海西里,2023-08-07,0
台南市,安南區,海西里,2023-08-14,2
台南市,安南區,海西里,2023-08-21,0
台南市,安南區,海西里,2023-08-28,2
台南市,安南區,海西里,2023-09-04,2
台南市,安南區,海西里,2023-09-11,3
台南市,安南區,海西里,2023-09-18,5
台南市,安南區,海西里,2023-09-25,1
台南市,安南區,海西里,2023-10-02,2
台南市,安南區,海西里,2023-10-09,2
台南市,安南區,海西里,2023-10-16,4
台南市,安南區,海西里,2023-10-23,2
台南市,安南區,海西里,2023-10-30,3
台南市,安南區,海西里,2023-11-06,3
台南市,安南區,海西里,2023-11-13,1
台南市,安南區,海西里,2023-11-20,2
台南市,安南區,海西里,2023-11-27,0
台南市,安南區,海西里,2023-12-04,0
台南市,安南區,海西里,2023-12-11,1
台南市,安南區,海西里,2023-12-18,0
台南市,安南區,海西里,2023-12-25,0
台南市,安南區,海西里,2024-01-01,0
台南市,安南區,淵中里,2023-06-12,0
台南市,安南區,淵中里,2023-06-19,0
台南市,安南區,淵中里,2023-06-26,0
台南市,安南區,淵中里,2023-07-03,0
台南市,安南區,淵中里,2023-07-10,0
台南市,安南區,淵中里,2023-07-17,0
台南市,安南區,淵中里,2023-07-24,0
台南市,安南區,淵中里,2023-07-31,0
台南市,安南區,淵中里,2023-08-07,0
台南市,安南區,淵中里,2023-08-14,0
台南市,安南區,淵中里,2023-08-21,0
台南市,安南區,淵中里,2023-08-28,0
台南市,安南區,淵中里,2023-09-04,3
台南市,安南區,淵中里,2023-09-11,6
台南市,安南區,淵中里,2023-09-18,1
台南市,安南區,淵中里,2023-09-25,0
台南市,安南區,淵中里,2023-10-02,3
台南市,安南區,淵中里,2023-10-09,2
台南市,安南區,淵中里,2023-10-16,0
台南市,安南區,淵中里,2023-10-23,1
台南市,安南區,淵中里,2023-10-30,2
台南市,安南區,淵中里,2023-11-06,2
台南市,安南區,淵中里,2023-11-13,2
台南市,安南區,淵中里,2023-11-20,0
台南市,安南區,淵中里,2023-11-27,3
台南市,安南區,淵中里,2023-12-04,1
台南市,安南區,淵中里,2023-12-11,0
台南市,安南區,淵中里,2023-12-18,0
台南市,安南區,淵中里,2023-12-25,0
台南市,安南區,淵中里,2024-01-01,0
台南市,安南區,淵東里,2023-06-12,0
台南市,安南區,淵東里,2023-06-19,0
台南市,安南區,淵東里,2023-06-26,0
台南市,安南區,淵東里,2023-07-03,0
台南市,安南區,淵東里,2023-07-10,1
台南市,安南區,淵東里,2023-07-17,0
台南市,安南區,淵東里,2023-07-24,0
台南市,安南區,淵東里,2023-07-31,0
台南市,安南區,淵東里,2023-08-07,0
台南市,安南區,淵東里,2023-08-14,2
台南市,安南區,淵東里,2023-08-21,0
台南市,安南區,淵東里,2023-08-28,1
台南市,安南區,淵東里,2023-09-04,4
台南市,安南區,淵東里,2023-09-11,4
台南市,安南區,淵東里,2023-09-18,2
台南市,安南區,淵東里,2023-09-25,2
台南市,安南區,淵東里,2023-10-02,2
台南市,安南區,淵東里,2023-10-09,3
台南市,安南區,淵東里,2023-10-16,1
台南市,安南區,淵東里,2023-10-23,1
台南市,安南區,淵東里,2023-10-30,1
台南市,安南區,淵東里,2023-11-06,0
台南市,安南區,淵東里,2023-11-13,1
台南市,安南區,淵東里,2023-11-20,1
台南市,安南區,淵東里,2023-11-27,0
台南市,安南區,淵東里,2023-12-04,0
台南市,安南區,淵東里,2023-12-11,1
台南市,安南區,淵東里,2023-12-18,0
台南市,安南區,淵東里,2023-12-25,0
台南市,安南區,淵東里,2024-01-01,0
台南市,安南區,淵西里,2023-06-12,0
台南市,安南區,淵西里,2023-06-19,0
台南市,安南區,淵西里,2023-06-26,0
台南市,安南區,淵西里,2023-07-03,0
台南市,安南區,淵西里,2023-07-10,0
台南市,安南區,淵西里,2023-07-17,0
台南市,安南區,淵西里,2023-07-24,0
台南市,安南區,淵西里,2023-07-31,0
台南市,安南區,淵西里,2023-08-07,0
台南市,安南區,淵西里,2023-08-14,0
台南市,安南區,淵西里,2023-08-21,0
台南市,安南區,淵西里,2023-08-28,2
台南市,安南區,淵西里,2023-09-04,1
台南市,安南區,淵西里,2023-09-11,2
台南市,安南區,淵西里,2023-09-18,3
台南市,安南區,淵西里,2023-09-25,0
台南市,安南區,淵西里,2023-10-02,4
台南市,安南區,淵西里,2023-10-09,3
台南市,安南區,淵西里,2023-10-16,1
台南市,安南區,淵西里,2023-10-23,3
台南市,安南區,淵西里,2023-10-30,0
台南市,安南區,淵西里,2023-11-06,3
台南市,安南區,淵西里,2023-11-13,3
台南市,安南區,淵西里,2023-11-20,0
台南市,安南區,淵西里,2023-11-27,0
台南市,安南區,淵西里,2023-12-04,0
台南市,安南區,淵西里,2023-12-11,0
台南市,安南區,淵西里,2023-12-18,0
台南市,安南區,淵西里,2023-12-25,0
台南市,安南區,淵西里,2024-01-01,0
台南市,安南區,溪北里,2023-06-12,0
台南市,安南區,溪北里,2023-06-19,0
台南市,安南區,溪北里,2023-06-26,0
台南市,安南區,溪北里,2023-07-03,0
台南市,安南區,溪北里,2023-07-10,0
台南市,安南區,溪北里,2023-07-17,0
台南市,安南區,溪北里,2023-07-24,1
台南市,安南區,溪北里,2023-07-31,0
台南市,安南區,溪北里,2023-08-07,0
台南市,安南區,溪北里,2023-08-14,1
台南市,安南區,溪北里,2023-08-21,0
台南市,安南區,溪北里,2023-08-28,5
台南市,安南區,溪北里,2023-09-04,5
台南市,安南區,溪北里,2023-09-11,19
台南市,安南區,溪北里,2023-09-18,11
台南市,安南區,溪北里,2023-09-25,3
台南市,安南區,溪北里,2023-10-02,11
台南市,安南區,溪北里,2023-10-09,11
台南市,安南區,溪北里,2023-10-16,3
台南市,安南區,溪北里,2023-10-23,5
台南市,安南區,溪北里,2023-10-30,3
台南市,安南區,溪北里,2023-11-06,6
台南市,安南區,溪北里,2023-11-13,5
台南市,安南區,溪北里,2023-11-20,3
台南市,安南區,溪北里,2023-11-27,1
台南市,安南區,溪北里,2023-12-04,0
台南市,安南區,溪北里,2023-12-11,0
台南市,安南區,溪北里,2023-12-18,0
台南市,安南區,溪北里,2023-12-25,0
台南市,安南區,溪北里,2024-01-01,0
台南市,安南區,溪墘里,2023-06-12,0
台南市,安南區,溪墘里,2023-06-19,0
台南市,安南區,溪墘里,2023-06-26,0
台南市,安南區,溪墘里,2023-07-03,0
台南市,安南區,溪墘里,2023-07-10,1
台南市,安南區,溪墘里,2023-07-17,0
台南市,安南區,溪墘里,2023-07-24,1
台南市,安南區,溪墘里,2023-07-31,1
台南市,安南區,溪墘里,2023-08-07,0
台南市,安南區,溪墘里,2023-08-14,15
台南市,安南區,溪墘里,2023-08-21,26
台南市,安南區,溪墘里,2023-08-28,44
台南市,安南區,溪墘里,2023-09-04,47
台南市,安南區,溪墘里,2023-09-11,52
台南市,安南區,溪墘里,2023-09-18,40
台南市,安南區,溪墘里,2023-09-25,12
台南市,安南區,溪墘里,2023-10-02,7
台南市,安南區,溪墘里,2023-10-09,1
台南市,安南區,溪墘里,2023-10-16,2
台南市,安南區,溪墘里,2023-10-23,2
台南市,安南區,溪墘里,2023-10-30,0
台南市,安南區,溪墘里,2023-11-06,0
台南市,安南區,溪墘里,2023-11-13,1
台南市,安南區,溪墘里,2023-11-20,1
台南市,安南區,溪墘里,2023-11-27,0
台南市,安南區,溪墘里,2023-12-04,1
台南市,安南區,溪墘里,2023-12-11,0
台南市,安南區,溪墘里,2023-12-18,0
台南市,安南區,溪墘里,2023-12-25,0
台南市,安南區,溪墘里,2024-01-01,0
台南市,安南區,溪心里,2023-06-12,0
台南市,安南區,溪心里,2023-06-19,0
台南市,安南區,溪心里,2023-06-26,0
台南市,安南區,溪心里,2023-07-03,0
台南市,安南區,溪心里,2023-07-10,0
台南市,安南區,溪心里,2023-07-17,0
台南市,安南區,溪心里,2023-07-24,0
台南市,安南區,溪心里,2023-07-31,0
台南市,安南區,溪心里,2023-08-07,0
台南市,安南區,溪心里,2023-08-14,1
台南市,安南區,溪心里,2023-08-21,0
台南市,安南區,溪心里,2023-08-28,3
台南市,安南區,溪心里,2023-09-04,3
台南市,安南區,溪心里,2023-09-11,12
台南市,安南區,溪心里,2023-09-18,3
台南市,安南區,溪心里,2023-09-25,6
台南市,安南區,溪心里,2023-10-02,6
台南市,安南區,溪心里,2023-10-09,8
台南市,安南區,溪心里,2023-10-16,8
台南市,安南區,溪心里,2023-10-23,4
台南市,安南區,溪心里,2023-10-30,3
台南市,安南區,溪心里,2023-11-06,4
台南市,安南區,溪心里,2023-11-13,2
台南市,安南區,溪心里,2023-11-20,3
台南市,安南區,溪心里,2023-11-27,0
台南市,安南區,溪心里,2023-12-04,0
台南市,安南區,溪心里,2023-12-11,1
台南市,安南區,溪心里,2023-12-18,0
台南市,安南區,溪心里,2023-12-25,0
台南市,安南區,溪心里,2024-01-01,0
台南市,安南區,溪東里,2023-06-12,0
台南市,安南區,溪東里,2023-06-19,0
台南市,安南區,溪東里,2023-06-26,0
台南市,安南區,溪東里,2023-07-03,1
台南市,安南區,溪東里,2023-07-10,0
台南市,安南區,溪東里,2023-07-17,0
台南市,安南區,溪東里,2023-07-24,0
台南市,安南區,溪東里,2023-07-31,0
台南市,安南區,溪東里,2023-08-07,0
台南市,安南區,溪東里,2023-08-14,7
台南市,安南區,溪東里,2023-08-21,2
台南市,安南區,溪東里,2023-08-28,11
台南市,安南區,溪東里,2023-09-04,16
台南市,安南區,溪東里,2023-09-11,27
台南市,安南區,溪東里,2023-09-18,16
台南市,安南區,溪東里,2023-09-25,18
台南市,安南區,溪東里,2023-10-02,18
台南市,安南區,溪東里,2023-10-09,19
台南市,安南區,溪東里,2023-10-16,10
台南市,安南區,溪東里,2023-10-23,6
台南市,安南區,溪東里,2023-10-30,7
台南市,安南區,溪東里,2023-11-06,5
台南市,安南區,溪東里,2023-11-13,3
台南市,安南區,溪東里,2023-11-20,1
台南市,安南區,溪東里,2023-11-27,0
台南市,安南區,溪東里,2023-12-04,1
台南市,安南區,溪東里,2023-12-11,1
台南市,安南區,溪東里,2023-12-18,0
台南市,安南區,溪東里,2023-12-25,0
台南市,安南區,溪東里,2024-01-01,0
台南市,安南區,溪頂里,2023-06-12,0
台南市,安南區,溪頂里,2023-06-19,0
台南市,安南區,溪頂里,2023-06-26,0
台南市,安南區,溪頂里,2023-07-03,0
台南市,安南區,溪頂里,2023-07-10,0
台南市,安南區,溪頂里,2023-07-17,0
台南市,安南區,溪頂里,2023-07-24,0
台南市,安南區,溪頂里,2023-07-31,1
台南市,安南區,溪頂里,2023-08-07,1
台南市,安南區,溪頂里,2023-08-14,3
台南市,安南區,溪頂里,2023-08-21,2
台南市,安南區,溪頂里,2023-08-28,8
台南市,安南區,溪頂里,2023-09-04,14
台南市,安南區,溪頂里,2023-09-11,9
台南市,安南區,溪頂里,2023-09-18,18
台南市,安南區,溪頂里,2023-09-25,15
台南市,安南區,溪頂里,2023-10-02,15
台南市,安南區,溪頂里,2023-10-09,12
台南市,安南區,溪頂里,2023-10-16,6
台南市,安南區,溪頂里,2023-10-23,7
台南市,安南區,溪頂里,2023-10-30,4
台南市,安南區,溪頂里,2023-11-06,6
台南市,安南區,溪頂里,2023-11-13,8
台南市,安南區,溪頂里,2023-11-20,0
台南市,安南區,溪頂里,2023-11-27,1
台南市,安南區,溪頂里,2023-12-04,1
台南市,安南區,溪頂里,2023-12-11,0
台南市,安南區,溪頂里,2023-12-18,0
台南市,安南區,溪頂里,2023-12-25,1
台南市,安南區,溪頂里,2024-01-01,0
台南市,安南區,理想里,2023-06-12,0
台南市,安南區,理想里,2023-06-19,0
台南市,安南區,理想里,2023-06-26,0
台南市,安南區,理想里,2023-07-03,0
台南市,安南區,理想里,2023-07-10,1
台南市,安南區,理想里,2023-07-17,1
台南市,安南區,理想里,2023-07-24,1
台南市,安南區,理想里,2023-07-31,1
台南市,安南區,理想里,2023-08-07,0
台南市,安南區,理想里,2023-08-14,2
台南市,安南區,理想里,2023-08-21,1
台南市,安南區,理想里,2023-08-28,6
台南市,安南區,理想里,2023-09-04,4
台南市,安南區,理想里,2023-09-11,14
台南市,安南區,理想里,2023-09-18,28
台南市,安南區,理想里,2023-09-25,28
台南市,安南區,理想里,2023-10-02,8
台南市,安南區,理想里,2023-10-09,13
台南市,安南區,理想里,2023-10-16,5
台南市,安南區,理想里,2023-10-23,0
台南市,安南區,理想里,2023-10-30,3
台南市,安南區,理想里,2023-11-06,6
台南市,安南區,理想里,2023-11-13,0
台南市,安南區,理想里,2023-11-20,2
台南市,安南區,理想里,2023-11-27,0
台南市,安南區,理想里,2023-12-04,1
台南市,安南區,理想里,2023-12-11,0
台南市,安南區,理想里,2023-12-18,0
台南市,安南區,理想里,2023-12-25,0
台南市,安南區,理想里,2024-01-01,1
台南市,安南區,砂崙里,2023-06-12,0
台南市,安南區,砂崙里,2023-06-19,0
台南市,安南區,砂崙里,2023-06-26,0
台南市,安南區,砂崙里,2023-07-03,0
台南市,安南區,砂崙里,2023-07-10,0
台南市,安南區,砂崙里,2023-07-17,0
台南市,安南區,砂崙里,2023-07-24,0
台南市,安南區,砂崙里,2023-07-31,0
台南市,安南區,砂崙里,2023-08-07,0
台南市,安南區,砂崙里,2023-08-14,0
台南市,安南區,砂崙里,2023-08-21,0
台南市,安南區,砂崙里,2023-08-28,0
台南市,安南區,砂崙里,2023-09-04,0
台南市,安南區,砂崙里,2023-09-11,0
台南市,安南區,砂崙里,2023-09-18,0
台南市,安南區,砂崙里,2023-09-25,0
台南市,安南區,砂崙里,2023-10-02,1
台南市,安南區,砂崙里,2023-10-09,0
台南市,安南區,砂崙里,2023-10-16,0
台南市,安南區,砂崙里,2023-10-23,0
台南市,安南區,砂崙里,2023-10-30,0
台南市,安南區,砂崙里,2023-11-06,0
台南市,安南區,砂崙里,2023-11-13,0
台南市,安南區,砂崙里,2023-11-20,0
台南市,安南區,砂崙里,2023-11-27,1
台南市,安南區,砂崙里,2023-12-04,0
台南市,安南區,砂崙里,2023-12-11,0
台南市,安南區,砂崙里,2023-12-18,0
台南市,安南區,砂崙里,2023-12-25,0
台南市,安南區,砂崙里,2024-01-01,0
台南市,安南區,總頭里,2023-06-12,0
台南市,安南區,總頭里,2023-06-19,0
台南市,安南區,總頭里,2023-06-26,0
台南市,安南區,總頭里,2023-07-03,0
台南市,安南區,總頭里,2023-07-10,0
台南市,安南區,總頭里,2023-07-17,0
台南市,安南區,總頭里,2023-07-24,0
台南市,安南區,總頭里,2023-07-31,0
台南市,安南區,總頭里,2023-08-07,0
台南市,安南區,總頭里,2023-08-14,1
台南市,安南區,總頭里,2023-08-21,0
台南市,安南區,總頭里,2023-08-28,3
台南市,安南區,總頭里,2023-09-04,2
台南市,安南區,總頭里,2023-09-11,0
台南市,安南區,總頭里,2023-09-18,2
台南市,安南區,總頭里,2023-09-25,1
台南市,安南區,總頭里,2023-10-02,0
台南市,安南區,總頭里,2023-10-09,2
台南市,安南區,總頭里,2023-10-16,0
台南市,安南區,總頭里,2023-10-23,0
台南市,安南區,總頭里,2023-10-30,1
台南市,安南區,總頭里,2023-11-06,0
台南市,安南區,總頭里,2023-11-13,0
台南市,安南區,總頭里,2023-11-20,3
台南市,安南區,總頭里,2023-11-27,0
台南市,安南區,總頭里,2023-12-04,0
台南市,安南區,總頭里,2023-12-11,0
台南市,安南區,總頭里,2023-12-18,0
台南市,安南區,總頭里,2023-12-25,0
台南市,安南區,總頭里,2024-01-01,0
台南市,安南區,青草里,2023-06-12,0
台南市,安南區,青草里,2023-06-19,0
台南市,安南區,青草里,2023-06-26,0
台南市,安南區,青草里,2023-07-03,0
台南市,安南區,青草里,2023-07-10,0
台南市,安南區,青草里,2023-07-17,0
台南市,安南區,青草里,2023-07-24,0
台南市,安南區,青草里,2023-07-31,0
台南市,安南區,青草里,2023-08-07,0
台南市,安南區,青草里,2023-08-14,0
台南市,安南區,青草里,2023-08-21,0
台南市,安南區,青草里,2023-08-28,0
台南市,安南區,青草里,2023-09-04,0
台南市,安南區,青草里,2023-09-11,0
台南市,安南區,青草里,2023-09-18,1
台南市,安南區,青草里,2023-09-25,0
台南市,安南區,青草里,2023-10-02,0
台南市,安南區,青草里,2023-10-09,0
台南市,安南區,青草里,2023-10-16,1
台南市,安南區,青草里,2023-10-23,0
台南市,安南區,青草里,2023-10-30,0
台南市,安南區,青草里,2023-11-06,0
台南市,安南區,青草里,2023-11-13,0
台南市,安南區,青草里,2023-11-20,0
台南市,安南區,青草里,2023-11-27,0
台南市,安南區,青草里,2023-12-04,0
台南市,安南區,青草里,2023-12-11,0
台南市,安南區,青草里,2023-12-18,0
台南市,安南區,青草里,2023-12-25,0
台南市,安南區,青草里,2024-01-01,0
台南市,安南區,頂安里,2023-06-12,0
台南市,安南區,頂安里,2023-06-19,0
台南市,安南區,頂安里,2023-06-26,0
台南市,安南區,頂安里,2023-07-03,0
台南市,安南區,頂安里,2023-07-10,0
台南市,安南區,頂安里,2023-07-17,0
台南市,安南區,頂安里,2023-07-24,0
台南市,安南區,頂安里,2023-07-31,0
台南市,安南區,頂安里,2023-08-07,0
台南市,安南區,頂安里,2023-08-14,2
台南市,安南區,頂安里,2023-08-21,0
台南市,安南區,頂安里,2023-08-28,2
台南市,安南區,頂安里,2023-09-04,8
台南市,安南區,頂安里,2023-09-11,9
台南市,安南區,頂安里,2023-09-18,13
台南市,安南區,頂安里,2023-09-25,21
台南市,安南區,頂安里,2023-10-02,18
台南市,安南區,頂安里,2023-10-09,14
台南市,安南區,頂安里,2023-10-16,17
台南市,安南區,頂安里,2023-10-23,4
台南市,安南區,頂安里,2023-10-30,3
台南市,安南區,頂安里,2023-11-06,2
台南市,安南區,頂安里,2023-11-13,2
台南市,安南區,頂安里,2023-11-20,2
台南市,安南區,頂安里,2023-11-27,2
台南市,安南區,頂安里,2023-12-04,0
台南市,安南區,頂安里,2023-12-11,0
台南市,安南區,頂安里,2023-12-18,1
台南市,安南區,頂安里,2023-12-25,0
台南市,安南區,頂安里,2024-01-01,1
台南市,安南區,顯宮里,2023-06-12,0
台南市,安南區,顯宮里,2023-06-19,0
台南市,安南區,顯宮里,2023-06-26,0
台南市,安南區,顯宮里,2023-07-03,0
台南市,安南區,顯宮里,2023-07-10,0
台南市,安南區,顯宮里,2023-07-17,0
台南市,安南區,顯宮里,2023-07-24,0
台南市,安南區,顯宮里,2023-07-31,0
台南市,安南區,顯宮里,2023-08-07,0
台南市,安南區,顯宮里,2023-08-14,0
台南市,安南區,顯宮里,2023-08-21,0
台南市,安南區,顯宮里,2023-08-28,0
台南市,安南區,顯宮里,2023-09-04,0
台南市,安南區,顯宮里,2023-09-11,0
台南市,安南區,顯宮里,2023-09-18,0
台南市,安南區,顯宮里,2023-09-25,0
台南市,安南區,顯宮里,2023-10-02,0
台南市,安南區,顯宮里,2023-10-09,0
台南市,安南區,顯宮里,2023-10-16,0
台南市,安南區,顯宮里,2023-10-23,0
台南市,安南區,顯宮里,2023-10-30,0
台南市,安南區,顯宮里,2023-11-06,0
台南市,安南區,顯宮里,2023-11-13,0
台南市,安南區,顯宮里,2023-11-20,0
台南市,安南區,顯宮里,2023-11-27,0
台南市,安南區,顯宮里,2023-12-04,0
台南市,安南區,顯宮里,2023-12-11,0
台南市,安南區,顯宮里,2023-12-18,0
台南市,安南區,顯宮里,2023-12-25,0
台南市,安南區,顯宮里,2024-01-01,0
台南市,安南區,鳳凰里,2023-06-12,0
台南市,安南區,鳳凰里,2023-06-19,0
台南市,安南區,鳳凰里,2023-06-26,0
台南市,安南區,鳳凰里,2023-07-03,0
台南市,安南區,鳳凰里,2023-07-10,0
台南市,安南區,鳳凰里,2023-07-17,0
台南市,安南區,鳳凰里,2023-07-24,0
台南市,安南區,鳳凰里,2023-07-31,0
台南市,安南區,鳳凰里,2023-08-07,5
台南市,安南區,鳳凰里,2023-08-14,12
台南市,安南區,鳳凰里,2023-08-21,7
台南市,安南區,鳳凰里,2023-08-28,12
台南市,安南區,鳳凰里,2023-09-04,15
台南市,安南區,鳳凰里,2023-09-11,30
台南市,安南區,鳳凰里,2023-09-18,22
台南市,安南區,鳳凰里,2023-09-25,17
台南市,安南區,鳳凰里,2023-10-02,16
台南市,安南區,鳳凰里,2023-10-09,11
台南市,安南區,鳳凰里,2023-10-16,5
台南市,安南區,鳳凰里,2023-10-23,5
台南市,安南區,鳳凰里,2023-10-30,6
台南市,安南區,鳳凰里,2023-11-06,2
台南市,安南區,鳳凰里,2023-11-13,3
台南市,安南區,鳳凰里,2023-11-20,1
台南市,安南區,鳳凰里,2023-11-27,0
台南市,安南區,鳳凰里,2023-12-04,0
台南市,安南區,鳳凰里,2023-12-11,0
台南市,安南區,鳳凰里,2023-12-18,0
台南市,安南區,鳳凰里,2023-12-25,1
台南市,安南區,鳳凰里,2024-01-01,0
台南市,安南區,鹿耳里,2023-06-12,0
台南市,安南區,鹿耳里,2023-06-19,0
台南市,安南區,鹿耳里,2023-06-26,0
台南市,安南區,鹿耳里,2023-07-03,0
台南市,安南區,鹿耳里,2023-07-10,0
台南市,安南區,鹿耳里,2023-07-17,0
台南市,安南區,鹿耳里,2023-07-24,0
台南市,安南區,鹿耳里,2023-07-31,0
台南市,安南區,鹿耳里,2023-08-07,0
台南市,安南區,鹿耳里,2023-08-14,0
台南市,安南區,鹿耳里,2023-08-21,0
台南市,安南區,鹿耳里,2023-08-28,0
台南市,安南區,鹿耳里,2023-09-04,0
台南市,安南區,鹿耳里,2023-09-11,0
台南市,安南區,鹿耳里,2023-09-18,0
台南市,安南區,鹿耳里,2023-09-25,0
台南市,安南區,鹿耳里,2023-10-02,0
台南市,安南區,鹿耳里,2023-10-09,0
台南市,安南區,鹿耳里,2023-10-16,0
台南市,安南區,鹿耳里,2023-10-23,0
台南市,安南區,鹿耳里,2023-10-30,0
台南市,安南區,鹿耳里,2023-11-06,0
台南市,安南區,鹿耳里,2023-11-13,0
台南市,安南區,鹿耳里,2023-11-20,0
台南市,安南區,鹿耳里,2023-11-27,0
台南市,安南區,鹿耳里,2023-12-04,0
台南市,安南區,鹿耳里,2023-12-11,0
台南市,安南區,鹿耳里,2023-12-18,0
台南市,安南區,鹿耳里,2023-12-25,0
台南市,安南區,鹿耳里,2024-01-01,0
台南市,安定區,中榮里,2023-06-12,0
台南市,安定區,中榮里,2023-06-19,0
台南市,安定區,中榮里,2023-06-26,0
台南市,安定區,中榮里,2023-07-03,0
台南市,安定區,中榮里,2023-07-10,0
台南市,安定區,中榮里,2023-07-17,0
台南市,安定區,中榮里,2023-07-24,0
台南市,安定區,中榮里,2023-07-31,0
台南市,安定區,中榮里,2023-08-07,0
台南市,安定區,中榮里,2023-08-14,0
台南市,安定區,中榮里,2023-08-21,0
台南市,安定區,中榮里,2023-08-28,0
台南市,安定區,中榮里,2023-09-04,0
台南市,安定區,中榮里,2023-09-11,0
台南市,安定區,中榮里,2023-09-18,0
台南市,安定區,中榮里,2023-09-25,0
台南市,安定區,中榮里,2023-10-02,0
台南市,安定區,中榮里,2023-10-09,2
台南市,安定區,中榮里,2023-10-16,0
台南市,安定區,中榮里,2023-10-23,0
台南市,安定區,中榮里,2023-10-30,0
台南市,安定區,中榮里,2023-11-06,1
台南市,安定區,中榮里,2023-11-13,1
台南市,安定區,中榮里,2023-11-20,0
台南市,安定區,中榮里,2023-11-27,0
台南市,安定區,中榮里,2023-12-04,0
台南市,安定區,中榮里,2023-12-11,0
台南市,安定區,中榮里,2023-12-18,0
台南市,安定區,中榮里,2023-12-25,0
台南市,安定區,中榮里,2024-01-01,0
台南市,安定區,中沙里,2023-06-12,0
台南市,安定區,中沙里,2023-06-19,0
台南市,安定區,中沙里,2023-06-26,0
台南市,安定區,中沙里,2023-07-03,0
台南市,安定區,中沙里,2023-07-10,0
台南市,安定區,中沙里,2023-07-17,0
台南市,安定區,中沙里,2023-07-24,0
台南市,安定區,中沙里,2023-07-31,0
台南市,安定區,中沙里,2023-08-07,0
台南市,安定區,中沙里,2023-08-14,0
台南市,安定區,中沙里,2023-08-21,0
台南市,安定區,中沙里,2023-08-28,0
台南市,安定區,中沙里,2023-09-04,0
台南市,安定區,中沙里,2023-09-11,0
台南市,安定區,中沙里,2023-09-18,0
台南市,安定區,中沙里,2023-09-25,0
台南市,安定區,中沙里,2023-10-02,0
台南市,安定區,中沙里,2023-10-09,0
台南市,安定區,中沙里,2023-10-16,0
台南市,安定區,中沙里,2023-10-23,0
台南市,安定區,中沙里,2023-10-30,0
台南市,安定區,中沙里,2023-11-06,0
台南市,安定區,中沙里,2023-11-13,0
台南市,安定區,中沙里,2023-11-20,0
台南市,安定區,中沙里,2023-11-27,0
台南市,安定區,中沙里,2023-12-04,0
台南市,安定區,中沙里,2023-12-11,0
台南市,安定區,中沙里,2023-12-18,0
台南市,安定區,中沙里,2023-12-25,0
台南市,安定區,中沙里,2024-01-01,0
台南市,安定區,安加里,2023-06-12,0
台南市,安定區,安加里,2023-06-19,0
台南市,安定區,安加里,2023-06-26,0
台南市,安定區,安加里,2023-07-03,0
台南市,安定區,安加里,2023-07-10,0
台南市,安定區,安加里,2023-07-17,0
台南市,安定區,安加里,2023-07-24,0
台南市,安定區,安加里,2023-07-31,0
台南市,安定區,安加里,2023-08-07,0
台南市,安定區,安加里,2023-08-14,0
台南市,安定區,安加里,2023-08-21,0
台南市,安定區,安加里,2023-08-28,0
台南市,安定區,安加里,2023-09-04,0
台南市,安定區,安加里,2023-09-11,0
台南市,安定區,安加里,2023-09-18,0
台南市,安定區,安加里,2023-09-25,0
台南市,安定區,安加里,2023-10-02,0
台南市,安定區,安加里,2023-10-09,0
台南市,安定區,安加里,2023-10-16,1
台南市,安定區,安加里,2023-10-23,0
台南市,安定區,安加里,2023-10-30,1
台南市,安定區,安加里,2023-11-06,0
台南市,安定區,安加里,2023-11-13,0
台南市,安定區,安加里,2023-11-20,0
台南市,安定區,安加里,2023-11-27,0
台南市,安定區,安加里,2023-12-04,0
台南市,安定區,安加里,2023-12-11,0
台南市,安定區,安加里,2023-12-18,0
台南市,安定區,安加里,2023-12-25,1
台南市,安定區,安加里,2024-01-01,0
台南市,安定區,安定里,2023-06-12,0
台南市,安定區,安定里,2023-06-19,0
台南市,安定區,安定里,2023-06-26,0
台南市,安定區,安定里,2023-07-03,0
台南市,安定區,安定里,2023-07-10,0
台南市,安定區,安定里,2023-07-17,0
台南市,安定區,安定里,2023-07-24,0
台南市,安定區,安定里,2023-07-31,0
台南市,安定區,安定里,2023-08-07,0
台南市,安定區,安定里,2023-08-14,0
台南市,安定區,安定里,2023-08-21,0
台南市,安定區,安定里,2023-08-28,0
台南市,安定區,安定里,2023-09-04,0
台南市,安定區,安定里,2023-09-11,0
台南市,安定區,安定里,2023-09-18,0
台南市,安定區,安定里,2023-09-25,0
台南市,安定區,安定里,2023-10-02,0
台南市,安定區,安定里,2023-10-09,0
台南市,安定區,安定里,2023-10-16,0
台南市,安定區,安定里,2023-10-23,0
台南市,安定區,安定里,2023-10-30,2
台南市,安定區,安定里,2023-11-06,0
台南市,安定區,安定里,2023-11-13,0
台南市,安定區,安定里,2023-11-20,0
台南市,安定區,安定里,2023-11-27,0
台南市,安定區,安定里,2023-12-04,0
台南市,安定區,安定里,2023-12-11,0
台南市,安定區,安定里,2023-12-18,0
台南市,安定區,安定里,2023-12-25,0
台南市,安定區,安定里,2024-01-01,0
台南市,安定區,新吉里,2023-06-12,0
台南市,安定區,新吉里,2023-06-19,0
台南市,安定區,新吉里,2023-06-26,0
台南市,安定區,新吉里,2023-07-03,0
台南市,安定區,新吉里,2023-07-10,0
台南市,安定區,新吉里,2023-07-17,0
台南市,安定區,新吉里,2023-07-24,0
台南市,安定區,新吉里,2023-07-31,0
台南市,安定區,新吉里,2023-08-07,0
台南市,安定區,新吉里,2023-08-14,0
台南市,安定區,新吉里,2023-08-21,0
台南市,安定區,新吉里,2023-08-28,1
台南市,安定區,新吉里,2023-09-04,0
台南市,安定區,新吉里,2023-09-11,1
台南市,安定區,新吉里,2023-09-18,1
台南市,安定區,新吉里,2023-09-25,2
台南市,安定區,新吉里,2023-10-02,0
台南市,安定區,新吉里,2023-10-09,1
台南市,安定區,新吉里,2023-10-16,0
台南市,安定區,新吉里,2023-10-23,0
台南市,安定區,新吉里,2023-10-30,0
台南市,安定區,新吉里,2023-11-06,1
台南市,安定區,新吉里,2023-11-13,1
台南市,安定區,新吉里,2023-11-20,0
台南市,安定區,新吉里,2023-11-27,0
台南市,安定區,新吉里,2023-12-04,0
台南市,安定區,新吉里,2023-12-11,0
台南市,安定區,新吉里,2023-12-18,0
台南市,安定區,新吉里,2023-12-25,0
台南市,安定區,新吉里,2024-01-01,0
台南市,安定區,海寮里,2023-06-12,0
台南市,安定區,海寮里,2023-06-19,0
台南市,安定區,海寮里,2023-06-26,0
台南市,安定區,海寮里,2023-07-03,0
台南市,安定區,海寮里,2023-07-10,0
台南市,安定區,海寮里,2023-07-17,0
台南市,安定區,海寮里,2023-07-24,0
台南市,安定區,海寮里,2023-07-31,0
台南市,安定區,海寮里,2023-08-07,0
台南市,安定區,海寮里,2023-08-14,0
台南市,安定區,海寮里,2023-08-21,0
台南市,安定區,海寮里,2023-08-28,0
台南市,安定區,海寮里,2023-09-04,1
台南市,安定區,海寮里,2023-09-11,0
台南市,安定區,海寮里,2023-09-18,0
台南市,安定區,海寮里,2023-09-25,0
台南市,安定區,海寮里,2023-10-02,0
台南市,安定區,海寮里,2023-10-09,2
台南市,安定區,海寮里,2023-10-16,0
台南市,安定區,海寮里,2023-10-23,0
台南市,安定區,海寮里,2023-10-30,0
台南市,安定區,海寮里,2023-11-06,1
台南市,安定區,海寮里,2023-11-13,0
台南市,安定區,海寮里,2023-11-20,0
台南市,安定區,海寮里,2023-11-27,0
台南市,安定區,海寮里,2023-12-04,0
台南市,安定區,海寮里,2023-12-11,0
台南市,安定區,海寮里,2023-12-18,0
台南市,安定區,海寮里,2023-12-25,0
台南市,安定區,海寮里,2024-01-01,0
台南市,安定區,港南里,2023-06-12,0
台南市,安定區,港南里,2023-06-19,0
台南市,安定區,港南里,2023-06-26,0
台南市,安定區,港南里,2023-07-03,0
台南市,安定區,港南里,2023-07-10,0
台南市,安定區,港南里,2023-07-17,0
台南市,安定區,港南里,2023-07-24,0
台南市,安定區,港南里,2023-07-31,0
台南市,安定區,港南里,2023-08-07,0
台南市,安定區,港南里,2023-08-14,0
台南市,安定區,港南里,2023-08-21,0
台南市,安定區,港南里,2023-08-28,0
台南市,安定區,港南里,2023-09-04,0
台南市,安定區,港南里,2023-09-11,0
台南市,安定區,港南里,2023-09-18,2
台南市,安定區,港南里,2023-09-25,2
台南市,安定區,港南里,2023-10-02,1
台南市,安定區,港南里,2023-10-09,1
台南市,安定區,港南里,2023-10-16,0
台南市,安定區,港南里,2023-10-23,0
台南市,安定區,港南里,2023-10-30,0
台南市,安定區,港南里,2023-11-06,0
台南市,安定區,港南里,2023-11-13,1
台南市,安定區,港南里,2023-11-20,0
台南市,安定區,港南里,2023-11-27,0
台南市,安定區,港南里,2023-12-04,0
台南市,安定區,港南里,2023-12-11,0
台南市,安定區,港南里,2023-12-18,0
台南市,安定區,港南里,2023-12-25,0
台南市,安定區,港南里,2024-01-01,0
台南市,安定區,港口里,2023-06-12,0
台南市,安定區,港口里,2023-06-19,0
台南市,安定區,港口里,2023-06-26,0
台南市,安定區,港口里,2023-07-03,0
台南市,安定區,港口里,2023-07-10,0
台南市,安定區,港口里,2023-07-17,0
台南市,安定區,港口里,2023-07-24,0
台南市,安定區,港口里,2023-07-31,0
台南市,安定區,港口里,2023-08-07,0
台南市,安定區,港口里,2023-08-14,0
台南市,安定區,港口里,2023-08-21,0
台南市,安定區,港口里,2023-08-28,0
台南市,安定區,港口里,2023-09-04,0
台南市,安定區,港口里,2023-09-11,0
台南市,安定區,港口里,2023-09-18,1
台南市,安定區,港口里,2023-09-25,2
台南市,安定區,港口里,2023-10-02,0
台南市,安定區,港口里,2023-10-09,0
台南市,安定區,港口里,2023-10-16,0
台南市,安定區,港口里,2023-10-23,0
台南市,安定區,港口里,2023-10-30,2
台南市,安定區,港口里,2023-11-06,0
台南市,安定區,港口里,2023-11-13,0
台南市,安定區,港口里,2023-11-20,0
台南市,安定區,港口里,2023-11-27,0
台南市,安定區,港口里,2023-12-04,0
台南市,安定區,港口里,2023-12-11,0
台南市,安定區,港口里,2023-12-18,0
台南市,安定區,港口里,2023-12-25,0
台南市,安定區,港口里,2024-01-01,0
台南市,安定區,港尾里,2023-06-12,0
台南市,安定區,港尾里,2023-06-19,0
台南市,安定區,港尾里,2023-06-26,0
台南市,安定區,港尾里,2023-07-03,0
台南市,安定區,港尾里,2023-07-10,0
台南市,安定區,港尾里,2023-07-17,0
台南市,安定區,港尾里,2023-07-24,0
台南市,安定區,港尾里,2023-07-31,0
台南市,安定區,港尾里,2023-08-07,0
台南市,安定區,港尾里,2023-08-14,0
台南市,安定區,港尾里,2023-08-21,0
台南市,安定區,港尾里,2023-08-28,0
台南市,安定區,港尾里,2023-09-04,1
台南市,安定區,港尾里,2023-09-11,0
台南市,安定區,港尾里,2023-09-18,0
台南市,安定區,港尾里,2023-09-25,1
台南市,安定區,港尾里,2023-10-02,0
台南市,安定區,港尾里,2023-10-09,0
台南市,安定區,港尾里,2023-10-16,0
台南市,安定區,港尾里,2023-10-23,0
台南市,安定區,港尾里,2023-10-30,0
台南市,安定區,港尾里,2023-11-06,0
台南市,安定區,港尾里,2023-11-13,0
台南市,安定區,港尾里,2023-11-20,0
台南市,安定區,港尾里,2023-11-27,0
台南市,安定區,港尾里,2023-12-04,0
台南市,安定區,港尾里,2023-12-11,0
台南市,安定區,港尾里,2023-12-18,0
台南市,安定區,港尾里,2023-12-25,0
台南市,安定區,港尾里,2024-01-01,0
台南市,安定區,蘇厝里,2023-06-12,0
台南市,安定區,蘇厝里,2023-06-19,0
台南市,安定區,蘇厝里,2023-06-26,0
台南市,安定區,蘇厝里,2023-07-03,0
台南市,安定區,蘇厝里,2023-07-10,0
台南市,安定區,蘇厝里,2023-07-17,0
台南市,安定區,蘇厝里,2023-07-24,0
台南市,安定區,蘇厝里,2023-07-31,0
台南市,安定區,蘇厝里,2023-08-07,0
台南市,安定區,蘇厝里,2023-08-14,0
台南市,安定區,蘇厝里,2023-08-21,0
台南市,安定區,蘇厝里,2023-08-28,0
台南市,安定區,蘇厝里,2023-09-04,1
台南市,安定區,蘇厝里,2023-09-11,0
台南市,安定區,蘇厝里,2023-09-18,0
台南市,安定區,蘇厝里,2023-09-25,3
台南市,安定區,蘇厝里,2023-10-02,1
台南市,安定區,蘇厝里,2023-10-09,1
台南市,安定區,蘇厝里,2023-10-16,0
台南市,安定區,蘇厝里,2023-10-23,1
台南市,安定區,蘇厝里,2023-10-30,0
台南市,安定區,蘇厝里,2023-11-06,0
台南市,安定區,蘇厝里,2023-11-13,0
台南市,安定區,蘇厝里,2023-11-20,0
台南市,安定區,蘇厝里,2023-11-27,0
台南市,安定區,蘇厝里,2023-12-04,0
台南市,安定區,蘇厝里,2023-12-11,0
台南市,安定區,蘇厝里,2023-12-18,0
台南市,安定區,蘇厝里,2023-12-25,0
台南市,安定區,蘇厝里,2024-01-01,0
台南市,安定區,蘇林里,2023-06-12,0
台南市,安定區,蘇林里,2023-06-19,0
台南市,安定區,蘇林里,2023-06-26,0
台南市,安定區,蘇林里,2023-07-03,0
台南市,安定區,蘇林里,2023-07-10,0
台南市,安定區,蘇林里,2023-07-17,0
台南市,安定區,蘇林里,2023-07-24,0
台南市,安定區,蘇林里,2023-07-31,0
台南市,安定區,蘇林里,2023-08-07,0
台南市,安定區,蘇林里,2023-08-14,0
台南市,安定區,蘇林里,2023-08-21,0
台南市,安定區,蘇林里,2023-08-28,0
台南市,安定區,蘇林里,2023-09-04,0
台南市,安定區,蘇林里,2023-09-11,1
台南市,安定區,蘇林里,2023-09-18,0
台南市,安定區,蘇林里,2023-09-25,0
台南市,安定區,蘇林里,2023-10-02,0
台南市,安定區,蘇林里,2023-10-09,0
台南市,安定區,蘇林里,2023-10-16,0
台南市,安定區,蘇林里,2023-10-23,0
台南市,安定區,蘇林里,2023-10-30,0
台南市,安定區,蘇林里,2023-11-06,1
台南市,安定區,蘇林里,2023-11-13,0
台南市,安定區,蘇林里,2023-11-20,0
台南市,安定區,蘇林里,2023-11-27,2
台南市,安定區,蘇林里,2023-12-04,0
台南市,安定區,蘇林里,2023-12-11,0
台南市,安定區,蘇林里,2023-12-18,0
台南市,安定區,蘇林里,2023-12-25,0
台南市,安定區,蘇林里,2024-01-01,0
台南市,安平區,億載里,2023-06-12,0
台南市,安平區,億載里,2023-06-19,0
台南市,安平區,億載里,2023-06-26,0
台南市,安平區,億載里,2023-07-03,0
台南市,安平區,億載里,2023-07-10,0
台南市,安平區,億載里,2023-07-17,0
台南市,安平區,億載里,2023-07-24,0
台南市,安平區,億載里,2023-07-31,0
台南市,安平區,億載里,2023-08-07,0
台南市,安平區,億載里,2023-08-14,1
台南市,安平區,億載里,2023-08-21,0
台南市,安平區,億載里,2023-08-28,0
台南市,安平區,億載里,2023-09-04,1
台南市,安平區,億載里,2023-09-11,3
台南市,安平區,億載里,2023-09-18,6
台南市,安平區,億載里,2023-09-25,1
台南市,安平區,億載里,2023-10-02,5
台南市,安平區,億載里,2023-10-09,6
台南市,安平區,億載里,2023-10-16,2
台南市,安平區,億載里,2023-10-23,0
台南市,安平區,億載里,2023-10-30,0
台南市,安平區,億載里,2023-11-06,2
台南市,安平區,億載里,2023-11-13,0
台南市,安平區,億載里,2023-11-20,1
台南市,安平區,億載里,2023-11-27,0
台南市,安平區,億載里,2023-12-04,0
台南市,安平區,億載里,2023-12-11,0
台南市,安平區,億載里,2023-12-18,0
台南市,安平區,億載里,2023-12-25,0
台南市,安平區,億載里,2024-01-01,0
台南市,安平區,國平里,2023-06-12,0
台南市,安平區,國平里,2023-06-19,0
台南市,安平區,國平里,2023-06-26,0
台南市,安平區,國平里,2023-07-03,0
台南市,安平區,國平里,2023-07-10,0
台南市,安平區,國平里,2023-07-17,0
台南市,安平區,國平里,2023-07-24,0
台南市,安平區,國平里,2023-07-31,0
台南市,安平區,國平里,2023-08-07,0
台南市,安平區,國平里,2023-08-14,2
台南市,安平區,國平里,2023-08-21,1
台南市,安平區,國平里,2023-08-28,2
台南市,安平區,國平里,2023-09-04,5
台南市,安平區,國平里,2023-09-11,5
台南市,安平區,國平里,2023-09-18,5
台南市,安平區,國平里,2023-09-25,3
台南市,安平區,國平里,2023-10-02,10
台南市,安平區,國平里,2023-10-09,6
台南市,安平區,國平里,2023-10-16,6
台南市,安平區,國平里,2023-10-23,7
台南市,安平區,國平里,2023-10-30,4
台南市,安平區,國平里,2023-11-06,3
台南市,安平區,國平里,2023-11-13,3
台南市,安平區,國平里,2023-11-20,0
台南市,安平區,國平里,2023-11-27,0
台南市,安平區,國平里,2023-12-04,0
台南市,安平區,國平里,2023-12-11,1
台南市,安平區,國平里,2023-12-18,0
台南市,安平區,國平里,2023-12-25,0
台南市,安平區,國平里,2024-01-01,0
台南市,安平區,平安里,2023-06-12,0
台南市,安平區,平安里,2023-06-19,0
台南市,安平區,平安里,2023-06-26,0
台南市,安平區,平安里,2023-07-03,0
台南市,安平區,平安里,2023-07-10,0
台南市,安平區,平安里,2023-07-17,0
台南市,安平區,平安里,2023-07-24,0
台南市,安平區,平安里,2023-07-31,0
台南市,安平區,平安里,2023-08-07,2
台南市,安平區,平安里,2023-08-14,2
台南市,安平區,平安里,2023-08-21,5
台南市,安平區,平安里,2023-08-28,4
台南市,安平區,平安里,2023-09-04,4
台南市,安平區,平安里,2023-09-11,6
台南市,安平區,平安里,2023-09-18,5
台南市,安平區,平安里,2023-09-25,5
台南市,安平區,平安里,2023-10-02,4
台南市,安平區,平安里,2023-10-09,1
台南市,安平區,平安里,2023-10-16,0
台南市,安平區,平安里,2023-10-23,4
台南市,安平區,平安里,2023-10-30,2
台南市,安平區,平安里,2023-11-06,6
台南市,安平區,平安里,2023-11-13,1
台南市,安平區,平安里,2023-11-20,1
台南市,安平區,平安里,2023-11-27,1
台南市,安平區,平安里,2023-12-04,1
台南市,安平區,平安里,2023-12-11,0
台南市,安平區,平安里,2023-12-18,0
台南市,安平區,平安里,2023-12-25,0
台南市,安平區,平安里,2024-01-01,0
台南市,安平區,平通里,2023-06-12,0
台南市,安平區,平通里,2023-06-19,0
台南市,安平區,平通里,2023-06-26,0
台南市,安平區,平通里,2023-07-03,0
台南市,安平區,平通里,2023-07-10,0
台南市,安平區,平通里,2023-07-17,0
台南市,安平區,平通里,2023-07-24,0
台南市,安平區,平通里,2023-07-31,0
台南市,安平區,平通里,2023-08-07,0
台南市,安平區,平通里,2023-08-14,0
台南市,安平區,平通里,2023-08-21,0
台南市,安平區,平通里,2023-08-28,1
台南市,安平區,平通里,2023-09-04,6
台南市,安平區,平通里,2023-09-11,4
台南市,安平區,平通里,2023-09-18,2
台南市,安平區,平通里,2023-09-25,8
台南市,安平區,平通里,2023-10-02,15
台南市,安平區,平通里,2023-10-09,13
台南市,安平區,平通里,2023-10-16,9
台南市,安平區,平通里,2023-10-23,7
台南市,安平區,平通里,2023-10-30,3
台南市,安平區,平通里,2023-11-06,2
台南市,安平區,平通里,2023-11-13,5
台南市,安平區,平通里,2023-11-20,1
台南市,安平區,平通里,2023-11-27,0
台南市,安平區,平通里,2023-12-04,0
台南市,安平區,平通里,2023-12-11,0
台南市,安平區,平通里,2023-12-18,0
台南市,安平區,平通里,2023-12-25,0
台南市,安平區,平通里,2024-01-01,0
台南市,安平區,建平里,2023-06-12,0
台南市,安平區,建平里,2023-06-19,0
台南市,安平區,建平里,2023-06-26,0
台南市,安平區,建平里,2023-07-03,0
台南市,安平區,建平里,2023-07-10,0
台南市,安平區,建平里,2023-07-17,0
台南市,安平區,建平里,2023-07-24,0
台南市,安平區,建平里,2023-07-31,0
台南市,安平區,建平里,2023-08-07,0
台南市,安平區,建平里,2023-08-14,1
台南市,安平區,建平里,2023-08-21,0
台南市,安平區,建平里,2023-08-28,1
台南市,安平區,建平里,2023-09-04,2
台南市,安平區,建平里,2023-09-11,3
台南市,安平區,建平里,2023-09-18,2
台南市,安平區,建平里,2023-09-25,5
台南市,安平區,建平里,2023-10-02,6
台南市,安平區,建平里,2023-10-09,10
台南市,安平區,建平里,2023-10-16,8
台南市,安平區,建平里,2023-10-23,5
台南市,安平區,建平里,2023-10-30,4
台南市,安平區,建平里,2023-11-06,7
台南市,安平區,建平里,2023-11-13,3
台南市,安平區,建平里,2023-11-20,0
台南市,安平區,建平里,2023-11-27,1
台南市,安平區,建平里,2023-12-04,1
台南市,安平區,建平里,2023-12-11,0
台南市,安平區,建平里,2023-12-18,0
台南市,安平區,建平里,2023-12-25,1
台南市,安平區,建平里,2024-01-01,0
台南市,安平區,怡平里,2023-06-12,0
台南市,安平區,怡平里,2023-06-19,0
台南市,安平區,怡平里,2023-06-26,0
台南市,安平區,怡平里,2023-07-03,0
台南市,安平區,怡平里,2023-07-10,0
台南市,安平區,怡平里,2023-07-17,0
台南市,安平區,怡平里,2023-07-24,0
台南市,安平區,怡平里,2023-07-31,0
台南市,安平區,怡平里,2023-08-07,0
台南市,安平區,怡平里,2023-08-14,0
台南市,安平區,怡平里,2023-08-21,1
台南市,安平區,怡平里,2023-08-28,0
台南市,安平區,怡平里,2023-09-04,2
台南市,安平區,怡平里,2023-09-11,0
台南市,安平區,怡平里,2023-09-18,3
台南市,安平區,怡平里,2023-09-25,3
台南市,安平區,怡平里,2023-10-02,4
台南市,安平區,怡平里,2023-10-09,8
台南市,安平區,怡平里,2023-10-16,7
台南市,安平區,怡平里,2023-10-23,9
台南市,安平區,怡平里,2023-10-30,1
台南市,安平區,怡平里,2023-11-06,4
台南市,安平區,怡平里,2023-11-13,4
台南市,安平區,怡平里,2023-11-20,1
台南市,安平區,怡平里,2023-11-27,2
台南市,安平區,怡平里,2023-12-04,1
台南市,安平區,怡平里,2023-12-11,4
台南市,安平區,怡平里,2023-12-18,1
台南市,安平區,怡平里,2023-12-25,0
台南市,安平區,怡平里,2024-01-01,0
台南市,安平區,文平里,2023-06-12,0
台南市,安平區,文平里,2023-06-19,0
台南市,安平區,文平里,2023-06-26,0
台南市,安平區,文平里,2023-07-03,0
台南市,安平區,文平里,2023-07-10,0
台南市,安平區,文平里,2023-07-17,0
台南市,安平區,文平里,2023-07-24,0
台南市,安平區,文平里,2023-07-31,0
台南市,安平區,文平里,2023-08-07,0
台南市,安平區,文平里,2023-08-14,0
台南市,安平區,文平里,2023-08-21,1
台南市,安平區,文平里,2023-08-28,0
台南市,安平區,文平里,2023-09-04,3
台南市,安平區,文平里,2023-09-11,4
台南市,安平區,文平里,2023-09-18,4
台南市,安平區,文平里,2023-09-25,5
台南市,安平區,文平里,2023-10-02,11
台南市,安平區,文平里,2023-10-09,14
台南市,安平區,文平里,2023-10-16,14
台南市,安平區,文平里,2023-10-23,6
台南市,安平區,文平里,2023-10-30,4
台南市,安平區,文平里,2023-11-06,3
台南市,安平區,文平里,2023-11-13,5
台南市,安平區,文平里,2023-11-20,0
台南市,安平區,文平里,2023-11-27,0
台南市,安平區,文平里,2023-12-04,1
台南市,安平區,文平里,2023-12-11,0
台南市,安平區,文平里,2023-12-18,0
台南市,安平區,文平里,2023-12-25,0
台南市,安平區,文平里,2024-01-01,0
台南市,安平區,漁光里,2023-06-12,0
台南市,安平區,漁光里,2023-06-19,0
台南市,安平區,漁光里,2023-06-26,0
台南市,安平區,漁光里,2023-07-03,0
台南市,安平區,漁光里,2023-07-10,0
台南市,安平區,漁光里,2023-07-17,0
台南市,安平區,漁光里,2023-07-24,0
台南市,安平區,漁光里,2023-07-31,0
台南市,安平區,漁光里,2023-08-07,0
台南市,安平區,漁光里,2023-08-14,0
台南市,安平區,漁光里,2023-08-21,0
台南市,安平區,漁光里,2023-08-28,0
台南市,安平區,漁光里,2023-09-04,0
台南市,安平區,漁光里,2023-09-11,0
台南市,安平區,漁光里,2023-09-18,0
台南市,安平區,漁光里,2023-09-25,1
台南市,安平區,漁光里,2023-10-02,0
台南市,安平區,漁光里,2023-10-09,0
台南市,安平區,漁光里,2023-10-16,0
台南市,安平區,漁光里,2023-10-23,0
台南市,安平區,漁光里,2023-10-30,1
台南市,安平區,漁光里,2023-11-06,0
台南市,安平區,漁光里,2023-11-13,0
台南市,安平區,漁光里,2023-11-20,1
台南市,安平區,漁光里,2023-11-27,0
台南市,安平區,漁光里,2023-12-04,0
台南市,安平區,漁光里,2023-12-11,0
台南市,安平區,漁光里,2023-12-18,0
台南市,安平區,漁光里,2023-12-25,0
台南市,安平區,漁光里,2024-01-01,0
台南市,安平區,育平里,2023-06-12,0
台南市,安平區,育平里,2023-06-19,0
台南市,安平區,育平里,2023-06-26,0
台南市,安平區,育平里,2023-07-03,0
台南市,安平區,育平里,2023-07-10,0
台南市,安平區,育平里,2023-07-17,0
台南市,安平區,育平里,2023-07-24,0
台南市,安平區,育平里,2023-07-31,0
台南市,安平區,育平里,2023-08-07,0
台南市,安平區,育平里,2023-08-14,0
台南市,安平區,育平里,2023-08-21,1
台南市,安平區,育平里,2023-08-28,1
台南市,安平區,育平里,2023-09-04,3
台南市,安平區,育平里,2023-09-11,6
台南市,安平區,育平里,2023-09-18,6
台南市,安平區,育平里,2023-09-25,9
台南市,安平區,育平里,2023-10-02,11
台南市,安平區,育平里,2023-10-09,10
台南市,安平區,育平里,2023-10-16,5
台南市,安平區,育平里,2023-10-23,6
台南市,安平區,育平里,2023-10-30,9
台南市,安平區,育平里,2023-11-06,2
台南市,安平區,育平里,2023-11-13,2
台南市,安平區,育平里,2023-11-20,4
台南市,安平區,育平里,2023-11-27,1
台南市,安平區,育平里,2023-12-04,1
台南市,安平區,育平里,2023-12-11,1
台南市,安平區,育平里,2023-12-18,0
台南市,安平區,育平里,2023-12-25,0
台南市,安平區,育平里,2024-01-01,0
台南市,安平區,華平里,2023-06-12,0
台南市,安平區,華平里,2023-06-19,0
台南市,安平區,華平里,2023-06-26,0
台南市,安平區,華平里,2023-07-03,0
台南市,安平區,華平里,2023-07-10,0
台南市,安平區,華平里,2023-07-17,0
台南市,安平區,華平里,2023-07-24,0
台南市,安平區,華平里,2023-07-31,0
台南市,安平區,華平里,2023-08-07,0
台南市,安平區,華平里,2023-08-14,0
台南市,安平區,華平里,2023-08-21,0
台南市,安平區,華平里,2023-08-28,0
台南市,安平區,華平里,2023-09-04,3
台南市,安平區,華平里,2023-09-11,5
台南市,安平區,華平里,2023-09-18,3
台南市,安平區,華平里,2023-09-25,1
台南市,安平區,華平里,2023-10-02,8
台南市,安平區,華平里,2023-10-09,6
台南市,安平區,華平里,2023-10-16,6
台南市,安平區,華平里,2023-10-23,5
台南市,安平區,華平里,2023-10-30,8
台南市,安平區,華平里,2023-11-06,2
台南市,安平區,華平里,2023-11-13,9
台南市,安平區,華平里,2023-11-20,3
台南市,安平區,華平里,2023-11-27,1
台南市,安平區,華平里,2023-12-04,1
台南市,安平區,華平里,2023-12-11,1
台南市,安平區,華平里,2023-12-18,0
台南市,安平區,華平里,2023-12-25,0
台南市,安平區,華平里,2024-01-01,0
台南市,安平區,金城里,2023-06-12,0
台南市,安平區,金城里,2023-06-19,0
台南市,安平區,金城里,2023-06-26,0
台南市,安平區,金城里,2023-07-03,0
台南市,安平區,金城里,2023-07-10,0
台南市,安平區,金城里,2023-07-17,0
台南市,安平區,金城里,2023-07-24,0
台南市,安平區,金城里,2023-07-31,0
台南市,安平區,金城里,2023-08-07,0
台南市,安平區,金城里,2023-08-14,0
台南市,安平區,金城里,2023-08-21,0
台南市,安平區,金城里,2023-08-28,0
台南市,安平區,金城里,2023-09-04,1
台南市,安平區,金城里,2023-09-11,5
台南市,安平區,金城里,2023-09-18,0
台南市,安平區,金城里,2023-09-25,3
台南市,安平區,金城里,2023-10-02,2
台南市,安平區,金城里,2023-10-09,5
台南市,安平區,金城里,2023-10-16,1
台南市,安平區,金城里,2023-10-23,2
台南市,安平區,金城里,2023-10-30,1
台南市,安平區,金城里,2023-11-06,6
台南市,安平區,金城里,2023-11-13,2
台南市,安平區,金城里,2023-11-20,0
台南市,安平區,金城里,2023-11-27,0
台南市,安平區,金城里,2023-12-04,0
台南市,安平區,金城里,2023-12-11,0
台南市,安平區,金城里,2023-12-18,0
台南市,安平區,金城里,2023-12-25,0
台南市,安平區,金城里,2024-01-01,0
台南市,官田區,二鎮里,2023-06-12,0
台南市,官田區,二鎮里,2023-06-19,0
台南市,官田區,二鎮里,2023-06-26,0
台南市,官田區,二鎮里,2023-07-03,0
台南市,官田區,二鎮里,2023-07-10,0
台南市,官田區,二鎮里,2023-07-17,0
台南市,官田區,二鎮里,2023-07-24,0
台南市,官田區,二鎮里,2023-07-31,0
台南市,官田區,二鎮里,2023-08-07,0
台南市,官田區,二鎮里,2023-08-14,0
台南市,官田區,二鎮里,2023-08-21,0
台南市,官田區,二鎮里,2023-08-28,0
台南市,官田區,二鎮里,2023-09-04,0
台南市,官田區,二鎮里,2023-09-11,0
台南市,官田區,二鎮里,2023-09-18,0
台南市,官田區,二鎮里,2023-09-25,0
台南市,官田區,二鎮里,2023-10-02,0
台南市,官田區,二鎮里,2023-10-09,0
台南市,官田區,二鎮里,2023-10-16,0
台南市,官田區,二鎮里,2023-10-23,0
台南市,官田區,二鎮里,2023-10-30,1
台南市,官田區,二鎮里,2023-11-06,0
台南市,官田區,二鎮里,2023-11-13,0
台南市,官田區,二鎮里,2023-11-20,0
台南市,官田區,二鎮里,2023-11-27,0
台南市,官田區,二鎮里,2023-12-04,0
台南市,官田區,二鎮里,2023-12-11,0
台南市,官田區,二鎮里,2023-12-18,0
台南市,官田區,二鎮里,2023-12-25,0
台南市,官田區,二鎮里,2024-01-01,0
台南市,官田區,南廓里,2023-06-12,0
台南市,官田區,南廓里,2023-06-19,0
台南市,官田區,南廓里,2023-06-26,0
台南市,官田區,南廓里,2023-07-03,0
台南市,官田區,南廓里,2023-07-10,0
台南市,官田區,南廓里,2023-07-17,0
台南市,官田區,南廓里,2023-07-24,0
台南市,官田區,南廓里,2023-07-31,0
台南市,官田區,南廓里,2023-08-07,0
台南市,官田區,南廓里,2023-08-14,0
台南市,官田區,南廓里,2023-08-21,0
台南市,官田區,南廓里,2023-08-28,0
台南市,官田區,南廓里,2023-09-04,0
台南市,官田區,南廓里,2023-09-11,0
台南市,官田區,南廓里,2023-09-18,0
台南市,官田區,南廓里,2023-09-25,0
台南市,官田區,南廓里,2023-10-02,0
台南市,官田區,南廓里,2023-10-09,0
台南市,官田區,南廓里,2023-10-16,0
台南市,官田區,南廓里,2023-10-23,0
台南市,官田區,南廓里,2023-10-30,0
台南市,官田區,南廓里,2023-11-06,0
台南市,官田區,南廓里,2023-11-13,0
台南市,官田區,南廓里,2023-11-20,0
台南市,官田區,南廓里,2023-11-27,0
台南市,官田區,南廓里,2023-12-04,0
台南市,官田區,南廓里,2023-12-11,0
台南市,官田區,南廓里,2023-12-18,0
台南市,官田區,南廓里,2023-12-25,0
台南市,官田區,南廓里,2024-01-01,0
台南市,官田區,大崎里,2023-06-12,0
台南市,官田區,大崎里,2023-06-19,0
台南市,官田區,大崎里,2023-06-26,0
台南市,官田區,大崎里,2023-07-03,0
台南市,官田區,大崎里,2023-07-10,0
台南市,官田區,大崎里,2023-07-17,0
台南市,官田區,大崎里,2023-07-24,0
台南市,官田區,大崎里,2023-07-31,0
台南市,官田區,大崎里,2023-08-07,0
台南市,官田區,大崎里,2023-08-14,0
台南市,官田區,大崎里,2023-08-21,0
台南市,官田區,大崎里,2023-08-28,0
台南市,官田區,大崎里,2023-09-04,0
台南市,官田區,大崎里,2023-09-11,0
台南市,官田區,大崎里,2023-09-18,0
台南市,官田區,大崎里,2023-09-25,0
台南市,官田區,大崎里,2023-10-02,0
台南市,官田區,大崎里,2023-10-09,0
台南市,官田區,大崎里,2023-10-16,0
台南市,官田區,大崎里,2023-10-23,0
台南市,官田區,大崎里,2023-10-30,0
台南市,官田區,大崎里,2023-11-06,0
台南市,官田區,大崎里,2023-11-13,0
台南市,官田區,大崎里,2023-11-20,0
台南市,官田區,大崎里,2023-11-27,0
台南市,官田區,大崎里,2023-12-04,0
台南市,官田區,大崎里,2023-12-11,0
台南市,官田區,大崎里,2023-12-18,0
台南市,官田區,大崎里,2023-12-25,0
台南市,官田區,大崎里,2024-01-01,0
台南市,官田區,官田里,2023-06-12,0
台南市,官田區,官田里,2023-06-19,0
台南市,官田區,官田里,2023-06-26,0
台南市,官田區,官田里,2023-07-03,0
台南市,官田區,官田里,2023-07-10,0
台南市,官田區,官田里,2023-07-17,0
台南市,官田區,官田里,2023-07-24,0
台南市,官田區,官田里,2023-07-31,0
台南市,官田區,官田里,2023-08-07,0
台南市,官田區,官田里,2023-08-14,0
台南市,官田區,官田里,2023-08-21,0
台南市,官田區,官田里,2023-08-28,0
台南市,官田區,官田里,2023-09-04,1
台南市,官田區,官田里,2023-09-11,0
台南市,官田區,官田里,2023-09-18,1
台南市,官田區,官田里,2023-09-25,0
台南市,官田區,官田里,2023-10-02,0
台南市,官田區,官田里,2023-10-09,0
台南市,官田區,官田里,2023-10-16,0
台南市,官田區,官田里,2023-10-23,0
台南市,官田區,官田里,2023-10-30,0
台南市,官田區,官田里,2023-11-06,0
台南市,官田區,官田里,2023-11-13,0
台南市,官田區,官田里,2023-11-20,0
台南市,官田區,官田里,2023-11-27,0
台南市,官田區,官田里,2023-12-04,0
台南市,官田區,官田里,2023-12-11,0
台南市,官田區,官田里,2023-12-18,0
台南市,官田區,官田里,2023-12-25,0
台南市,官田區,官田里,2024-01-01,0
台南市,官田區,社子里,2023-06-12,0
台南市,官田區,社子里,2023-06-19,0
台南市,官田區,社子里,2023-06-26,0
台南市,官田區,社子里,2023-07-03,0
台南市,官田區,社子里,2023-07-10,0
台南市,官田區,社子里,2023-07-17,0
台南市,官田區,社子里,2023-07-24,0
台南市,官田區,社子里,2023-07-31,0
台南市,官田區,社子里,2023-08-07,0
台南市,官田區,社子里,2023-08-14,0
台南市,官田區,社子里,2023-08-21,0
台南市,官田區,社子里,2023-08-28,0
台南市,官田區,社子里,2023-09-04,0
台南市,官田區,社子里,2023-09-11,0
台南市,官田區,社子里,2023-09-18,0
台南市,官田區,社子里,2023-09-25,0
台南市,官田區,社子里,2023-10-02,0
台南市,官田區,社子里,2023-10-09,0
台南市,官田區,社子里,2023-10-16,0
台南市,官田區,社子里,2023-10-23,0
台南市,官田區,社子里,2023-10-30,0
台南市,官田區,社子里,2023-11-06,0
台南市,官田區,社子里,2023-11-13,0
台南市,官田區,社子里,2023-11-20,0
台南市,官田區,社子里,2023-11-27,0
台南市,官田區,社子里,2023-12-04,0
台南市,官田區,社子里,2023-12-11,0
台南市,官田區,社子里,2023-12-18,0
台南市,官田區,社子里,2023-12-25,0
台南市,官田區,社子里,2024-01-01,0
台南市,官田區,隆本里,2023-06-12,0
台南市,官田區,隆本里,2023-06-19,0
台南市,官田區,隆本里,2023-06-26,0
台南市,官田區,隆本里,2023-07-03,0
台南市,官田區,隆本里,2023-07-10,0
台南市,官田區,隆本里,2023-07-17,0
台南市,官田區,隆本里,2023-07-24,0
台南市,官田區,隆本里,2023-07-31,0
台南市,官田區,隆本里,2023-08-07,0
台南市,官田區,隆本里,2023-08-14,0
台南市,官田區,隆本里,2023-08-21,0
台南市,官田區,隆本里,2023-08-28,0
台南市,官田區,隆本里,2023-09-04,0
台南市,官田區,隆本里,2023-09-11,0
台南市,官田區,隆本里,2023-09-18,0
台南市,官田區,隆本里,2023-09-25,0
台南市,官田區,隆本里,2023-10-02,0
台南市,官田區,隆本里,2023-10-09,0
台南市,官田區,隆本里,2023-10-16,0
台南市,官田區,隆本里,2023-10-23,1
台南市,官田區,隆本里,2023-10-30,0
台南市,官田區,隆本里,2023-11-06,0
台南市,官田區,隆本里,2023-11-13,0
台南市,官田區,隆本里,2023-11-20,0
台南市,官田區,隆本里,2023-11-27,0
台南市,官田區,隆本里,2023-12-04,0
台南市,官田區,隆本里,2023-12-11,0
台南市,官田區,隆本里,2023-12-18,0
台南市,官田區,隆本里,2023-12-25,0
台南市,官田區,隆本里,2024-01-01,0
台南市,官田區,隆田里,2023-06-12,0
台南市,官田區,隆田里,2023-06-19,0
台南市,官田區,隆田里,2023-06-26,0
台南市,官田區,隆田里,2023-07-03,0
台南市,官田區,隆田里,2023-07-10,0
台南市,官田區,隆田里,2023-07-17,0
台南市,官田區,隆田里,2023-07-24,0
台南市,官田區,隆田里,2023-07-31,0
台南市,官田區,隆田里,2023-08-07,0
台南市,官田區,隆田里,2023-08-14,0
台南市,官田區,隆田里,2023-08-21,0
台南市,官田區,隆田里,2023-08-28,0
台南市,官田區,隆田里,2023-09-04,0
台南市,官田區,隆田里,2023-09-11,0
台南市,官田區,隆田里,2023-09-18,0
台南市,官田區,隆田里,2023-09-25,0
台南市,官田區,隆田里,2023-10-02,0
台南市,官田區,隆田里,2023-10-09,0
台南市,官田區,隆田里,2023-10-16,0
台南市,官田區,隆田里,2023-10-23,0
台南市,官田區,隆田里,2023-10-30,0
台南市,官田區,隆田里,2023-11-06,1
台南市,官田區,隆田里,2023-11-13,0
台南市,官田區,隆田里,2023-11-20,0
台南市,官田區,隆田里,2023-11-27,0
台南市,官田區,隆田里,2023-12-04,0
台南市,官田區,隆田里,2023-12-11,0
台南市,官田區,隆田里,2023-12-18,0
台南市,官田區,隆田里,2023-12-25,0
台南市,官田區,隆田里,2024-01-01,0
台南市,將軍區,平沙里,2023-06-12,0
台南市,將軍區,平沙里,2023-06-19,0
台南市,將軍區,平沙里,2023-06-26,0
台南市,將軍區,平沙里,2023-07-03,0
台南市,將軍區,平沙里,2023-07-10,0
台南市,將軍區,平沙里,2023-07-17,0
台南市,將軍區,平沙里,2023-07-24,0
台南市,將軍區,平沙里,2023-07-31,0
台南市,將軍區,平沙里,2023-08-07,0
台南市,將軍區,平沙里,2023-08-14,0
台南市,將軍區,平沙里,2023-08-21,0
台南市,將軍區,平沙里,2023-08-28,0
台南市,將軍區,平沙里,2023-09-04,0
台南市,將軍區,平沙里,2023-09-11,0
台南市,將軍區,平沙里,2023-09-18,0
台南市,將軍區,平沙里,2023-09-25,0
台南市,將軍區,平沙里,2023-10-02,0
台南市,將軍區,平沙里,2023-10-09,1
台南市,將軍區,平沙里,2023-10-16,0
台南市,將軍區,平沙里,2023-10-23,0
台南市,將軍區,平沙里,2023-10-30,0
台南市,將軍區,平沙里,2023-11-06,0
台南市,將軍區,平沙里,2023-11-13,0
台南市,將軍區,平沙里,2023-11-20,0
台南市,將軍區,平沙里,2023-11-27,0
台南市,將軍區,平沙里,2023-12-04,0
台南市,將軍區,平沙里,2023-12-11,0
台南市,將軍區,平沙里,2023-12-18,0
台南市,將軍區,平沙里,2023-12-25,0
台南市,將軍區,平沙里,2024-01-01,0
台南市,將軍區,廣山里,2023-06-12,0
台南市,將軍區,廣山里,2023-06-19,0
台南市,將軍區,廣山里,2023-06-26,0
台南市,將軍區,廣山里,2023-07-03,0
台南市,將軍區,廣山里,2023-07-10,0
台南市,將軍區,廣山里,2023-07-17,0
台南市,將軍區,廣山里,2023-07-24,0
台南市,將軍區,廣山里,2023-07-31,0
台南市,將軍區,廣山里,2023-08-07,0
台南市,將軍區,廣山里,2023-08-14,0
台南市,將軍區,廣山里,2023-08-21,0
台南市,將軍區,廣山里,2023-08-28,0
台南市,將軍區,廣山里,2023-09-04,0
台南市,將軍區,廣山里,2023-09-11,0
台南市,將軍區,廣山里,2023-09-18,0
台南市,將軍區,廣山里,2023-09-25,0
台南市,將軍區,廣山里,2023-10-02,0
台南市,將軍區,廣山里,2023-10-09,0
台南市,將軍區,廣山里,2023-10-16,0
台南市,將軍區,廣山里,2023-10-23,0
台南市,將軍區,廣山里,2023-10-30,0
台南市,將軍區,廣山里,2023-11-06,0
台南市,將軍區,廣山里,2023-11-13,0
台南市,將軍區,廣山里,2023-11-20,0
台南市,將軍區,廣山里,2023-11-27,0
台南市,將軍區,廣山里,2023-12-04,0
台南市,將軍區,廣山里,2023-12-11,0
台南市,將軍區,廣山里,2023-12-18,0
台南市,將軍區,廣山里,2023-12-25,0
台南市,將軍區,廣山里,2024-01-01,0
台南市,將軍區,玉山里,2023-06-12,0
台南市,將軍區,玉山里,2023-06-19,0
台南市,將軍區,玉山里,2023-06-26,0
台南市,將軍區,玉山里,2023-07-03,0
台南市,將軍區,玉山里,2023-07-10,0
台南市,將軍區,玉山里,2023-07-17,0
台南市,將軍區,玉山里,2023-07-24,0
台南市,將軍區,玉山里,2023-07-31,0
台南市,將軍區,玉山里,2023-08-07,0
台南市,將軍區,玉山里,2023-08-14,0
台南市,將軍區,玉山里,2023-08-21,0
台南市,將軍區,玉山里,2023-08-28,0
台南市,將軍區,玉山里,2023-09-04,0
台南市,將軍區,玉山里,2023-09-11,0
台南市,將軍區,玉山里,2023-09-18,0
台南市,將軍區,玉山里,2023-09-25,0
台南市,將軍區,玉山里,2023-10-02,0
台南市,將軍區,玉山里,2023-10-09,0
台南市,將軍區,玉山里,2023-10-16,0
台南市,將軍區,玉山里,2023-10-23,0
台南市,將軍區,玉山里,2023-10-30,0
台南市,將軍區,玉山里,2023-11-06,0
台南市,將軍區,玉山里,2023-11-13,0
台南市,將軍區,玉山里,2023-11-20,0
台南市,將軍區,玉山里,2023-11-27,1
台南市,將軍區,玉山里,2023-12-04,1
台南市,將軍區,玉山里,2023-12-11,0
台南市,將軍區,玉山里,2023-12-18,0
台南市,將軍區,玉山里,2023-12-25,0
台南市,將軍區,玉山里,2024-01-01,0
台南市,將軍區,長榮里,2023-06-12,0
台南市,將軍區,長榮里,2023-06-19,0
台南市,將軍區,長榮里,2023-06-26,0
台南市,將軍區,長榮里,2023-07-03,0
台南市,將軍區,長榮里,2023-07-10,0
台南市,將軍區,長榮里,2023-07-17,0
台南市,將軍區,長榮里,2023-07-24,0
台南市,將軍區,長榮里,2023-07-31,0
台南市,將軍區,長榮里,2023-08-07,0
台南市,將軍區,長榮里,2023-08-14,0
台南市,將軍區,長榮里,2023-08-21,0
台南市,將軍區,長榮里,2023-08-28,0
台南市,將軍區,長榮里,2023-09-04,0
台南市,將軍區,長榮里,2023-09-11,0
台南市,將軍區,長榮里,2023-09-18,0
台南市,將軍區,長榮里,2023-09-25,0
台南市,將軍區,長榮里,2023-10-02,1
台南市,將軍區,長榮里,2023-10-09,0
台南市,將軍區,長榮里,2023-10-16,0
台南市,將軍區,長榮里,2023-10-23,0
台南市,將軍區,長榮里,2023-10-30,0
台南市,將軍區,長榮里,2023-11-06,0
台南市,將軍區,長榮里,2023-11-13,1
台南市,將軍區,長榮里,2023-11-20,0
台南市,將軍區,長榮里,2023-11-27,0
台南市,將軍區,長榮里,2023-12-04,0
台南市,將軍區,長榮里,2023-12-11,0
台南市,將軍區,長榮里,2023-12-18,0
台南市,將軍區,長榮里,2023-12-25,0
台南市,將軍區,長榮里,2024-01-01,0
台南市,將軍區,長沙里,2023-06-12,0
台南市,將軍區,長沙里,2023-06-19,0
台南市,將軍區,長沙里,2023-06-26,0
台南市,將軍區,長沙里,2023-07-03,0
台南市,將軍區,長沙里,2023-07-10,0
台南市,將軍區,長沙里,2023-07-17,0
台南市,將軍區,長沙里,2023-07-24,0
台南市,將軍區,長沙里,2023-07-31,0
台南市,將軍區,長沙里,2023-08-07,0
台南市,將軍區,長沙里,2023-08-14,0
台南市,將軍區,長沙里,2023-08-21,0
台南市,將軍區,長沙里,2023-08-28,0
台南市,將軍區,長沙里,2023-09-04,0
台南市,將軍區,長沙里,2023-09-11,0
台南市,將軍區,長沙里,2023-09-18,0
台南市,將軍區,長沙里,2023-09-25,0
台南市,將軍區,長沙里,2023-10-02,0
台南市,將軍區,長沙里,2023-10-09,0
台南市,將軍區,長沙里,2023-10-16,0
台南市,將軍區,長沙里,2023-10-23,0
台南市,將軍區,長沙里,2023-10-30,0
台南市,將軍區,長沙里,2023-11-06,0
台南市,將軍區,長沙里,2023-11-13,0
台南市,將軍區,長沙里,2023-11-20,0
台南市,將軍區,長沙里,2023-11-27,0
台南市,將軍區,長沙里,2023-12-04,0
台南市,將軍區,長沙里,2023-12-11,0
台南市,將軍區,長沙里,2023-12-18,0
台南市,將軍區,長沙里,2023-12-25,0
台南市,將軍區,長沙里,2024-01-01,0
台南市,將軍區,鯤溟里,2023-06-12,0
台南市,將軍區,鯤溟里,2023-06-19,0
台南市,將軍區,鯤溟里,2023-06-26,0
台南市,將軍區,鯤溟里,2023-07-03,0
台南市,將軍區,鯤溟里,2023-07-10,0
台南市,將軍區,鯤溟里,2023-07-17,0
台南市,將軍區,鯤溟里,2023-07-24,0
台南市,將軍區,鯤溟里,2023-07-31,0
台南市,將軍區,鯤溟里,2023-08-07,0
台南市,將軍區,鯤溟里,2023-08-14,0
台南市,將軍區,鯤溟里,2023-08-21,0
台南市,將軍區,鯤溟里,2023-08-28,0
台南市,將軍區,鯤溟里,2023-09-04,0
台南市,將軍區,鯤溟里,2023-09-11,0
台南市,將軍區,鯤溟里,2023-09-18,0
台南市,將軍區,鯤溟里,2023-09-25,0
台南市,將軍區,鯤溟里,2023-10-02,0
台南市,將軍區,鯤溟里,2023-10-09,0
台南市,將軍區,鯤溟里,2023-10-16,0
台南市,將軍區,鯤溟里,2023-10-23,0
台南市,將軍區,鯤溟里,2023-10-30,0
台南市,將軍區,鯤溟里,2023-11-06,0
台南市,將軍區,鯤溟里,2023-11-13,0
台南市,將軍區,鯤溟里,2023-11-20,0
台南市,將軍區,鯤溟里,2023-11-27,0
台南市,將軍區,鯤溟里,2023-12-04,0
台南市,將軍區,鯤溟里,2023-12-11,0
台南市,將軍區,鯤溟里,2023-12-18,0
台南市,將軍區,鯤溟里,2023-12-25,0
台南市,將軍區,鯤溟里,2024-01-01,0
台南市,山上區,南洲里,2023-06-12,0
台南市,山上區,南洲里,2023-06-19,0
台南市,山上區,南洲里,2023-06-26,0
台南市,山上區,南洲里,2023-07-03,0
台南市,山上區,南洲里,2023-07-10,0
台南市,山上區,南洲里,2023-07-17,0
台南市,山上區,南洲里,2023-07-24,0
台南市,山上區,南洲里,2023-07-31,0
台南市,山上區,南洲里,2023-08-07,0
台南市,山上區,南洲里,2023-08-14,0
台南市,山上區,南洲里,2023-08-21,0
台南市,山上區,南洲里,2023-08-28,0
台南市,山上區,南洲里,2023-09-04,0
台南市,山上區,南洲里,2023-09-11,0
台南市,山上區,南洲里,2023-09-18,0
台南市,山上區,南洲里,2023-09-25,0
台南市,山上區,南洲里,2023-10-02,0
台南市,山上區,南洲里,2023-10-09,0
台南市,山上區,南洲里,2023-10-16,0
台南市,山上區,南洲里,2023-10-23,0
台南市,山上區,南洲里,2023-10-30,1
台南市,山上區,南洲里,2023-11-06,0
台南市,山上區,南洲里,2023-11-13,0
台南市,山上區,南洲里,2023-11-20,0
台南市,山上區,南洲里,2023-11-27,0
台南市,山上區,南洲里,2023-12-04,0
台南市,山上區,南洲里,2023-12-11,0
台南市,山上區,南洲里,2023-12-18,0
台南市,山上區,南洲里,2023-12-25,0
台南市,山上區,南洲里,2024-01-01,0
台南市,山上區,山上里,2023-06-12,0
台南市,山上區,山上里,2023-06-19,0
台南市,山上區,山上里,2023-06-26,0
台南市,山上區,山上里,2023-07-03,0
台南市,山上區,山上里,2023-07-10,0
台南市,山上區,山上里,2023-07-17,0
台南市,山上區,山上里,2023-07-24,0
台南市,山上區,山上里,2023-07-31,0
台南市,山上區,山上里,2023-08-07,0
台南市,山上區,山上里,2023-08-14,0
台南市,山上區,山上里,2023-08-21,0
台南市,山上區,山上里,2023-08-28,0
台南市,山上區,山上里,2023-09-04,0
台南市,山上區,山上里,2023-09-11,0
台南市,山上區,山上里,2023-09-18,1
台南市,山上區,山上里,2023-09-25,0
台南市,山上區,山上里,2023-10-02,0
台南市,山上區,山上里,2023-10-09,0
台南市,山上區,山上里,2023-10-16,0
台南市,山上區,山上里,2023-10-23,0
台南市,山上區,山上里,2023-10-30,1
台南市,山上區,山上里,2023-11-06,0
台南市,山上區,山上里,2023-11-13,0
台南市,山上區,山上里,2023-11-20,0
台南市,山上區,山上里,2023-11-27,0
台南市,山上區,山上里,2023-12-04,0
台南市,山上區,山上里,2023-12-11,0
台南市,山上區,山上里,2023-12-18,0
台南市,山上區,山上里,2023-12-25,0
台南市,山上區,山上里,2024-01-01,0
台南市,山上區,平陽里,2023-06-12,0
台南市,山上區,平陽里,2023-06-19,0
台南市,山上區,平陽里,2023-06-26,0
台南市,山上區,平陽里,2023-07-03,0
台南市,山上區,平陽里,2023-07-10,0
台南市,山上區,平陽里,2023-07-17,0
台南市,山上區,平陽里,2023-07-24,0
台南市,山上區,平陽里,2023-07-31,0
台南市,山上區,平陽里,2023-08-07,0
台南市,山上區,平陽里,2023-08-14,0
台南市,山上區,平陽里,2023-08-21,0
台南市,山上區,平陽里,2023-08-28,0
台南市,山上區,平陽里,2023-09-04,0
台南市,山上區,平陽里,2023-09-11,0
台南市,山上區,平陽里,2023-09-18,0
台南市,山上區,平陽里,2023-09-25,0
台南市,山上區,平陽里,2023-10-02,0
台南市,山上區,平陽里,2023-10-09,0
台南市,山上區,平陽里,2023-10-16,0
台南市,山上區,平陽里,2023-10-23,0
台南市,山上區,平陽里,2023-10-30,0
台南市,山上區,平陽里,2023-11-06,0
台南市,山上區,平陽里,2023-11-13,0
台南市,山上區,平陽里,2023-11-20,0
台南市,山上區,平陽里,2023-11-27,0
台南市,山上區,平陽里,2023-12-04,0
台南市,山上區,平陽里,2023-12-11,0
台南市,山上區,平陽里,2023-12-18,0
台南市,山上區,平陽里,2023-12-25,0
台南市,山上區,平陽里,2024-01-01,0
台南市,山上區,新莊里,2023-06-12,0
台南市,山上區,新莊里,2023-06-19,0
台南市,山上區,新莊里,2023-06-26,0
台南市,山上區,新莊里,2023-07-03,0
台南市,山上區,新莊里,2023-07-10,0
台南市,山上區,新莊里,2023-07-17,0
台南市,山上區,新莊里,2023-07-24,0
台南市,山上區,新莊里,2023-07-31,0
台南市,山上區,新莊里,2023-08-07,0
台南市,山上區,新莊里,2023-08-14,0
台南市,山上區,新莊里,2023-08-21,0
台南市,山上區,新莊里,2023-08-28,0
台南市,山上區,新莊里,2023-09-04,0
台南市,山上區,新莊里,2023-09-11,0
台南市,山上區,新莊里,2023-09-18,0
台南市,山上區,新莊里,2023-09-25,0
台南市,山上區,新莊里,2023-10-02,0
台南市,山上區,新莊里,2023-10-09,0
台南市,山上區,新莊里,2023-10-16,0
台南市,山上區,新莊里,2023-10-23,0
台南市,山上區,新莊里,2023-10-30,0
台南市,山上區,新莊里,2023-11-06,0
台南市,山上區,新莊里,2023-11-13,0
台南市,山上區,新莊里,2023-11-20,0
台南市,山上區,新莊里,2023-11-27,0
台南市,山上區,新莊里,2023-12-04,0
台南市,山上區,新莊里,2023-12-11,0
台南市,山上區,新莊里,2023-12-18,0
台南市,山上區,新莊里,2023-12-25,0
台南市,山上區,新莊里,2024-01-01,0
台南市,山上區,明和里,2023-06-12,0
台南市,山上區,明和里,2023-06-19,0
台南市,山上區,明和里,2023-06-26,0
台南市,山上區,明和里,2023-07-03,0
台南市,山上區,明和里,2023-07-10,0
台南市,山上區,明和里,2023-07-17,0
台南市,山上區,明和里,2023-07-24,0
台南市,山上區,明和里,2023-07-31,0
台南市,山上區,明和里,2023-08-07,0
台南市,山上區,明和里,2023-08-14,0
台南市,山上區,明和里,2023-08-21,0
台南市,山上區,明和里,2023-08-28,0
台南市,山上區,明和里,2023-09-04,0
台南市,山上區,明和里,2023-09-11,0
台南市,山上區,明和里,2023-09-18,0
台南市,山上區,明和里,2023-09-25,0
台南市,山上區,明和里,2023-10-02,0
台南市,山上區,明和里,2023-10-09,0
台南市,山上區,明和里,2023-10-16,0
台南市,山上區,明和里,2023-10-23,0
台南市,山上區,明和里,2023-10-30,0
台南市,山上區,明和里,2023-11-06,1
台南市,山上區,明和里,2023-11-13,0
台南市,山上區,明和里,2023-11-20,0
台南市,山上區,明和里,2023-11-27,0
台南市,山上區,明和里,2023-12-04,0
台南市,山上區,明和里,2023-12-11,0
台南市,山上區,明和里,2023-12-18,0
台南市,山上區,明和里,2023-12-25,0
台南市,山上區,明和里,2024-01-01,0
台南市,山上區,玉峯里,2023-06-12,0
台南市,山上區,玉峯里,2023-06-19,0
台南市,山上區,玉峯里,2023-06-26,0
台南市,山上區,玉峯里,2023-07-03,0
台南市,山上區,玉峯里,2023-07-10,0
台南市,山上區,玉峯里,2023-07-17,0
台南市,山上區,玉峯里,2023-07-24,0
台南市,山上區,玉峯里,2023-07-31,0
台南市,山上區,玉峯里,2023-08-07,0
台南市,山上區,玉峯里,2023-08-14,0
台南市,山上區,玉峯里,2023-08-21,0
台南市,山上區,玉峯里,2023-08-28,0
台南市,山上區,玉峯里,2023-09-04,0
台南市,山上區,玉峯里,2023-09-11,0
台南市,山上區,玉峯里,2023-09-18,0
台南市,山上區,玉峯里,2023-09-25,0
台南市,山上區,玉峯里,2023-10-02,0
台南市,山上區,玉峯里,2023-10-09,0
台南市,山上區,玉峯里,2023-10-16,0
台南市,山上區,玉峯里,2023-10-23,0
台南市,山上區,玉峯里,2023-10-30,0
台南市,山上區,玉峯里,2023-11-06,0
台南市,山上區,玉峯里,2023-11-13,0
台南市,山上區,玉峯里,2023-11-20,0
台南市,山上區,玉峯里,2023-11-27,0
台南市,山上區,玉峯里,2023-12-04,0
台南市,山上區,玉峯里,2023-12-11,0
台南市,山上區,玉峯里,2023-12-18,0
台南市,山上區,玉峯里,2023-12-25,0
台南市,山上區,玉峯里,2024-01-01,0
台南市,山上區,豐德里,2023-06-12,0
台南市,山上區,豐德里,2023-06-19,0
台南市,山上區,豐德里,2023-06-26,0
台南市,山上區,豐德里,2023-07-03,0
台南市,山上區,豐德里,2023-07-10,0
台南市,山上區,豐德里,2023-07-17,0
台南市,山上區,豐德里,2023-07-24,0
台南市,山上區,豐德里,2023-07-31,0
台南市,山上區,豐德里,2023-08-07,0
台南市,山上區,豐德里,2023-08-14,0
台南市,山上區,豐德里,2023-08-21,0
台南市,山上區,豐德里,2023-08-28,0
台南市,山上區,豐德里,2023-09-04,0
台南市,山上區,豐德里,2023-09-11,0
台南市,山上區,豐德里,2023-09-18,0
台南市,山上區,豐德里,2023-09-25,0
台南市,山上區,豐德里,2023-10-02,0
台南市,山上區,豐德里,2023-10-09,0
台南市,山上區,豐德里,2023-10-16,0
台南市,山上區,豐德里,2023-10-23,0
台南市,山上區,豐德里,2023-10-30,0
台南市,山上區,豐德里,2023-11-06,0
台南市,山上區,豐德里,2023-11-13,0
台南市,山上區,豐德里,2023-11-20,0
台南市,山上區,豐德里,2023-11-27,0
台南市,山上區,豐德里,2023-12-04,0
台南市,山上區,豐德里,2023-12-11,0
台南市,山上區,豐德里,2023-12-18,0
台南市,山上區,豐德里,2023-12-25,0
台南市,山上區,豐德里,2024-01-01,0
台南市,左鎮區,二寮里,2023-06-12,0
台南市,左鎮區,二寮里,2023-06-19,0
台南市,左鎮區,二寮里,2023-06-26,0
台南市,左鎮區,二寮里,2023-07-03,0
台南市,左鎮區,二寮里,2023-07-10,0
台南市,左鎮區,二寮里,2023-07-17,0
台南市,左鎮區,二寮里,2023-07-24,0
台南市,左鎮區,二寮里,2023-07-31,0
台南市,左鎮區,二寮里,2023-08-07,0
台南市,左鎮區,二寮里,2023-08-14,0
台南市,左鎮區,二寮里,2023-08-21,0
台南市,左鎮區,二寮里,2023-08-28,0
台南市,左鎮區,二寮里,2023-09-04,0
台南市,左鎮區,二寮里,2023-09-11,0
台南市,左鎮區,二寮里,2023-09-18,0
台南市,左鎮區,二寮里,2023-09-25,0
台南市,左鎮區,二寮里,2023-10-02,0
台南市,左鎮區,二寮里,2023-10-09,0
台南市,左鎮區,二寮里,2023-10-16,0
台南市,左鎮區,二寮里,2023-10-23,0
台南市,左鎮區,二寮里,2023-10-30,0
台南市,左鎮區,二寮里,2023-11-06,0
台南市,左鎮區,二寮里,2023-11-13,0
台南市,左鎮區,二寮里,2023-11-20,0
台南市,左鎮區,二寮里,2023-11-27,0
台南市,左鎮區,二寮里,2023-12-04,0
台南市,左鎮區,二寮里,2023-12-11,0
台南市,左鎮區,二寮里,2023-12-18,0
台南市,左鎮區,二寮里,2023-12-25,0
台南市,左鎮區,二寮里,2024-01-01,0
台南市,左鎮區,光和里,2023-06-12,0
台南市,左鎮區,光和里,2023-06-19,0
台南市,左鎮區,光和里,2023-06-26,0
台南市,左鎮區,光和里,2023-07-03,0
台南市,左鎮區,光和里,2023-07-10,0
台南市,左鎮區,光和里,2023-07-17,0
台南市,左鎮區,光和里,2023-07-24,0
台南市,左鎮區,光和里,2023-07-31,0
台南市,左鎮區,光和里,2023-08-07,0
台南市,左鎮區,光和里,2023-08-14,0
台南市,左鎮區,光和里,2023-08-21,0
台南市,左鎮區,光和里,2023-08-28,0
台南市,左鎮區,光和里,2023-09-04,0
台南市,左鎮區,光和里,2023-09-11,0
台南市,左鎮區,光和里,2023-09-18,0
台南市,左鎮區,光和里,2023-09-25,0
台南市,左鎮區,光和里,2023-10-02,0
台南市,左鎮區,光和里,2023-10-09,0
台南市,左鎮區,光和里,2023-10-16,0
台南市,左鎮區,光和里,2023-10-23,0
台南市,左鎮區,光和里,2023-10-30,0
台南市,左鎮區,光和里,2023-11-06,0
台南市,左鎮區,光和里,2023-11-13,0
台南市,左鎮區,光和里,2023-11-20,0
台南市,左鎮區,光和里,2023-11-27,0
台南市,左鎮區,光和里,2023-12-04,0
台南市,左鎮區,光和里,2023-12-11,0
台南市,左鎮區,光和里,2023-12-18,0
台南市,左鎮區,光和里,2023-12-25,0
台南市,左鎮區,光和里,2024-01-01,0
台南市,左鎮區,內庄里,2023-06-12,0
台南市,左鎮區,內庄里,2023-06-19,0
台南市,左鎮區,內庄里,2023-06-26,0
台南市,左鎮區,內庄里,2023-07-03,0
台南市,左鎮區,內庄里,2023-07-10,0
台南市,左鎮區,內庄里,2023-07-17,0
台南市,左鎮區,內庄里,2023-07-24,0
台南市,左鎮區,內庄里,2023-07-31,0
台南市,左鎮區,內庄里,2023-08-07,1
台南市,左鎮區,內庄里,2023-08-14,0
台南市,左鎮區,內庄里,2023-08-21,0
台南市,左鎮區,內庄里,2023-08-28,0
台南市,左鎮區,內庄里,2023-09-04,0
台南市,左鎮區,內庄里,2023-09-11,0
台南市,左鎮區,內庄里,2023-09-18,0
台南市,左鎮區,內庄里,2023-09-25,0
台南市,左鎮區,內庄里,2023-10-02,0
台南市,左鎮區,內庄里,2023-10-09,0
台南市,左鎮區,內庄里,2023-10-16,0
台南市,左鎮區,內庄里,2023-10-23,1
台南市,左鎮區,內庄里,2023-10-30,0
台南市,左鎮區,內庄里,2023-11-06,0
台南市,左鎮區,內庄里,2023-11-13,0
台南市,左鎮區,內庄里,2023-11-20,0
台南市,左鎮區,內庄里,2023-11-27,0
台南市,左鎮區,內庄里,2023-12-04,0
台南市,左鎮區,內庄里,2023-12-11,0
台南市,左鎮區,內庄里,2023-12-18,0
台南市,左鎮區,內庄里,2023-12-25,0
台南市,左鎮區,內庄里,2024-01-01,0
台南市,左鎮區,岡林里,2023-06-12,0
台南市,左鎮區,岡林里,2023-06-19,0
台南市,左鎮區,岡林里,2023-06-26,0
台南市,左鎮區,岡林里,2023-07-03,0
台南市,左鎮區,岡林里,2023-07-10,0
台南市,左鎮區,岡林里,2023-07-17,0
台南市,左鎮區,岡林里,2023-07-24,0
台南市,左鎮區,岡林里,2023-07-31,0
台南市,左鎮區,岡林里,2023-08-07,0
台南市,左鎮區,岡林里,2023-08-14,0
台南市,左鎮區,岡林里,2023-08-21,0
台南市,左鎮區,岡林里,2023-08-28,0
台南市,左鎮區,岡林里,2023-09-04,0
台南市,左鎮區,岡林里,2023-09-11,0
台南市,左鎮區,岡林里,2023-09-18,0
台南市,左鎮區,岡林里,2023-09-25,0
台南市,左鎮區,岡林里,2023-10-02,0
台南市,左鎮區,岡林里,2023-10-09,0
台南市,左鎮區,岡林里,2023-10-16,0
台南市,左鎮區,岡林里,2023-10-23,0
台南市,左鎮區,岡林里,2023-10-30,0
台南市,左鎮區,岡林里,2023-11-06,0
台南市,左鎮區,岡林里,2023-11-13,1
台南市,左鎮區,岡林里,2023-11-20,0
台南市,左鎮區,岡林里,2023-11-27,0
台南市,左鎮區,岡林里,2023-12-04,0
台南市,左鎮區,岡林里,2023-12-11,0
台南市,左鎮區,岡林里,2023-12-18,0
台南市,左鎮區,岡林里,2023-12-25,0
台南市,左鎮區,岡林里,2024-01-01,0
台南市,左鎮區,左鎮里,2023-06-12,0
台南市,左鎮區,左鎮里,2023-06-19,0
台南市,左鎮區,左鎮里,2023-06-26,0
台南市,左鎮區,左鎮里,2023-07-03,0
台南市,左鎮區,左鎮里,2023-07-10,0
台南市,左鎮區,左鎮里,2023-07-17,0
台南市,左鎮區,左鎮里,2023-07-24,0
台南市,左鎮區,左鎮里,2023-07-31,0
台南市,左鎮區,左鎮里,2023-08-07,0
台南市,左鎮區,左鎮里,2023-08-14,0
台南市,左鎮區,左鎮里,2023-08-21,0
台南市,左鎮區,左鎮里,2023-08-28,0
台南市,左鎮區,左鎮里,2023-09-04,0
台南市,左鎮區,左鎮里,2023-09-11,0
台南市,左鎮區,左鎮里,2023-09-18,0
台南市,左鎮區,左鎮里,2023-09-25,0
台南市,左鎮區,左鎮里,2023-10-02,0
台南市,左鎮區,左鎮里,2023-10-09,0
台南市,左鎮區,左鎮里,2023-10-16,0
台南市,左鎮區,左鎮里,2023-10-23,0
台南市,左鎮區,左鎮里,2023-10-30,0
台南市,左鎮區,左鎮里,2023-11-06,0
台南市,左鎮區,左鎮里,2023-11-13,0
台南市,左鎮區,左鎮里,2023-11-20,0
台南市,左鎮區,左鎮里,2023-11-27,0
台南市,左鎮區,左鎮里,2023-12-04,0
台南市,左鎮區,左鎮里,2023-12-11,0
台南市,左鎮區,左鎮里,2023-12-18,0
台南市,左鎮區,左鎮里,2023-12-25,0
台南市,左鎮區,左鎮里,2024-01-01,0
台南市,左鎮區,榮和里,2023-06-12,0
台南市,左鎮區,榮和里,2023-06-19,0
台南市,左鎮區,榮和里,2023-06-26,0
台南市,左鎮區,榮和里,2023-07-03,0
台南市,左鎮區,榮和里,2023-07-10,0
台南市,左鎮區,榮和里,2023-07-17,0
台南市,左鎮區,榮和里,2023-07-24,0
台南市,左鎮區,榮和里,2023-07-31,0
台南市,左鎮區,榮和里,2023-08-07,0
台南市,左鎮區,榮和里,2023-08-14,0
台南市,左鎮區,榮和里,2023-08-21,0
台南市,左鎮區,榮和里,2023-08-28,0
台南市,左鎮區,榮和里,2023-09-04,0
台南市,左鎮區,榮和里,2023-09-11,0
台南市,左鎮區,榮和里,2023-09-18,0
台南市,左鎮區,榮和里,2023-09-25,0
台南市,左鎮區,榮和里,2023-10-02,0
台南市,左鎮區,榮和里,2023-10-09,0
台南市,左鎮區,榮和里,2023-10-16,0
台南市,左鎮區,榮和里,2023-10-23,0
台南市,左鎮區,榮和里,2023-10-30,0
台南市,左鎮區,榮和里,2023-11-06,0
台南市,左鎮區,榮和里,2023-11-13,0
台南市,左鎮區,榮和里,2023-11-20,0
台南市,左鎮區,榮和里,2023-11-27,0
台南市,左鎮區,榮和里,2023-12-04,0
台南市,左鎮區,榮和里,2023-12-11,0
台南市,左鎮區,榮和里,2023-12-18,0
台南市,左鎮區,榮和里,2023-12-25,0
台南市,左鎮區,榮和里,2024-01-01,0
台南市,左鎮區,澄山里,2023-06-12,0
台南市,左鎮區,澄山里,2023-06-19,0
台南市,左鎮區,澄山里,2023-06-26,0
台南市,左鎮區,澄山里,2023-07-03,0
台南市,左鎮區,澄山里,2023-07-10,0
台南市,左鎮區,澄山里,2023-07-17,0
台南市,左鎮區,澄山里,2023-07-24,0
台南市,左鎮區,澄山里,2023-07-31,0
台南市,左鎮區,澄山里,2023-08-07,0
台南市,左鎮區,澄山里,2023-08-14,0
台南市,左鎮區,澄山里,2023-08-21,2
台南市,左鎮區,澄山里,2023-08-28,0
台南市,左鎮區,澄山里,2023-09-04,0
台南市,左鎮區,澄山里,2023-09-11,1
台南市,左鎮區,澄山里,2023-09-18,1
台南市,左鎮區,澄山里,2023-09-25,0
台南市,左鎮區,澄山里,2023-10-02,2
台南市,左鎮區,澄山里,2023-10-09,0
台南市,左鎮區,澄山里,2023-10-16,1
台南市,左鎮區,澄山里,2023-10-23,0
台南市,左鎮區,澄山里,2023-10-30,0
台南市,左鎮區,澄山里,2023-11-06,0
台南市,左鎮區,澄山里,2023-11-13,1
台南市,左鎮區,澄山里,2023-11-20,0
台南市,左鎮區,澄山里,2023-11-27,0
台南市,左鎮區,澄山里,2023-12-04,0
台南市,左鎮區,澄山里,2023-12-11,0
台南市,左鎮區,澄山里,2023-12-18,0
台南市,左鎮區,澄山里,2023-12-25,0
台南市,左鎮區,澄山里,2024-01-01,1
台南市,左鎮區,睦光里,2023-06-12,0
台南市,左鎮區,睦光里,2023-06-19,0
台南市,左鎮區,睦光里,2023-06-26,0
台南市,左鎮區,睦光里,2023-07-03,0
台南市,左鎮區,睦光里,2023-07-10,0
台南市,左鎮區,睦光里,2023-07-17,0
台南市,左鎮區,睦光里,2023-07-24,0
台南市,左鎮區,睦光里,2023-07-31,0
台南市,左鎮區,睦光里,2023-08-07,0
台南市,左鎮區,睦光里,2023-08-14,0
台南市,左鎮區,睦光里,2023-08-21,0
台南市,左鎮區,睦光里,2023-08-28,0
台南市,左鎮區,睦光里,2023-09-04,0
台南市,左鎮區,睦光里,2023-09-11,0
台南市,左鎮區,睦光里,2023-09-18,0
台南市,左鎮區,睦光里,2023-09-25,0
台南市,左鎮區,睦光里,2023-10-02,0
台南市,左鎮區,睦光里,2023-10-09,0
台南市,左鎮區,睦光里,2023-10-16,0
台南市,左鎮區,睦光里,2023-10-23,0
台南市,左鎮區,睦光里,2023-10-30,0
台南市,左鎮區,睦光里,2023-11-06,0
台南市,左鎮區,睦光里,2023-11-13,0
台南市,左鎮區,睦光里,2023-11-20,0
台南市,左鎮區,睦光里,2023-11-27,0
台南市,左鎮區,睦光里,2023-12-04,0
台南市,左鎮區,睦光里,2023-12-11,0
台南市,左鎮區,睦光里,2023-12-18,0
台南市,左鎮區,睦光里,2023-12-25,0
台南市,左鎮區,睦光里,2024-01-01,0
台南市,左鎮區,草山里,2023-06-12,0
台南市,左鎮區,草山里,2023-06-19,0
台南市,左鎮區,草山里,2023-06-26,0
台南市,左鎮區,草山里,2023-07-03,0
台南市,左鎮區,草山里,2023-07-10,0
台南市,左鎮區,草山里,2023-07-17,0
台南市,左鎮區,草山里,2023-07-24,0
台南市,左鎮區,草山里,2023-07-31,0
台南市,左鎮區,草山里,2023-08-07,0
台南市,左鎮區,草山里,2023-08-14,0
台南市,左鎮區,草山里,2023-08-21,0
台南市,左鎮區,草山里,2023-08-28,0
台南市,左鎮區,草山里,2023-09-04,0
台南市,左鎮區,草山里,2023-09-11,0
台南市,左鎮區,草山里,2023-09-18,0
台南市,左鎮區,草山里,2023-09-25,0
台南市,左鎮區,草山里,2023-10-02,0
台南市,左鎮區,草山里,2023-10-09,0
台南市,左鎮區,草山里,2023-10-16,0
台南市,左鎮區,草山里,2023-10-23,0
台南市,左鎮區,草山里,2023-10-30,0
台南市,左鎮區,草山里,2023-11-06,0
台南市,左鎮區,草山里,2023-11-13,0
台南市,左鎮區,草山里,2023-11-20,0
台南市,左鎮區,草山里,2023-11-27,0
台南市,左鎮區,草山里,2023-12-04,0
台南市,左鎮區,草山里,2023-12-11,0
台南市,左鎮區,草山里,2023-12-18,0
台南市,左鎮區,草山里,2023-12-25,0
台南市,左鎮區,草山里,2024-01-01,0
台南市,後壁區,侯伯里,2023-06-12,0
台南市,後壁區,侯伯里,2023-06-19,0
台南市,後壁區,侯伯里,2023-06-26,0
台南市,後壁區,侯伯里,2023-07-03,0
台南市,後壁區,侯伯里,2023-07-10,0
台南市,後壁區,侯伯里,2023-07-17,0
台南市,後壁區,侯伯里,2023-07-24,0
台南市,後壁區,侯伯里,2023-07-31,0
台南市,後壁區,侯伯里,2023-08-07,0
台南市,後壁區,侯伯里,2023-08-14,0
台南市,後壁區,侯伯里,2023-08-21,0
台南市,後壁區,侯伯里,2023-08-28,0
台南市,後壁區,侯伯里,2023-09-04,0
台南市,後壁區,侯伯里,2023-09-11,0
台南市,後壁區,侯伯里,2023-09-18,0
台南市,後壁區,侯伯里,2023-09-25,0
台南市,後壁區,侯伯里,2023-10-02,0
台南市,後壁區,侯伯里,2023-10-09,0
台南市,後壁區,侯伯里,2023-10-16,0
台南市,後壁區,侯伯里,2023-10-23,0
台南市,後壁區,侯伯里,2023-10-30,0
台南市,後壁區,侯伯里,2023-11-06,0
台南市,後壁區,侯伯里,2023-11-13,0
台南市,後壁區,侯伯里,2023-11-20,0
台南市,後壁區,侯伯里,2023-11-27,0
台南市,後壁區,侯伯里,2023-12-04,0
台南市,後壁區,侯伯里,2023-12-11,0
台南市,後壁區,侯伯里,2023-12-18,0
台南市,後壁區,侯伯里,2023-12-25,0
台南市,後壁區,侯伯里,2024-01-01,0
台南市,後壁區,嘉苳里,2023-06-12,0
台南市,後壁區,嘉苳里,2023-06-19,0
台南市,後壁區,嘉苳里,2023-06-26,0
台南市,後壁區,嘉苳里,2023-07-03,0
台南市,後壁區,嘉苳里,2023-07-10,0
台南市,後壁區,嘉苳里,2023-07-17,0
台南市,後壁區,嘉苳里,2023-07-24,0
台南市,後壁區,嘉苳里,2023-07-31,0
台南市,後壁區,嘉苳里,2023-08-07,0
台南市,後壁區,嘉苳里,2023-08-14,0
台南市,後壁區,嘉苳里,2023-08-21,0
台南市,後壁區,嘉苳里,2023-08-28,0
台南市,後壁區,嘉苳里,2023-09-04,0
台南市,後壁區,嘉苳里,2023-09-11,0
台南市,後壁區,嘉苳里,2023-09-18,0
台南市,後壁區,嘉苳里,2023-09-25,0
台南市,後壁區,嘉苳里,2023-10-02,0
台南市,後壁區,嘉苳里,2023-10-09,0
台南市,後壁區,嘉苳里,2023-10-16,0
台南市,後壁區,嘉苳里,2023-10-23,0
台南市,後壁區,嘉苳里,2023-10-30,0
台南市,後壁區,嘉苳里,2023-11-06,0
台南市,後壁區,嘉苳里,2023-11-13,0
台南市,後壁區,嘉苳里,2023-11-20,0
台南市,後壁區,嘉苳里,2023-11-27,0
台南市,後壁區,嘉苳里,2023-12-04,0
台南市,後壁區,嘉苳里,2023-12-11,0
台南市,後壁區,嘉苳里,2023-12-18,0
台南市,後壁區,嘉苳里,2023-12-25,0
台南市,後壁區,嘉苳里,2024-01-01,0
台南市,後壁區,土溝里,2023-06-12,0
台南市,後壁區,土溝里,2023-06-19,0
台南市,後壁區,土溝里,2023-06-26,0
台南市,後壁區,土溝里,2023-07-03,0
台南市,後壁區,土溝里,2023-07-10,0
台南市,後壁區,土溝里,2023-07-17,0
台南市,後壁區,土溝里,2023-07-24,0
台南市,後壁區,土溝里,2023-07-31,0
台南市,後壁區,土溝里,2023-08-07,0
台南市,後壁區,土溝里,2023-08-14,0
台南市,後壁區,土溝里,2023-08-21,0
台南市,後壁區,土溝里,2023-08-28,0
台南市,後壁區,土溝里,2023-09-04,0
台南市,後壁區,土溝里,2023-09-11,0
台南市,後壁區,土溝里,2023-09-18,0
台南市,後壁區,土溝里,2023-09-25,0
台南市,後壁區,土溝里,2023-10-02,0
台南市,後壁區,土溝里,2023-10-09,0
台南市,後壁區,土溝里,2023-10-16,0
台南市,後壁區,土溝里,2023-10-23,0
台南市,後壁區,土溝里,2023-10-30,0
台南市,後壁區,土溝里,2023-11-06,0
台南市,後壁區,土溝里,2023-11-13,0
台南市,後壁區,土溝里,2023-11-20,0
台南市,後壁區,土溝里,2023-11-27,0
台南市,後壁區,土溝里,2023-12-04,0
台南市,後壁區,土溝里,2023-12-11,0
台南市,後壁區,土溝里,2023-12-18,0
台南市,後壁區,土溝里,2023-12-25,0
台南市,後壁區,土溝里,2024-01-01,0
台南市,後壁區,新嘉里,2023-06-12,0
台南市,後壁區,新嘉里,2023-06-19,0
台南市,後壁區,新嘉里,2023-06-26,0
台南市,後壁區,新嘉里,2023-07-03,0
台南市,後壁區,新嘉里,2023-07-10,0
台南市,後壁區,新嘉里,2023-07-17,0
台南市,後壁區,新嘉里,2023-07-24,0
台南市,後壁區,新嘉里,2023-07-31,0
台南市,後壁區,新嘉里,2023-08-07,0
台南市,後壁區,新嘉里,2023-08-14,0
台南市,後壁區,新嘉里,2023-08-21,0
台南市,後壁區,新嘉里,2023-08-28,0
台南市,後壁區,新嘉里,2023-09-04,0
台南市,後壁區,新嘉里,2023-09-11,0
台南市,後壁區,新嘉里,2023-09-18,0
台南市,後壁區,新嘉里,2023-09-25,0
台南市,後壁區,新嘉里,2023-10-02,0
台南市,後壁區,新嘉里,2023-10-09,0
台南市,後壁區,新嘉里,2023-10-16,0
台南市,後壁區,新嘉里,2023-10-23,0
台南市,後壁區,新嘉里,2023-10-30,0
台南市,後壁區,新嘉里,2023-11-06,0
台南市,後壁區,新嘉里,2023-11-13,0
台南市,後壁區,新嘉里,2023-11-20,0
台南市,後壁區,新嘉里,2023-11-27,0
台南市,後壁區,新嘉里,2023-12-04,0
台南市,後壁區,新嘉里,2023-12-11,0
台南市,後壁區,新嘉里,2023-12-18,0
台南市,後壁區,新嘉里,2023-12-25,0
台南市,後壁區,新嘉里,2024-01-01,0
台南市,後壁區,福安里,2023-06-12,0
台南市,後壁區,福安里,2023-06-19,0
台南市,後壁區,福安里,2023-06-26,0
台南市,後壁區,福安里,2023-07-03,0
台南市,後壁區,福安里,2023-07-10,0
台南市,後壁區,福安里,2023-07-17,0
台南市,後壁區,福安里,2023-07-24,0
台南市,後壁區,福安里,2023-07-31,0
台南市,後壁區,福安里,2023-08-07,0
台南市,後壁區,福安里,2023-08-14,0
台南市,後壁區,福安里,2023-08-21,0
台南市,後壁區,福安里,2023-08-28,0
台南市,後壁區,福安里,2023-09-04,0
台南市,後壁區,福安里,2023-09-11,0
台南市,後壁區,福安里,2023-09-18,0
台南市,後壁區,福安里,2023-09-25,0
台南市,後壁區,福安里,2023-10-02,0
台南市,後壁區,福安里,2023-10-09,0
台南市,後壁區,福安里,2023-10-16,1
台南市,後壁區,福安里,2023-10-23,0
台南市,後壁區,福安里,2023-10-30,0
台南市,後壁區,福安里,2023-11-06,0
台南市,後壁區,福安里,2023-11-13,0
台南市,後壁區,福安里,2023-11-20,0
台南市,後壁區,福安里,2023-11-27,0
台南市,後壁區,福安里,2023-12-04,0
台南市,後壁區,福安里,2023-12-11,0
台南市,後壁區,福安里,2023-12-18,0
台南市,後壁區,福安里,2023-12-25,0
台南市,後壁區,福安里,2024-01-01,0
台南市,後壁區,竹新里,2023-06-12,0
台南市,後壁區,竹新里,2023-06-19,0
台南市,後壁區,竹新里,2023-06-26,0
台南市,後壁區,竹新里,2023-07-03,0
台南市,後壁區,竹新里,2023-07-10,0
台南市,後壁區,竹新里,2023-07-17,0
台南市,後壁區,竹新里,2023-07-24,0
台南市,後壁區,竹新里,2023-07-31,0
台南市,後壁區,竹新里,2023-08-07,0
台南市,後壁區,竹新里,2023-08-14,0
台南市,後壁區,竹新里,2023-08-21,0
台南市,後壁區,竹新里,2023-08-28,0
台南市,後壁區,竹新里,2023-09-04,0
台南市,後壁區,竹新里,2023-09-11,0
台南市,後壁區,竹新里,2023-09-18,0
台南市,後壁區,竹新里,2023-09-25,0
台南市,後壁區,竹新里,2023-10-02,0
台南市,後壁區,竹新里,2023-10-09,0
台南市,後壁區,竹新里,2023-10-16,0
台南市,後壁區,竹新里,2023-10-23,0
台南市,後壁區,竹新里,2023-10-30,0
台南市,後壁區,竹新里,2023-11-06,0
台南市,後壁區,竹新里,2023-11-13,0
台南市,後壁區,竹新里,2023-11-20,0
台南市,後壁區,竹新里,2023-11-27,0
台南市,後壁區,竹新里,2023-12-04,0
台南市,後壁區,竹新里,2023-12-11,0
台南市,後壁區,竹新里,2023-12-18,0
台南市,後壁區,竹新里,2023-12-25,0
台南市,後壁區,竹新里,2024-01-01,0
台南市,後壁區,菁寮里,2023-06-12,0
台南市,後壁區,菁寮里,2023-06-19,0
台南市,後壁區,菁寮里,2023-06-26,0
台南市,後壁區,菁寮里,2023-07-03,0
台南市,後壁區,菁寮里,2023-07-10,0
台南市,後壁區,菁寮里,2023-07-17,0
台南市,後壁區,菁寮里,2023-07-24,0
台南市,後壁區,菁寮里,2023-07-31,0
台南市,後壁區,菁寮里,2023-08-07,0
台南市,後壁區,菁寮里,2023-08-14,0
台南市,後壁區,菁寮里,2023-08-21,0
台南市,後壁區,菁寮里,2023-08-28,0
台南市,後壁區,菁寮里,2023-09-04,0
台南市,後壁區,菁寮里,2023-09-11,0
台南市,後壁區,菁寮里,2023-09-18,0
台南市,後壁區,菁寮里,2023-09-25,0
台南市,後壁區,菁寮里,2023-10-02,0
台南市,後壁區,菁寮里,2023-10-09,0
台南市,後壁區,菁寮里,2023-10-16,0
台南市,後壁區,菁寮里,2023-10-23,0
台南市,後壁區,菁寮里,2023-10-30,0
台南市,後壁區,菁寮里,2023-11-06,0
台南市,後壁區,菁寮里,2023-11-13,0
台南市,後壁區,菁寮里,2023-11-20,0
台南市,後壁區,菁寮里,2023-11-27,0
台南市,後壁區,菁寮里,2023-12-04,0
台南市,後壁區,菁寮里,2023-12-11,0
台南市,後壁區,菁寮里,2023-12-18,0
台南市,後壁區,菁寮里,2023-12-25,0
台南市,後壁區,菁寮里,2024-01-01,0
台南市,後壁區,長安里,2023-06-12,0
台南市,後壁區,長安里,2023-06-19,0
台南市,後壁區,長安里,2023-06-26,0
台南市,後壁區,長安里,2023-07-03,0
台南市,後壁區,長安里,2023-07-10,0
台南市,後壁區,長安里,2023-07-17,0
台南市,後壁區,長安里,2023-07-24,0
台南市,後壁區,長安里,2023-07-31,0
台南市,後壁區,長安里,2023-08-07,0
台南市,後壁區,長安里,2023-08-14,0
台南市,後壁區,長安里,2023-08-21,0
台南市,後壁區,長安里,2023-08-28,1
台南市,後壁區,長安里,2023-09-04,0
台南市,後壁區,長安里,2023-09-11,2
台南市,後壁區,長安里,2023-09-18,0
台南市,後壁區,長安里,2023-09-25,4
台南市,後壁區,長安里,2023-10-02,5
台南市,後壁區,長安里,2023-10-09,0
台南市,後壁區,長安里,2023-10-16,3
台南市,後壁區,長安里,2023-10-23,1
台南市,後壁區,長安里,2023-10-30,2
台南市,後壁區,長安里,2023-11-06,1
台南市,後壁區,長安里,2023-11-13,1
台南市,後壁區,長安里,2023-11-20,0
台南市,後壁區,長安里,2023-11-27,1
台南市,後壁區,長安里,2023-12-04,0
台南市,後壁區,長安里,2023-12-11,2
台南市,後壁區,長安里,2023-12-18,0
台南市,後壁區,長安里,2023-12-25,0
台南市,後壁區,長安里,2024-01-01,0
台南市,新化區,全興里,2023-06-12,0
台南市,新化區,全興里,2023-06-19,0
台南市,新化區,全興里,2023-06-26,0
台南市,新化區,全興里,2023-07-03,0
台南市,新化區,全興里,2023-07-10,0
台南市,新化區,全興里,2023-07-17,0
台南市,新化區,全興里,2023-07-24,0
台南市,新化區,全興里,2023-07-31,0
台南市,新化區,全興里,2023-08-07,0
台南市,新化區,全興里,2023-08-14,0
台南市,新化區,全興里,2023-08-21,0
台南市,新化區,全興里,2023-08-28,0
台南市,新化區,全興里,2023-09-04,0
台南市,新化區,全興里,2023-09-11,2
台南市,新化區,全興里,2023-09-18,1
台南市,新化區,全興里,2023-09-25,0
台南市,新化區,全興里,2023-10-02,1
台南市,新化區,全興里,2023-10-09,0
台南市,新化區,全興里,2023-10-16,1
台南市,新化區,全興里,2023-10-23,1
台南市,新化區,全興里,2023-10-30,2
台南市,新化區,全興里,2023-11-06,1
台南市,新化區,全興里,2023-11-13,1
台南市,新化區,全興里,2023-11-20,1
台南市,新化區,全興里,2023-11-27,0
台南市,新化區,全興里,2023-12-04,0
台南市,新化區,全興里,2023-12-11,0
台南市,新化區,全興里,2023-12-18,0
台南市,新化區,全興里,2023-12-25,0
台南市,新化區,全興里,2024-01-01,0
台南市,新化區,協興里,2023-06-12,0
台南市,新化區,協興里,2023-06-19,0
台南市,新化區,協興里,2023-06-26,0
台南市,新化區,協興里,2023-07-03,0
台南市,新化區,協興里,2023-07-10,0
台南市,新化區,協興里,2023-07-17,0
台南市,新化區,協興里,2023-07-24,0
台南市,新化區,協興里,2023-07-31,0
台南市,新化區,協興里,2023-08-07,0
台南市,新化區,協興里,2023-08-14,0
台南市,新化區,協興里,2023-08-21,1
台南市,新化區,協興里,2023-08-28,0
台南市,新化區,協興里,2023-09-04,0
台南市,新化區,協興里,2023-09-11,0
台南市,新化區,協興里,2023-09-18,1
台南市,新化區,協興里,2023-09-25,1
台南市,新化區,協興里,2023-10-02,1
台南市,新化區,協興里,2023-10-09,1
台南市,新化區,協興里,2023-10-16,0
台南市,新化區,協興里,2023-10-23,1
台南市,新化區,協興里,2023-10-30,0
台南市,新化區,協興里,2023-11-06,0
台南市,新化區,協興里,2023-11-13,0
台南市,新化區,協興里,2023-11-20,1
台南市,新化區,協興里,2023-11-27,0
台南市,新化區,協興里,2023-12-04,0
台南市,新化區,協興里,2023-12-11,0
台南市,新化區,協興里,2023-12-18,0
台南市,新化區,協興里,2023-12-25,0
台南市,新化區,協興里,2024-01-01,0
台南市,新化區,唪口里,2023-06-12,0
台南市,新化區,唪口里,2023-06-19,0
台南市,新化區,唪口里,2023-06-26,0
台南市,新化區,唪口里,2023-07-03,0
台南市,新化區,唪口里,2023-07-10,0
台南市,新化區,唪口里,2023-07-17,0
台南市,新化區,唪口里,2023-07-24,0
台南市,新化區,唪口里,2023-07-31,0
台南市,新化區,唪口里,2023-08-07,0
台南市,新化區,唪口里,2023-08-14,0
台南市,新化區,唪口里,2023-08-21,0
台南市,新化區,唪口里,2023-08-28,0
台南市,新化區,唪口里,2023-09-04,0
台南市,新化區,唪口里,2023-09-11,0
台南市,新化區,唪口里,2023-09-18,0
台南市,新化區,唪口里,2023-09-25,0
台南市,新化區,唪口里,2023-10-02,1
台南市,新化區,唪口里,2023-10-09,0
台南市,新化區,唪口里,2023-10-16,0
台南市,新化區,唪口里,2023-10-23,0
台南市,新化區,唪口里,2023-10-30,0
台南市,新化區,唪口里,2023-11-06,0
台南市,新化區,唪口里,2023-11-13,0
台南市,新化區,唪口里,2023-11-20,0
台南市,新化區,唪口里,2023-11-27,0
台南市,新化區,唪口里,2023-12-04,0
台南市,新化區,唪口里,2023-12-11,0
台南市,新化區,唪口里,2023-12-18,0
台南市,新化區,唪口里,2023-12-25,0
台南市,新化區,唪口里,2024-01-01,0
台南市,新化區,太平里,2023-06-12,0
台南市,新化區,太平里,2023-06-19,0
台南市,新化區,太平里,2023-06-26,0
台南市,新化區,太平里,2023-07-03,0
台南市,新化區,太平里,2023-07-10,0
台南市,新化區,太平里,2023-07-17,0
台南市,新化區,太平里,2023-07-24,0
台南市,新化區,太平里,2023-07-31,0
台南市,新化區,太平里,2023-08-07,0
台南市,新化區,太平里,2023-08-14,0
台南市,新化區,太平里,2023-08-21,0
台南市,新化區,太平里,2023-08-28,1
台南市,新化區,太平里,2023-09-04,0
台南市,新化區,太平里,2023-09-11,0
台南市,新化區,太平里,2023-09-18,1
台南市,新化區,太平里,2023-09-25,0
台南市,新化區,太平里,2023-10-02,2
台南市,新化區,太平里,2023-10-09,1
台南市,新化區,太平里,2023-10-16,3
台南市,新化區,太平里,2023-10-23,1
台南市,新化區,太平里,2023-10-30,2
台南市,新化區,太平里,2023-11-06,0
台南市,新化區,太平里,2023-11-13,0
台南市,新化區,太平里,2023-11-20,0
台南市,新化區,太平里,2023-11-27,0
台南市,新化區,太平里,2023-12-04,1
台南市,新化區,太平里,2023-12-11,0
台南市,新化區,太平里,2023-12-18,0
台南市,新化區,太平里,2023-12-25,0
台南市,新化區,太平里,2024-01-01,0
台南市,新化區,山脚里,2023-06-12,0
台南市,新化區,山脚里,2023-06-19,0
台南市,新化區,山脚里,2023-06-26,0
台南市,新化區,山脚里,2023-07-03,0
台南市,新化區,山脚里,2023-07-10,0
台南市,新化區,山脚里,2023-07-17,0
台南市,新化區,山脚里,2023-07-24,0
台南市,新化區,山脚里,2023-07-31,0
台南市,新化區,山脚里,2023-08-07,0
台南市,新化區,山脚里,2023-08-14,0
台南市,新化區,山脚里,2023-08-21,0
台南市,新化區,山脚里,2023-08-28,0
台南市,新化區,山脚里,2023-09-04,0
台南市,新化區,山脚里,2023-09-11,0
台南市,新化區,山脚里,2023-09-18,0
台南市,新化區,山脚里,2023-09-25,0
台南市,新化區,山脚里,2023-10-02,0
台南市,新化區,山脚里,2023-10-09,0
台南市,新化區,山脚里,2023-10-16,0
台南市,新化區,山脚里,2023-10-23,0
台南市,新化區,山脚里,2023-10-30,0
台南市,新化區,山脚里,2023-11-06,0
台南市,新化區,山脚里,2023-11-13,0
台南市,新化區,山脚里,2023-11-20,0
台南市,新化區,山脚里,2023-11-27,0
台南市,新化區,山脚里,2023-12-04,0
台南市,新化區,山脚里,2023-12-11,0
台南市,新化區,山脚里,2023-12-18,0
台南市,新化區,山脚里,2023-12-25,0
台南市,新化區,山脚里,2024-01-01,0
台南市,新化區,東榮里,2023-06-12,0
台南市,新化區,東榮里,2023-06-19,0
台南市,新化區,東榮里,2023-06-26,0
台南市,新化區,東榮里,2023-07-03,0
台南市,新化區,東榮里,2023-07-10,0
台南市,新化區,東榮里,2023-07-17,0
台南市,新化區,東榮里,2023-07-24,0
台南市,新化區,東榮里,2023-07-31,0
台南市,新化區,東榮里,2023-08-07,0
台南市,新化區,東榮里,2023-08-14,0
台南市,新化區,東榮里,2023-08-21,0
台南市,新化區,東榮里,2023-08-28,0
台南市,新化區,東榮里,2023-09-04,0
台南市,新化區,東榮里,2023-09-11,0
台南市,新化區,東榮里,2023-09-18,2
台南市,新化區,東榮里,2023-09-25,0
台南市,新化區,東榮里,2023-10-02,2
台南市,新化區,東榮里,2023-10-09,1
台南市,新化區,東榮里,2023-10-16,0
台南市,新化區,東榮里,2023-10-23,2
台南市,新化區,東榮里,2023-10-30,4
台南市,新化區,東榮里,2023-11-06,1
台南市,新化區,東榮里,2023-11-13,2
台南市,新化區,東榮里,2023-11-20,1
台南市,新化區,東榮里,2023-11-27,3
台南市,新化區,東榮里,2023-12-04,0
台南市,新化區,東榮里,2023-12-11,0
台南市,新化區,東榮里,2023-12-18,0
台南市,新化區,東榮里,2023-12-25,0
台南市,新化區,東榮里,2024-01-01,0
台南市,新化區,武安里,2023-06-12,0
台南市,新化區,武安里,2023-06-19,0
台南市,新化區,武安里,2023-06-26,0
台南市,新化區,武安里,2023-07-03,0
台南市,新化區,武安里,2023-07-10,0
台南市,新化區,武安里,2023-07-17,0
台南市,新化區,武安里,2023-07-24,0
台南市,新化區,武安里,2023-07-31,0
台南市,新化區,武安里,2023-08-07,0
台南市,新化區,武安里,2023-08-14,0
台南市,新化區,武安里,2023-08-21,0
台南市,新化區,武安里,2023-08-28,1
台南市,新化區,武安里,2023-09-04,0
台南市,新化區,武安里,2023-09-11,0
台南市,新化區,武安里,2023-09-18,1
台南市,新化區,武安里,2023-09-25,0
台南市,新化區,武安里,2023-10-02,0
台南市,新化區,武安里,2023-10-09,2
台南市,新化區,武安里,2023-10-16,3
台南市,新化區,武安里,2023-10-23,1
台南市,新化區,武安里,2023-10-30,3
台南市,新化區,武安里,2023-11-06,3
台南市,新化區,武安里,2023-11-13,2
台南市,新化區,武安里,2023-11-20,3
台南市,新化區,武安里,2023-11-27,0
台南市,新化區,武安里,2023-12-04,1
台南市,新化區,武安里,2023-12-11,0
台南市,新化區,武安里,2023-12-18,0
台南市,新化區,武安里,2023-12-25,0
台南市,新化區,武安里,2024-01-01,0
台南市,新化區,知義里,2023-06-12,0
台南市,新化區,知義里,2023-06-19,0
台南市,新化區,知義里,2023-06-26,0
台南市,新化區,知義里,2023-07-03,0
台南市,新化區,知義里,2023-07-10,0
台南市,新化區,知義里,2023-07-17,0
台南市,新化區,知義里,2023-07-24,0
台南市,新化區,知義里,2023-07-31,0
台南市,新化區,知義里,2023-08-07,0
台南市,新化區,知義里,2023-08-14,0
台南市,新化區,知義里,2023-08-21,0
台南市,新化區,知義里,2023-08-28,0
台南市,新化區,知義里,2023-09-04,0
台南市,新化區,知義里,2023-09-11,0
台南市,新化區,知義里,2023-09-18,4
台南市,新化區,知義里,2023-09-25,0
台南市,新化區,知義里,2023-10-02,1
台南市,新化區,知義里,2023-10-09,1
台南市,新化區,知義里,2023-10-16,1
台南市,新化區,知義里,2023-10-23,0
台南市,新化區,知義里,2023-10-30,0
台南市,新化區,知義里,2023-11-06,2
台南市,新化區,知義里,2023-11-13,1
台南市,新化區,知義里,2023-11-20,0
台南市,新化區,知義里,2023-11-27,2
台南市,新化區,知義里,2023-12-04,1
台南市,新化區,知義里,2023-12-11,0
台南市,新化區,知義里,2023-12-18,0
台南市,新化區,知義里,2023-12-25,0
台南市,新化區,知義里,2024-01-01,0
台南市,新化區,羊林里,2023-06-12,0
台南市,新化區,羊林里,2023-06-19,0
台南市,新化區,羊林里,2023-06-26,0
台南市,新化區,羊林里,2023-07-03,0
台南市,新化區,羊林里,2023-07-10,0
台南市,新化區,羊林里,2023-07-17,0
台南市,新化區,羊林里,2023-07-24,0
台南市,新化區,羊林里,2023-07-31,0
台南市,新化區,羊林里,2023-08-07,0
台南市,新化區,羊林里,2023-08-14,0
台南市,新化區,羊林里,2023-08-21,0
台南市,新化區,羊林里,2023-08-28,0
台南市,新化區,羊林里,2023-09-04,0
台南市,新化區,羊林里,2023-09-11,0
台南市,新化區,羊林里,2023-09-18,0
台南市,新化區,羊林里,2023-09-25,0
台南市,新化區,羊林里,2023-10-02,1
台南市,新化區,羊林里,2023-10-09,0
台南市,新化區,羊林里,2023-10-16,1
台南市,新化區,羊林里,2023-10-23,0
台南市,新化區,羊林里,2023-10-30,0
台南市,新化區,羊林里,2023-11-06,2
台南市,新化區,羊林里,2023-11-13,0
台南市,新化區,羊林里,2023-11-20,0
台南市,新化區,羊林里,2023-11-27,0
台南市,新化區,羊林里,2023-12-04,0
台南市,新化區,羊林里,2023-12-11,0
台南市,新化區,羊林里,2023-12-18,0
台南市,新化區,羊林里,2023-12-25,0
台南市,新化區,羊林里,2024-01-01,0
台南市,新化區,護國里,2023-06-12,0
台南市,新化區,護國里,2023-06-19,0
台南市,新化區,護國里,2023-06-26,0
台南市,新化區,護國里,2023-07-03,0
台南市,新化區,護國里,2023-07-10,1
台南市,新化區,護國里,2023-07-17,0
台南市,新化區,護國里,2023-07-24,0
台南市,新化區,護國里,2023-07-31,0
台南市,新化區,護國里,2023-08-07,0
台南市,新化區,護國里,2023-08-14,0
台南市,新化區,護國里,2023-08-21,0
台南市,新化區,護國里,2023-08-28,0
台南市,新化區,護國里,2023-09-04,0
台南市,新化區,護國里,2023-09-11,1
台南市,新化區,護國里,2023-09-18,1
台南市,新化區,護國里,2023-09-25,0
台南市,新化區,護國里,2023-10-02,0
台南市,新化區,護國里,2023-10-09,1
台南市,新化區,護國里,2023-10-16,2
台南市,新化區,護國里,2023-10-23,0
台南市,新化區,護國里,2023-10-30,0
台南市,新化區,護國里,2023-11-06,0
台南市,新化區,護國里,2023-11-13,0
台南市,新化區,護國里,2023-11-20,0
台南市,新化區,護國里,2023-11-27,0
台南市,新化區,護國里,2023-12-04,0
台南市,新化區,護國里,2023-12-11,1
台南市,新化區,護國里,2023-12-18,0
台南市,新化區,護國里,2023-12-25,0
台南市,新化區,護國里,2024-01-01,0
台南市,新化區,豐榮里,2023-06-12,0
台南市,新化區,豐榮里,2023-06-19,0
台南市,新化區,豐榮里,2023-06-26,0
台南市,新化區,豐榮里,2023-07-03,0
台南市,新化區,豐榮里,2023-07-10,0
台南市,新化區,豐榮里,2023-07-17,0
台南市,新化區,豐榮里,2023-07-24,0
台南市,新化區,豐榮里,2023-07-31,0
台南市,新化區,豐榮里,2023-08-07,0
台南市,新化區,豐榮里,2023-08-14,0
台南市,新化區,豐榮里,2023-08-21,0
台南市,新化區,豐榮里,2023-08-28,1
台南市,新化區,豐榮里,2023-09-04,1
台南市,新化區,豐榮里,2023-09-11,1
台南市,新化區,豐榮里,2023-09-18,1
台南市,新化區,豐榮里,2023-09-25,0
台南市,新化區,豐榮里,2023-10-02,0
台南市,新化區,豐榮里,2023-10-09,0
台南市,新化區,豐榮里,2023-10-16,0
台南市,新化區,豐榮里,2023-10-23,0
台南市,新化區,豐榮里,2023-10-30,1
台南市,新化區,豐榮里,2023-11-06,1
台南市,新化區,豐榮里,2023-11-13,2
台南市,新化區,豐榮里,2023-11-20,0
台南市,新化區,豐榮里,2023-11-27,0
台南市,新化區,豐榮里,2023-12-04,2
台南市,新化區,豐榮里,2023-12-11,0
台南市,新化區,豐榮里,2023-12-18,0
台南市,新化區,豐榮里,2023-12-25,0
台南市,新化區,豐榮里,2024-01-01,0
台南市,新化區,𦰡拔里,2023-06-12,0
台南市,新化區,𦰡拔里,2023-06-19,0
台南市,新化區,𦰡拔里,2023-06-26,0
台南市,新化區,𦰡拔里,2023-07-03,0
台南市,新化區,𦰡拔里,2023-07-10,0
台南市,新化區,𦰡拔里,2023-07-17,0
台南市,新化區,𦰡拔里,2023-07-24,0
台南市,新化區,𦰡拔里,2023-07-31,0
台南市,新化區,𦰡拔里,2023-08-07,0
台南市,新化區,𦰡拔里,2023-08-14,0
台南市,新化區,𦰡拔里,2023-08-21,0
台南市,新化區,𦰡拔里,2023-08-28,0
台南市,新化區,𦰡拔里,2023-09-04,0
台南市,新化區,𦰡拔里,2023-09-11,0
台南市,新化區,𦰡拔里,2023-09-18,0
台南市,新化區,𦰡拔里,2023-09-25,0
台南市,新化區,𦰡拔里,2023-10-02,0
台南市,新化區,𦰡拔里,2023-10-09,0
台南市,新化區,𦰡拔里,2023-10-16,0
台南市,新化區,𦰡拔里,2023-10-23,0
台南市,新化區,𦰡拔里,2023-10-30,0
台南市,新化區,𦰡拔里,2023-11-06,0
台南市,新化區,𦰡拔里,2023-11-13,0
台南市,新化區,𦰡拔里,2023-11-20,0
台南市,新化區,𦰡拔里,2023-11-27,0
台南市,新化區,𦰡拔里,2023-12-04,0
台南市,新化區,𦰡拔里,2023-12-11,0
台南市,新化區,𦰡拔里,2023-12-18,0
台南市,新化區,𦰡拔里,2023-12-25,0
台南市,新化區,𦰡拔里,2024-01-01,0
台南市,新市區,三舍里,2023-06-12,0
台南市,新市區,三舍里,2023-06-19,0
台南市,新市區,三舍里,2023-06-26,0
台南市,新市區,三舍里,2023-07-03,0
台南市,新市區,三舍里,2023-07-10,0
台南市,新市區,三舍里,2023-07-17,0
台南市,新市區,三舍里,2023-07-24,0
台南市,新市區,三舍里,2023-07-31,0
台南市,新市區,三舍里,2023-08-07,0
台南市,新市區,三舍里,2023-08-14,0
台南市,新市區,三舍里,2023-08-21,0
台南市,新市區,三舍里,2023-08-28,0
台南市,新市區,三舍里,2023-09-04,0
台南市,新市區,三舍里,2023-09-11,0
台南市,新市區,三舍里,2023-09-18,0
台南市,新市區,三舍里,2023-09-25,0
台南市,新市區,三舍里,2023-10-02,0
台南市,新市區,三舍里,2023-10-09,0
台南市,新市區,三舍里,2023-10-16,1
台南市,新市區,三舍里,2023-10-23,1
台南市,新市區,三舍里,2023-10-30,0
台南市,新市區,三舍里,2023-11-06,2
台南市,新市區,三舍里,2023-11-13,0
台南市,新市區,三舍里,2023-11-20,0
台南市,新市區,三舍里,2023-11-27,0
台南市,新市區,三舍里,2023-12-04,0
台南市,新市區,三舍里,2023-12-11,1
台南市,新市區,三舍里,2023-12-18,0
台南市,新市區,三舍里,2023-12-25,0
台南市,新市區,三舍里,2024-01-01,0
台南市,新市區,大洲里,2023-06-12,0
台南市,新市區,大洲里,2023-06-19,0
台南市,新市區,大洲里,2023-06-26,0
台南市,新市區,大洲里,2023-07-03,0
台南市,新市區,大洲里,2023-07-10,0
台南市,新市區,大洲里,2023-07-17,0
台南市,新市區,大洲里,2023-07-24,0
台南市,新市區,大洲里,2023-07-31,0
台南市,新市區,大洲里,2023-08-07,0
台南市,新市區,大洲里,2023-08-14,0
台南市,新市區,大洲里,2023-08-21,0
台南市,新市區,大洲里,2023-08-28,0
台南市,新市區,大洲里,2023-09-04,0
台南市,新市區,大洲里,2023-09-11,0
台南市,新市區,大洲里,2023-09-18,1
台南市,新市區,大洲里,2023-09-25,0
台南市,新市區,大洲里,2023-10-02,1
台南市,新市區,大洲里,2023-10-09,0
台南市,新市區,大洲里,2023-10-16,1
台南市,新市區,大洲里,2023-10-23,0
台南市,新市區,大洲里,2023-10-30,1
台南市,新市區,大洲里,2023-11-06,0
台南市,新市區,大洲里,2023-11-13,0
台南市,新市區,大洲里,2023-11-20,0
台南市,新市區,大洲里,2023-11-27,0
台南市,新市區,大洲里,2023-12-04,0
台南市,新市區,大洲里,2023-12-11,0
台南市,新市區,大洲里,2023-12-18,0
台南市,新市區,大洲里,2023-12-25,0
台南市,新市區,大洲里,2024-01-01,0
台南市,新市區,大營里,2023-06-12,0
台南市,新市區,大營里,2023-06-19,0
台南市,新市區,大營里,2023-06-26,0
台南市,新市區,大營里,2023-07-03,0
台南市,新市區,大營里,2023-07-10,0
台南市,新市區,大營里,2023-07-17,0
台南市,新市區,大營里,2023-07-24,0
台南市,新市區,大營里,2023-07-31,0
台南市,新市區,大營里,2023-08-07,0
台南市,新市區,大營里,2023-08-14,0
台南市,新市區,大營里,2023-08-21,0
台南市,新市區,大營里,2023-08-28,0
台南市,新市區,大營里,2023-09-04,0
台南市,新市區,大營里,2023-09-11,0
台南市,新市區,大營里,2023-09-18,0
台南市,新市區,大營里,2023-09-25,0
台南市,新市區,大營里,2023-10-02,0
台南市,新市區,大營里,2023-10-09,0
台南市,新市區,大營里,2023-10-16,1
台南市,新市區,大營里,2023-10-23,1
台南市,新市區,大營里,2023-10-30,0
台南市,新市區,大營里,2023-11-06,1
台南市,新市區,大營里,2023-11-13,0
台南市,新市區,大營里,2023-11-20,1
台南市,新市區,大營里,2023-11-27,0
台南市,新市區,大營里,2023-12-04,0
台南市,新市區,大營里,2023-12-11,0
台南市,新市區,大營里,2023-12-18,0
台南市,新市區,大營里,2023-12-25,0
台南市,新市區,大營里,2024-01-01,0
台南市,新市區,大社里,2023-06-12,0
台南市,新市區,大社里,2023-06-19,0
台南市,新市區,大社里,2023-06-26,0
台南市,新市區,大社里,2023-07-03,0
台南市,新市區,大社里,2023-07-10,0
台南市,新市區,大社里,2023-07-17,0
台南市,新市區,大社里,2023-07-24,0
台南市,新市區,大社里,2023-07-31,0
台南市,新市區,大社里,2023-08-07,0
台南市,新市區,大社里,2023-08-14,0
台南市,新市區,大社里,2023-08-21,0
台南市,新市區,大社里,2023-08-28,1
台南市,新市區,大社里,2023-09-04,0
台南市,新市區,大社里,2023-09-11,0
台南市,新市區,大社里,2023-09-18,1
台南市,新市區,大社里,2023-09-25,1
台南市,新市區,大社里,2023-10-02,0
台南市,新市區,大社里,2023-10-09,1
台南市,新市區,大社里,2023-10-16,1
台南市,新市區,大社里,2023-10-23,0
台南市,新市區,大社里,2023-10-30,1
台南市,新市區,大社里,2023-11-06,1
台南市,新市區,大社里,2023-11-13,0
台南市,新市區,大社里,2023-11-20,1
台南市,新市區,大社里,2023-11-27,0
台南市,新市區,大社里,2023-12-04,0
台南市,新市區,大社里,2023-12-11,0
台南市,新市區,大社里,2023-12-18,0
台南市,新市區,大社里,2023-12-25,0
台南市,新市區,大社里,2024-01-01,0
台南市,新市區,新和里,2023-06-12,0
台南市,新市區,新和里,2023-06-19,0
台南市,新市區,新和里,2023-06-26,0
台南市,新市區,新和里,2023-07-03,0
台南市,新市區,新和里,2023-07-10,0
台南市,新市區,新和里,2023-07-17,0
台南市,新市區,新和里,2023-07-24,0
台南市,新市區,新和里,2023-07-31,0
台南市,新市區,新和里,2023-08-07,0
台南市,新市區,新和里,2023-08-14,0
台南市,新市區,新和里,2023-08-21,0
台南市,新市區,新和里,2023-08-28,1
台南市,新市區,新和里,2023-09-04,1
台南市,新市區,新和里,2023-09-11,1
台南市,新市區,新和里,2023-09-18,1
台南市,新市區,新和里,2023-09-25,0
台南市,新市區,新和里,2023-10-02,1
台南市,新市區,新和里,2023-10-09,1
台南市,新市區,新和里,2023-10-16,3
台南市,新市區,新和里,2023-10-23,0
台南市,新市區,新和里,2023-10-30,1
台南市,新市區,新和里,2023-11-06,0
台南市,新市區,新和里,2023-11-13,0
台南市,新市區,新和里,2023-11-20,0
台南市,新市區,新和里,2023-11-27,0
台南市,新市區,新和里,2023-12-04,0
台南市,新市區,新和里,2023-12-11,0
台南市,新市區,新和里,2023-12-18,0
台南市,新市區,新和里,2023-12-25,0
台南市,新市區,新和里,2024-01-01,0
台南市,新市區,新市里,2023-06-12,0
台南市,新市區,新市里,2023-06-19,0
台南市,新市區,新市里,2023-06-26,0
台南市,新市區,新市里,2023-07-03,0
台南市,新市區,新市里,2023-07-10,0
台南市,新市區,新市里,2023-07-17,0
台南市,新市區,新市里,2023-07-24,0
台南市,新市區,新市里,2023-07-31,0
台南市,新市區,新市里,2023-08-07,0
台南市,新市區,新市里,2023-08-14,0
台南市,新市區,新市里,2023-08-21,0
台南市,新市區,新市里,2023-08-28,0
台南市,新市區,新市里,2023-09-04,0
台南市,新市區,新市里,2023-09-11,1
台南市,新市區,新市里,2023-09-18,0
台南市,新市區,新市里,2023-09-25,0
台南市,新市區,新市里,2023-10-02,0
台南市,新市區,新市里,2023-10-09,0
台南市,新市區,新市里,2023-10-16,2
台南市,新市區,新市里,2023-10-23,1
台南市,新市區,新市里,2023-10-30,0
台南市,新市區,新市里,2023-11-06,0
台南市,新市區,新市里,2023-11-13,1
台南市,新市區,新市里,2023-11-20,0
台南市,新市區,新市里,2023-11-27,0
台南市,新市區,新市里,2023-12-04,0
台南市,新市區,新市里,2023-12-11,0
台南市,新市區,新市里,2023-12-18,0
台南市,新市區,新市里,2023-12-25,0
台南市,新市區,新市里,2024-01-01,0
台南市,新市區,永就里,2023-06-12,0
台南市,新市區,永就里,2023-06-19,0
台南市,新市區,永就里,2023-06-26,0
台南市,新市區,永就里,2023-07-03,0
台南市,新市區,永就里,2023-07-10,0
台南市,新市區,永就里,2023-07-17,0
台南市,新市區,永就里,2023-07-24,0
台南市,新市區,永就里,2023-07-31,0
台南市,新市區,永就里,2023-08-07,0
台南市,新市區,永就里,2023-08-14,0
台南市,新市區,永就里,2023-08-21,0
台南市,新市區,永就里,2023-08-28,0
台南市,新市區,永就里,2023-09-04,0
台南市,新市區,永就里,2023-09-11,1
台南市,新市區,永就里,2023-09-18,0
台南市,新市區,永就里,2023-09-25,0
台南市,新市區,永就里,2023-10-02,1
台南市,新市區,永就里,2023-10-09,1
台南市,新市區,永就里,2023-10-16,2
台南市,新市區,永就里,2023-10-23,2
台南市,新市區,永就里,2023-10-30,1
台南市,新市區,永就里,2023-11-06,1
台南市,新市區,永就里,2023-11-13,2
台南市,新市區,永就里,2023-11-20,0
台南市,新市區,永就里,2023-11-27,0
台南市,新市區,永就里,2023-12-04,0
台南市,新市區,永就里,2023-12-11,0
台南市,新市區,永就里,2023-12-18,0
台南市,新市區,永就里,2023-12-25,0
台南市,新市區,永就里,2024-01-01,0
台南市,新市區,港墘里,2023-06-12,0
台南市,新市區,港墘里,2023-06-19,0
台南市,新市區,港墘里,2023-06-26,0
台南市,新市區,港墘里,2023-07-03,0
台南市,新市區,港墘里,2023-07-10,0
台南市,新市區,港墘里,2023-07-17,0
台南市,新市區,港墘里,2023-07-24,0
台南市,新市區,港墘里,2023-07-31,0
台南市,新市區,港墘里,2023-08-07,0
台南市,新市區,港墘里,2023-08-14,0
台南市,新市區,港墘里,2023-08-21,0
台南市,新市區,港墘里,2023-08-28,0
台南市,新市區,港墘里,2023-09-04,0
台南市,新市區,港墘里,2023-09-11,1
台南市,新市區,港墘里,2023-09-18,0
台南市,新市區,港墘里,2023-09-25,0
台南市,新市區,港墘里,2023-10-02,0
台南市,新市區,港墘里,2023-10-09,0
台南市,新市區,港墘里,2023-10-16,0
台南市,新市區,港墘里,2023-10-23,1
台南市,新市區,港墘里,2023-10-30,2
台南市,新市區,港墘里,2023-11-06,0
台南市,新市區,港墘里,2023-11-13,0
台南市,新市區,港墘里,2023-11-20,0
台南市,新市區,港墘里,2023-11-27,0
台南市,新市區,港墘里,2023-12-04,0
台南市,新市區,港墘里,2023-12-11,0
台南市,新市區,港墘里,2023-12-18,0
台南市,新市區,港墘里,2023-12-25,0
台南市,新市區,港墘里,2024-01-01,0
台南市,新市區,潭頂里,2023-06-12,0
台南市,新市區,潭頂里,2023-06-19,0
台南市,新市區,潭頂里,2023-06-26,0
台南市,新市區,潭頂里,2023-07-03,0
台南市,新市區,潭頂里,2023-07-10,0
台南市,新市區,潭頂里,2023-07-17,0
台南市,新市區,潭頂里,2023-07-24,0
台南市,新市區,潭頂里,2023-07-31,0
台南市,新市區,潭頂里,2023-08-07,0
台南市,新市區,潭頂里,2023-08-14,0
台南市,新市區,潭頂里,2023-08-21,0
台南市,新市區,潭頂里,2023-08-28,0
台南市,新市區,潭頂里,2023-09-04,1
台南市,新市區,潭頂里,2023-09-11,1
台南市,新市區,潭頂里,2023-09-18,0
台南市,新市區,潭頂里,2023-09-25,1
台南市,新市區,潭頂里,2023-10-02,0
台南市,新市區,潭頂里,2023-10-09,0
台南市,新市區,潭頂里,2023-10-16,0
台南市,新市區,潭頂里,2023-10-23,0
台南市,新市區,潭頂里,2023-10-30,0
台南市,新市區,潭頂里,2023-11-06,0
台南市,新市區,潭頂里,2023-11-13,1
台南市,新市區,潭頂里,2023-11-20,0
台南市,新市區,潭頂里,2023-11-27,0
台南市,新市區,潭頂里,2023-12-04,0
台南市,新市區,潭頂里,2023-12-11,0
台南市,新市區,潭頂里,2023-12-18,0
台南市,新市區,潭頂里,2023-12-25,0
台南市,新市區,潭頂里,2024-01-01,0
台南市,新市區,社內里,2023-06-12,0
台南市,新市區,社內里,2023-06-19,0
台南市,新市區,社內里,2023-06-26,0
台南市,新市區,社內里,2023-07-03,0
台南市,新市區,社內里,2023-07-10,0
台南市,新市區,社內里,2023-07-17,0
台南市,新市區,社內里,2023-07-24,0
台南市,新市區,社內里,2023-07-31,0
台南市,新市區,社內里,2023-08-07,0
台南市,新市區,社內里,2023-08-14,0
台南市,新市區,社內里,2023-08-21,0
台南市,新市區,社內里,2023-08-28,1
台南市,新市區,社內里,2023-09-04,1
台南市,新市區,社內里,2023-09-11,1
台南市,新市區,社內里,2023-09-18,1
台南市,新市區,社內里,2023-09-25,1
台南市,新市區,社內里,2023-10-02,0
台南市,新市區,社內里,2023-10-09,0
台南市,新市區,社內里,2023-10-16,0
台南市,新市區,社內里,2023-10-23,0
台南市,新市區,社內里,2023-10-30,2
台南市,新市區,社內里,2023-11-06,0
台南市,新市區,社內里,2023-11-13,0
台南市,新市區,社內里,2023-11-20,0
台南市,新市區,社內里,2023-11-27,0
台南市,新市區,社內里,2023-12-04,0
台南市,新市區,社內里,2023-12-11,0
台南市,新市區,社內里,2023-12-18,0
台南市,新市區,社內里,2023-12-25,0
台南市,新市區,社內里,2024-01-01,0
台南市,新市區,豐華里,2023-06-12,0
台南市,新市區,豐華里,2023-06-19,0
台南市,新市區,豐華里,2023-06-26,0
台南市,新市區,豐華里,2023-07-03,0
台南市,新市區,豐華里,2023-07-10,0
台南市,新市區,豐華里,2023-07-17,0
台南市,新市區,豐華里,2023-07-24,0
台南市,新市區,豐華里,2023-07-31,0
台南市,新市區,豐華里,2023-08-07,0
台南市,新市區,豐華里,2023-08-14,0
台南市,新市區,豐華里,2023-08-21,0
台南市,新市區,豐華里,2023-08-28,0
台南市,新市區,豐華里,2023-09-04,0
台南市,新市區,豐華里,2023-09-11,0
台南市,新市區,豐華里,2023-09-18,0
台南市,新市區,豐華里,2023-09-25,0
台南市,新市區,豐華里,2023-10-02,0
台南市,新市區,豐華里,2023-10-09,0
台南市,新市區,豐華里,2023-10-16,0
台南市,新市區,豐華里,2023-10-23,0
台南市,新市區,豐華里,2023-10-30,0
台南市,新市區,豐華里,2023-11-06,0
台南市,新市區,豐華里,2023-11-13,0
台南市,新市區,豐華里,2023-11-20,0
台南市,新市區,豐華里,2023-11-27,0
台南市,新市區,豐華里,2023-12-04,0
台南市,新市區,豐華里,2023-12-11,0
台南市,新市區,豐華里,2023-12-18,0
台南市,新市區,豐華里,2023-12-25,0
台南市,新市區,豐華里,2024-01-01,0
台南市,新營區,三仙里,2023-06-12,0
台南市,新營區,三仙里,2023-06-19,0
台南市,新營區,三仙里,2023-06-26,0
台南市,新營區,三仙里,2023-07-03,0
台南市,新營區,三仙里,2023-07-10,0
台南市,新營區,三仙里,2023-07-17,0
台南市,新營區,三仙里,2023-07-24,0
台南市,新營區,三仙里,2023-07-31,0
台南市,新營區,三仙里,2023-08-07,0
台南市,新營區,三仙里,2023-08-14,0
台南市,新營區,三仙里,2023-08-21,0
台南市,新營區,三仙里,2023-08-28,0
台南市,新營區,三仙里,2023-09-04,0
台南市,新營區,三仙里,2023-09-11,0
台南市,新營區,三仙里,2023-09-18,0
台南市,新營區,三仙里,2023-09-25,0
台南市,新營區,三仙里,2023-10-02,0
台南市,新營區,三仙里,2023-10-09,0
台南市,新營區,三仙里,2023-10-16,0
台南市,新營區,三仙里,2023-10-23,0
台南市,新營區,三仙里,2023-10-30,0
台南市,新營區,三仙里,2023-11-06,0
台南市,新營區,三仙里,2023-11-13,0
台南市,新營區,三仙里,2023-11-20,2
台南市,新營區,三仙里,2023-11-27,0
台南市,新營區,三仙里,2023-12-04,0
台南市,新營區,三仙里,2023-12-11,0
台南市,新營區,三仙里,2023-12-18,0
台南市,新營區,三仙里,2023-12-25,0
台南市,新營區,三仙里,2024-01-01,0
台南市,新營區,中營里,2023-06-12,0
台南市,新營區,中營里,2023-06-19,0
台南市,新營區,中營里,2023-06-26,0
台南市,新營區,中營里,2023-07-03,0
台南市,新營區,中營里,2023-07-10,0
台南市,新營區,中營里,2023-07-17,0
台南市,新營區,中營里,2023-07-24,0
台南市,新營區,中營里,2023-07-31,0
台南市,新營區,中營里,2023-08-07,0
台南市,新營區,中營里,2023-08-14,0
台南市,新營區,中營里,2023-08-21,0
台南市,新營區,中營里,2023-08-28,0
台南市,新營區,中營里,2023-09-04,0
台南市,新營區,中營里,2023-09-11,0
台南市,新營區,中營里,2023-09-18,0
台南市,新營區,中營里,2023-09-25,0
台南市,新營區,中營里,2023-10-02,0
台南市,新營區,中營里,2023-10-09,0
台南市,新營區,中營里,2023-10-16,0
台南市,新營區,中營里,2023-10-23,0
台南市,新營區,中營里,2023-10-30,0
台南市,新營區,中營里,2023-11-06,0
台南市,新營區,中營里,2023-11-13,0
台南市,新營區,中營里,2023-11-20,0
台南市,新營區,中營里,2023-11-27,0
台南市,新營區,中營里,2023-12-04,0
台南市,新營區,中營里,2023-12-11,0
台南市,新營區,中營里,2023-12-18,0
台南市,新營區,中營里,2023-12-25,0
台南市,新營區,中營里,2024-01-01,0
台南市,新營區,五興里,2023-06-12,0
台南市,新營區,五興里,2023-06-19,0
台南市,新營區,五興里,2023-06-26,0
台南市,新營區,五興里,2023-07-03,0
台南市,新營區,五興里,2023-07-10,0
台南市,新營區,五興里,2023-07-17,0
台南市,新營區,五興里,2023-07-24,0
台南市,新營區,五興里,2023-07-31,0
台南市,新營區,五興里,2023-08-07,0
台南市,新營區,五興里,2023-08-14,0
台南市,新營區,五興里,2023-08-21,0
台南市,新營區,五興里,2023-08-28,0
台南市,新營區,五興里,2023-09-04,0
台南市,新營區,五興里,2023-09-11,0
台南市,新營區,五興里,2023-09-18,0
台南市,新營區,五興里,2023-09-25,0
台南市,新營區,五興里,2023-10-02,0
台南市,新營區,五興里,2023-10-09,0
台南市,新營區,五興里,2023-10-16,0
台南市,新營區,五興里,2023-10-23,0
台南市,新營區,五興里,2023-10-30,0
台南市,新營區,五興里,2023-11-06,0
台南市,新營區,五興里,2023-11-13,0
台南市,新營區,五興里,2023-11-20,0
台南市,新營區,五興里,2023-11-27,0
台南市,新營區,五興里,2023-12-04,0
台南市,新營區,五興里,2023-12-11,0
台南市,新營區,五興里,2023-12-18,0
台南市,新營區,五興里,2023-12-25,0
台南市,新營區,五興里,2024-01-01,0
台南市,新營區,南紙里,2023-06-12,0
台南市,新營區,南紙里,2023-06-19,0
台南市,新營區,南紙里,2023-06-26,0
台南市,新營區,南紙里,2023-07-03,0
台南市,新營區,南紙里,2023-07-10,0
台南市,新營區,南紙里,2023-07-17,0
台南市,新營區,南紙里,2023-07-24,0
台南市,新營區,南紙里,2023-07-31,0
台南市,新營區,南紙里,2023-08-07,0
台南市,新營區,南紙里,2023-08-14,0
台南市,新營區,南紙里,2023-08-21,0
台南市,新營區,南紙里,2023-08-28,0
台南市,新營區,南紙里,2023-09-04,0
台南市,新營區,南紙里,2023-09-11,0
台南市,新營區,南紙里,2023-09-18,0
台南市,新營區,南紙里,2023-09-25,0
台南市,新營區,南紙里,2023-10-02,0
台南市,新營區,南紙里,2023-10-09,0
台南市,新營區,南紙里,2023-10-16,0
台南市,新營區,南紙里,2023-10-23,0
台南市,新營區,南紙里,2023-10-30,0
台南市,新營區,南紙里,2023-11-06,0
台南市,新營區,南紙里,2023-11-13,0
台南市,新營區,南紙里,2023-11-20,2
台南市,新營區,南紙里,2023-11-27,1
台南市,新營區,南紙里,2023-12-04,0
台南市,新營區,南紙里,2023-12-11,0
台南市,新營區,南紙里,2023-12-18,0
台南市,新營區,南紙里,2023-12-25,0
台南市,新營區,南紙里,2024-01-01,0
台南市,新營區,嘉芳里,2023-06-12,0
台南市,新營區,嘉芳里,2023-06-19,0
台南市,新營區,嘉芳里,2023-06-26,0
台南市,新營區,嘉芳里,2023-07-03,0
台南市,新營區,嘉芳里,2023-07-10,0
台南市,新營區,嘉芳里,2023-07-17,0
台南市,新營區,嘉芳里,2023-07-24,0
台南市,新營區,嘉芳里,2023-07-31,0
台南市,新營區,嘉芳里,2023-08-07,0
台南市,新營區,嘉芳里,2023-08-14,0
台南市,新營區,嘉芳里,2023-08-21,0
台南市,新營區,嘉芳里,2023-08-28,0
台南市,新營區,嘉芳里,2023-09-04,0
台南市,新營區,嘉芳里,2023-09-11,0
台南市,新營區,嘉芳里,2023-09-18,0
台南市,新營區,嘉芳里,2023-09-25,0
台南市,新營區,嘉芳里,2023-10-02,0
台南市,新營區,嘉芳里,2023-10-09,0
台南市,新營區,嘉芳里,2023-10-16,0
台南市,新營區,嘉芳里,2023-10-23,1
台南市,新營區,嘉芳里,2023-10-30,0
台南市,新營區,嘉芳里,2023-11-06,0
台南市,新營區,嘉芳里,2023-11-13,0
台南市,新營區,嘉芳里,2023-11-20,0
台南市,新營區,嘉芳里,2023-11-27,0
台南市,新營區,嘉芳里,2023-12-04,0
台南市,新營區,嘉芳里,2023-12-11,0
台南市,新營區,嘉芳里,2023-12-18,0
台南市,新營區,嘉芳里,2023-12-25,0
台南市,新營區,嘉芳里,2024-01-01,0
台南市,新營區,埤寮里,2023-06-12,0
台南市,新營區,埤寮里,2023-06-19,0
台南市,新營區,埤寮里,2023-06-26,0
台南市,新營區,埤寮里,2023-07-03,0
台南市,新營區,埤寮里,2023-07-10,0
台南市,新營區,埤寮里,2023-07-17,0
台南市,新營區,埤寮里,2023-07-24,0
台南市,新營區,埤寮里,2023-07-31,0
台南市,新營區,埤寮里,2023-08-07,0
台南市,新營區,埤寮里,2023-08-14,0
台南市,新營區,埤寮里,2023-08-21,0
台南市,新營區,埤寮里,2023-08-28,0
台南市,新營區,埤寮里,2023-09-04,0
台南市,新營區,埤寮里,2023-09-11,0
台南市,新營區,埤寮里,2023-09-18,0
台南市,新營區,埤寮里,2023-09-25,0
台南市,新營區,埤寮里,2023-10-02,0
台南市,新營區,埤寮里,2023-10-09,0
台南市,新營區,埤寮里,2023-10-16,0
台南市,新營區,埤寮里,2023-10-23,0
台南市,新營區,埤寮里,2023-10-30,0
台南市,新營區,埤寮里,2023-11-06,0
台南市,新營區,埤寮里,2023-11-13,0
台南市,新營區,埤寮里,2023-11-20,0
台南市,新營區,埤寮里,2023-11-27,0
台南市,新營區,埤寮里,2023-12-04,0
台南市,新營區,埤寮里,2023-12-11,0
台南市,新營區,埤寮里,2023-12-18,0
台南市,新營區,埤寮里,2023-12-25,0
台南市,新營區,埤寮里,2024-01-01,0
台南市,新營區,大宏里,2023-06-12,0
台南市,新營區,大宏里,2023-06-19,0
台南市,新營區,大宏里,2023-06-26,0
台南市,新營區,大宏里,2023-07-03,0
台南市,新營區,大宏里,2023-07-10,0
台南市,新營區,大宏里,2023-07-17,0
台南市,新營區,大宏里,2023-07-24,0
台南市,新營區,大宏里,2023-07-31,0
台南市,新營區,大宏里,2023-08-07,0
台南市,新營區,大宏里,2023-08-14,0
台南市,新營區,大宏里,2023-08-21,0
台南市,新營區,大宏里,2023-08-28,0
台南市,新營區,大宏里,2023-09-04,0
台南市,新營區,大宏里,2023-09-11,0
台南市,新營區,大宏里,2023-09-18,0
台南市,新營區,大宏里,2023-09-25,0
台南市,新營區,大宏里,2023-10-02,0
台南市,新營區,大宏里,2023-10-09,0
台南市,新營區,大宏里,2023-10-16,0
台南市,新營區,大宏里,2023-10-23,0
台南市,新營區,大宏里,2023-10-30,0
台南市,新營區,大宏里,2023-11-06,0
台南市,新營區,大宏里,2023-11-13,1
台南市,新營區,大宏里,2023-11-20,0
台南市,新營區,大宏里,2023-11-27,0
台南市,新營區,大宏里,2023-12-04,0
台南市,新營區,大宏里,2023-12-11,0
台南市,新營區,大宏里,2023-12-18,0
台南市,新營區,大宏里,2023-12-25,0
台南市,新營區,大宏里,2024-01-01,0
台南市,新營區,太北里,2023-06-12,0
台南市,新營區,太北里,2023-06-19,0
台南市,新營區,太北里,2023-06-26,0
台南市,新營區,太北里,2023-07-03,0
台南市,新營區,太北里,2023-07-10,0
台南市,新營區,太北里,2023-07-17,0
台南市,新營區,太北里,2023-07-24,0
台南市,新營區,太北里,2023-07-31,0
台南市,新營區,太北里,2023-08-07,0
台南市,新營區,太北里,2023-08-14,0
台南市,新營區,太北里,2023-08-21,0
台南市,新營區,太北里,2023-08-28,0
台南市,新營區,太北里,2023-09-04,0
台南市,新營區,太北里,2023-09-11,0
台南市,新營區,太北里,2023-09-18,1
台南市,新營區,太北里,2023-09-25,0
台南市,新營區,太北里,2023-10-02,0
台南市,新營區,太北里,2023-10-09,0
台南市,新營區,太北里,2023-10-16,0
台南市,新營區,太北里,2023-10-23,0
台南市,新營區,太北里,2023-10-30,0
台南市,新營區,太北里,2023-11-06,0
台南市,新營區,太北里,2023-11-13,0
台南市,新營區,太北里,2023-11-20,0
台南市,新營區,太北里,2023-11-27,0
台南市,新營區,太北里,2023-12-04,0
台南市,新營區,太北里,2023-12-11,0
台南市,新營區,太北里,2023-12-18,0
台南市,新營區,太北里,2023-12-25,0
台南市,新營區,太北里,2024-01-01,0
台南市,新營區,太南里,2023-06-12,0
台南市,新營區,太南里,2023-06-19,0
台南市,新營區,太南里,2023-06-26,0
台南市,新營區,太南里,2023-07-03,0
台南市,新營區,太南里,2023-07-10,0
台南市,新營區,太南里,2023-07-17,0
台南市,新營區,太南里,2023-07-24,0
台南市,新營區,太南里,2023-07-31,0
台南市,新營區,太南里,2023-08-07,0
台南市,新營區,太南里,2023-08-14,0
台南市,新營區,太南里,2023-08-21,0
台南市,新營區,太南里,2023-08-28,0
台南市,新營區,太南里,2023-09-04,0
台南市,新營區,太南里,2023-09-11,0
台南市,新營區,太南里,2023-09-18,0
台南市,新營區,太南里,2023-09-25,1
台南市,新營區,太南里,2023-10-02,0
台南市,新營區,太南里,2023-10-09,0
台南市,新營區,太南里,2023-10-16,0
台南市,新營區,太南里,2023-10-23,0
台南市,新營區,太南里,2023-10-30,0
台南市,新營區,太南里,2023-11-06,0
台南市,新營區,太南里,2023-11-13,0
台南市,新營區,太南里,2023-11-20,0
台南市,新營區,太南里,2023-11-27,0
台南市,新營區,太南里,2023-12-04,0
台南市,新營區,太南里,2023-12-11,0
台南市,新營區,太南里,2023-12-18,0
台南市,新營區,太南里,2023-12-25,0
台南市,新營區,太南里,2024-01-01,0
台南市,新營區,姑爺里,2023-06-12,0
台南市,新營區,姑爺里,2023-06-19,0
台南市,新營區,姑爺里,2023-06-26,0
台南市,新營區,姑爺里,2023-07-03,0
台南市,新營區,姑爺里,2023-07-10,0
台南市,新營區,姑爺里,2023-07-17,0
台南市,新營區,姑爺里,2023-07-24,0
台南市,新營區,姑爺里,2023-07-31,0
台南市,新營區,姑爺里,2023-08-07,0
台南市,新營區,姑爺里,2023-08-14,0
台南市,新營區,姑爺里,2023-08-21,0
台南市,新營區,姑爺里,2023-08-28,0
台南市,新營區,姑爺里,2023-09-04,0
台南市,新營區,姑爺里,2023-09-11,0
台南市,新營區,姑爺里,2023-09-18,0
台南市,新營區,姑爺里,2023-09-25,0
台南市,新營區,姑爺里,2023-10-02,0
台南市,新營區,姑爺里,2023-10-09,0
台南市,新營區,姑爺里,2023-10-16,0
台南市,新營區,姑爺里,2023-10-23,0
台南市,新營區,姑爺里,2023-10-30,0
台南市,新營區,姑爺里,2023-11-06,1
台南市,新營區,姑爺里,2023-11-13,0
台南市,新營區,姑爺里,2023-11-20,0
台南市,新營區,姑爺里,2023-11-27,0
台南市,新營區,姑爺里,2023-12-04,0
台南市,新營區,姑爺里,2023-12-11,0
台南市,新營區,姑爺里,2023-12-18,0
台南市,新營區,姑爺里,2023-12-25,0
台南市,新營區,姑爺里,2024-01-01,0
台南市,新營區,忠政里,2023-06-12,0
台南市,新營區,忠政里,2023-06-19,0
台南市,新營區,忠政里,2023-06-26,0
台南市,新營區,忠政里,2023-07-03,0
台南市,新營區,忠政里,2023-07-10,0
台南市,新營區,忠政里,2023-07-17,0
台南市,新營區,忠政里,2023-07-24,0
台南市,新營區,忠政里,2023-07-31,0
台南市,新營區,忠政里,2023-08-07,0
台南市,新營區,忠政里,2023-08-14,0
台南市,新營區,忠政里,2023-08-21,0
台南市,新營區,忠政里,2023-08-28,0
台南市,新營區,忠政里,2023-09-04,0
台南市,新營區,忠政里,2023-09-11,0
台南市,新營區,忠政里,2023-09-18,0
台南市,新營區,忠政里,2023-09-25,0
台南市,新營區,忠政里,2023-10-02,0
台南市,新營區,忠政里,2023-10-09,0
台南市,新營區,忠政里,2023-10-16,0
台南市,新營區,忠政里,2023-10-23,0
台南市,新營區,忠政里,2023-10-30,0
台南市,新營區,忠政里,2023-11-06,0
台南市,新營區,忠政里,2023-11-13,0
台南市,新營區,忠政里,2023-11-20,0
台南市,新營區,忠政里,2023-11-27,0
台南市,新營區,忠政里,2023-12-04,0
台南市,新營區,忠政里,2023-12-11,0
台南市,新營區,忠政里,2023-12-18,0
台南市,新營區,忠政里,2023-12-25,0
台南市,新營區,忠政里,2024-01-01,0
台南市,新營區,新北里,2023-06-12,0
台南市,新營區,新北里,2023-06-19,0
台南市,新營區,新北里,2023-06-26,0
台南市,新營區,新北里,2023-07-03,0
台南市,新營區,新北里,2023-07-10,1
台南市,新營區,新北里,2023-07-17,0
台南市,新營區,新北里,2023-07-24,0
台南市,新營區,新北里,2023-07-31,0
台南市,新營區,新北里,2023-08-07,0
台南市,新營區,新北里,2023-08-14,0
台南市,新營區,新北里,2023-08-21,0
台南市,新營區,新北里,2023-08-28,0
台南市,新營區,新北里,2023-09-04,0
台南市,新營區,新北里,2023-09-11,0
台南市,新營區,新北里,2023-09-18,0
台南市,新營區,新北里,2023-09-25,0
台南市,新營區,新北里,2023-10-02,1
台南市,新營區,新北里,2023-10-09,0
台南市,新營區,新北里,2023-10-16,0
台南市,新營區,新北里,2023-10-23,0
台南市,新營區,新北里,2023-10-30,0
台南市,新營區,新北里,2023-11-06,0
台南市,新營區,新北里,2023-11-13,0
台南市,新營區,新北里,2023-11-20,0
台南市,新營區,新北里,2023-11-27,0
台南市,新營區,新北里,2023-12-04,0
台南市,新營區,新北里,2023-12-11,0
台南市,新營區,新北里,2023-12-18,0
台南市,新營區,新北里,2023-12-25,0
台南市,新營區,新北里,2024-01-01,0
台南市,新營區,新南里,2023-06-12,0
台南市,新營區,新南里,2023-06-19,0
台南市,新營區,新南里,2023-06-26,0
台南市,新營區,新南里,2023-07-03,0
台南市,新營區,新南里,2023-07-10,0
台南市,新營區,新南里,2023-07-17,0
台南市,新營區,新南里,2023-07-24,0
台南市,新營區,新南里,2023-07-31,0
台南市,新營區,新南里,2023-08-07,0
台南市,新營區,新南里,2023-08-14,0
台南市,新營區,新南里,2023-08-21,0
台南市,新營區,新南里,2023-08-28,0
台南市,新營區,新南里,2023-09-04,0
台南市,新營區,新南里,2023-09-11,0
台南市,新營區,新南里,2023-09-18,0
台南市,新營區,新南里,2023-09-25,0
台南市,新營區,新南里,2023-10-02,2
台南市,新營區,新南里,2023-10-09,0
台南市,新營區,新南里,2023-10-16,1
台南市,新營區,新南里,2023-10-23,0
台南市,新營區,新南里,2023-10-30,1
台南市,新營區,新南里,2023-11-06,0
台南市,新營區,新南里,2023-11-13,0
台南市,新營區,新南里,2023-11-20,0
台南市,新營區,新南里,2023-11-27,0
台南市,新營區,新南里,2023-12-04,1
台南市,新營區,新南里,2023-12-11,0
台南市,新營區,新南里,2023-12-18,0
台南市,新營區,新南里,2023-12-25,0
台南市,新營區,新南里,2024-01-01,0
台南市,新營區,新東里,2023-06-12,0
台南市,新營區,新東里,2023-06-19,0
台南市,新營區,新東里,2023-06-26,0
台南市,新營區,新東里,2023-07-03,0
台南市,新營區,新東里,2023-07-10,0
台南市,新營區,新東里,2023-07-17,0
台南市,新營區,新東里,2023-07-24,0
台南市,新營區,新東里,2023-07-31,0
台南市,新營區,新東里,2023-08-07,1
台南市,新營區,新東里,2023-08-14,2
台南市,新營區,新東里,2023-08-21,6
台南市,新營區,新東里,2023-08-28,3
台南市,新營區,新東里,2023-09-04,6
台南市,新營區,新東里,2023-09-11,10
台南市,新營區,新東里,2023-09-18,5
台南市,新營區,新東里,2023-09-25,19
台南市,新營區,新東里,2023-10-02,14
台南市,新營區,新東里,2023-10-09,23
台南市,新營區,新東里,2023-10-16,5
台南市,新營區,新東里,2023-10-23,4
台南市,新營區,新東里,2023-10-30,5
台南市,新營區,新東里,2023-11-06,9
台南市,新營區,新東里,2023-11-13,3
台南市,新營區,新東里,2023-11-20,5
台南市,新營區,新東里,2023-11-27,1
台南市,新營區,新東里,2023-12-04,1
台南市,新營區,新東里,2023-12-11,0
台南市,新營區,新東里,2023-12-18,0
台南市,新營區,新東里,2023-12-25,0
台南市,新營區,新東里,2024-01-01,0
台南市,新營區,民榮里,2023-06-12,0
台南市,新營區,民榮里,2023-06-19,0
台南市,新營區,民榮里,2023-06-26,0
台南市,新營區,民榮里,2023-07-03,0
台南市,新營區,民榮里,2023-07-10,0
台南市,新營區,民榮里,2023-07-17,0
台南市,新營區,民榮里,2023-07-24,0
台南市,新營區,民榮里,2023-07-31,0
台南市,新營區,民榮里,2023-08-07,0
台南市,新營區,民榮里,2023-08-14,0
台南市,新營區,民榮里,2023-08-21,0
台南市,新營區,民榮里,2023-08-28,0
台南市,新營區,民榮里,2023-09-04,0
台南市,新營區,民榮里,2023-09-11,0
台南市,新營區,民榮里,2023-09-18,0
台南市,新營區,民榮里,2023-09-25,0
台南市,新營區,民榮里,2023-10-02,0
台南市,新營區,民榮里,2023-10-09,0
台南市,新營區,民榮里,2023-10-16,0
台南市,新營區,民榮里,2023-10-23,0
台南市,新營區,民榮里,2023-10-30,0
台南市,新營區,民榮里,2023-11-06,1
台南市,新營區,民榮里,2023-11-13,0
台南市,新營區,民榮里,2023-11-20,0
台南市,新營區,民榮里,2023-11-27,2
台南市,新營區,民榮里,2023-12-04,0
台南市,新營區,民榮里,2023-12-11,0
台南市,新營區,民榮里,2023-12-18,0
台南市,新營區,民榮里,2023-12-25,0
台南市,新營區,民榮里,2024-01-01,0
台南市,新營區,民權里,2023-06-12,0
台南市,新營區,民權里,2023-06-19,0
台南市,新營區,民權里,2023-06-26,0
台南市,新營區,民權里,2023-07-03,0
台南市,新營區,民權里,2023-07-10,0
台南市,新營區,民權里,2023-07-17,0
台南市,新營區,民權里,2023-07-24,0
台南市,新營區,民權里,2023-07-31,0
台南市,新營區,民權里,2023-08-07,0
台南市,新營區,民權里,2023-08-14,0
台南市,新營區,民權里,2023-08-21,0
台南市,新營區,民權里,2023-08-28,0
台南市,新營區,民權里,2023-09-04,0
台南市,新營區,民權里,2023-09-11,0
台南市,新營區,民權里,2023-09-18,0
台南市,新營區,民權里,2023-09-25,0
台南市,新營區,民權里,2023-10-02,0
台南市,新營區,民權里,2023-10-09,0
台南市,新營區,民權里,2023-10-16,0
台南市,新營區,民權里,2023-10-23,0
台南市,新營區,民權里,2023-10-30,0
台南市,新營區,民權里,2023-11-06,0
台南市,新營區,民權里,2023-11-13,0
台南市,新營區,民權里,2023-11-20,0
台南市,新營區,民權里,2023-11-27,0
台南市,新營區,民權里,2023-12-04,0
台南市,新營區,民權里,2023-12-11,0
台南市,新營區,民權里,2023-12-18,0
台南市,新營區,民權里,2023-12-25,0
台南市,新營區,民權里,2024-01-01,0
台南市,新營區,民生里,2023-06-12,0
台南市,新營區,民生里,2023-06-19,0
台南市,新營區,民生里,2023-06-26,0
台南市,新營區,民生里,2023-07-03,0
台南市,新營區,民生里,2023-07-10,0
台南市,新營區,民生里,2023-07-17,0
台南市,新營區,民生里,2023-07-24,0
台南市,新營區,民生里,2023-07-31,0
台南市,新營區,民生里,2023-08-07,0
台南市,新營區,民生里,2023-08-14,0
台南市,新營區,民生里,2023-08-21,0
台南市,新營區,民生里,2023-08-28,0
台南市,新營區,民生里,2023-09-04,0
台南市,新營區,民生里,2023-09-11,1
台南市,新營區,民生里,2023-09-18,0
台南市,新營區,民生里,2023-09-25,0
台南市,新營區,民生里,2023-10-02,0
台南市,新營區,民生里,2023-10-09,0
台南市,新營區,民生里,2023-10-16,0
台南市,新營區,民生里,2023-10-23,0
台南市,新營區,民生里,2023-10-30,0
台南市,新營區,民生里,2023-11-06,0
台南市,新營區,民生里,2023-11-13,0
台南市,新營區,民生里,2023-11-20,0
台南市,新營區,民生里,2023-11-27,4
台南市,新營區,民生里,2023-12-04,1
台南市,新營區,民生里,2023-12-11,0
台南市,新營區,民生里,2023-12-18,0
台南市,新營區,民生里,2023-12-25,0
台南市,新營區,民生里,2024-01-01,0
台南市,新營區,王公里,2023-06-12,0
台南市,新營區,王公里,2023-06-19,0
台南市,新營區,王公里,2023-06-26,0
台南市,新營區,王公里,2023-07-03,0
台南市,新營區,王公里,2023-07-10,0
台南市,新營區,王公里,2023-07-17,0
台南市,新營區,王公里,2023-07-24,0
台南市,新營區,王公里,2023-07-31,0
台南市,新營區,王公里,2023-08-07,0
台南市,新營區,王公里,2023-08-14,0
台南市,新營區,王公里,2023-08-21,0
台南市,新營區,王公里,2023-08-28,0
台南市,新營區,王公里,2023-09-04,0
台南市,新營區,王公里,2023-09-11,0
台南市,新營區,王公里,2023-09-18,0
台南市,新營區,王公里,2023-09-25,0
台南市,新營區,王公里,2023-10-02,0
台南市,新營區,王公里,2023-10-09,0
台南市,新營區,王公里,2023-10-16,0
台南市,新營區,王公里,2023-10-23,0
台南市,新營區,王公里,2023-10-30,0
台南市,新營區,王公里,2023-11-06,0
台南市,新營區,王公里,2023-11-13,0
台南市,新營區,王公里,2023-11-20,0
台南市,新營區,王公里,2023-11-27,0
台南市,新營區,王公里,2023-12-04,1
台南市,新營區,王公里,2023-12-11,0
台南市,新營區,王公里,2023-12-18,0
台南市,新營區,王公里,2023-12-25,0
台南市,新營區,王公里,2024-01-01,0
台南市,新營區,興業里,2023-06-12,0
台南市,新營區,興業里,2023-06-19,0
台南市,新營區,興業里,2023-06-26,0
台南市,新營區,興業里,2023-07-03,0
台南市,新營區,興業里,2023-07-10,0
台南市,新營區,興業里,2023-07-17,0
台南市,新營區,興業里,2023-07-24,0
台南市,新營區,興業里,2023-07-31,0
台南市,新營區,興業里,2023-08-07,0
台南市,新營區,興業里,2023-08-14,0
台南市,新營區,興業里,2023-08-21,0
台南市,新營區,興業里,2023-08-28,0
台南市,新營區,興業里,2023-09-04,0
台南市,新營區,興業里,2023-09-11,0
台南市,新營區,興業里,2023-09-18,0
台南市,新營區,興業里,2023-09-25,0
台南市,新營區,興業里,2023-10-02,0
台南市,新營區,興業里,2023-10-09,0
台南市,新營區,興業里,2023-10-16,0
台南市,新營區,興業里,2023-10-23,0
台南市,新營區,興業里,2023-10-30,0
台南市,新營區,興業里,2023-11-06,1
台南市,新營區,興業里,2023-11-13,0
台南市,新營區,興業里,2023-11-20,0
台南市,新營區,興業里,2023-11-27,0
台南市,新營區,興業里,2023-12-04,0
台南市,新營區,興業里,2023-12-11,1
台南市,新營區,興業里,2023-12-18,0
台南市,新營區,興業里,2023-12-25,0
台南市,新營區,興業里,2024-01-01,0
台南市,東區,中西里,2023-06-12,0
台南市,東區,中西里,2023-06-19,0
台南市,東區,中西里,2023-06-26,0
台南市,東區,中西里,2023-07-03,0
台南市,東區,中西里,2023-07-10,0
台南市,東區,中西里,2023-07-17,0
台南市,東區,中西里,2023-07-24,0
台南市,東區,中西里,2023-07-31,0
台南市,東區,中西里,2023-08-07,0
台南市,東區,中西里,2023-08-14,2
台南市,東區,中西里,2023-08-21,2
台南市,東區,中西里,2023-08-28,0
台南市,東區,中西里,2023-09-04,4
台南市,東區,中西里,2023-09-11,2
台南市,東區,中西里,2023-09-18,1
台南市,東區,中西里,2023-09-25,3
台南市,東區,中西里,2023-10-02,4
台南市,東區,中西里,2023-10-09,4
台南市,東區,中西里,2023-10-16,6
台南市,東區,中西里,2023-10-23,4
台南市,東區,中西里,2023-10-30,4
台南市,東區,中西里,2023-11-06,2
台南市,東區,中西里,2023-11-13,2
台南市,東區,中西里,2023-11-20,1
台南市,東區,中西里,2023-11-27,0
台南市,東區,中西里,2023-12-04,0
台南市,東區,中西里,2023-12-11,0
台南市,東區,中西里,2023-12-18,0
台南市,東區,中西里,2023-12-25,0
台南市,東區,中西里,2024-01-01,0
台南市,東區,南聖里,2023-06-12,0
台南市,東區,南聖里,2023-06-19,0
台南市,東區,南聖里,2023-06-26,0
台南市,東區,南聖里,2023-07-03,0
台南市,東區,南聖里,2023-07-10,0
台南市,東區,南聖里,2023-07-17,0
台南市,東區,南聖里,2023-07-24,0
台南市,東區,南聖里,2023-07-31,0
台南市,東區,南聖里,2023-08-07,0
台南市,東區,南聖里,2023-08-14,0
台南市,東區,南聖里,2023-08-21,2
台南市,東區,南聖里,2023-08-28,0
台南市,東區,南聖里,2023-09-04,2
台南市,東區,南聖里,2023-09-11,2
台南市,東區,南聖里,2023-09-18,0
台南市,東區,南聖里,2023-09-25,6
台南市,東區,南聖里,2023-10-02,5
台南市,東區,南聖里,2023-10-09,7
台南市,東區,南聖里,2023-10-16,5
台南市,東區,南聖里,2023-10-23,8
台南市,東區,南聖里,2023-10-30,5
台南市,東區,南聖里,2023-11-06,4
台南市,東區,南聖里,2023-11-13,3
台南市,東區,南聖里,2023-11-20,3
台南市,東區,南聖里,2023-11-27,0
台南市,東區,南聖里,2023-12-04,0
台南市,東區,南聖里,2023-12-11,0
台南市,東區,南聖里,2023-12-18,0
台南市,東區,南聖里,2023-12-25,0
台南市,東區,南聖里,2024-01-01,0
台南市,東區,和平里,2023-06-12,0
台南市,東區,和平里,2023-06-19,0
台南市,東區,和平里,2023-06-26,0
台南市,東區,和平里,2023-07-03,0
台南市,東區,和平里,2023-07-10,1
台南市,東區,和平里,2023-07-17,0
台南市,東區,和平里,2023-07-24,1
台南市,東區,和平里,2023-07-31,1
台南市,東區,和平里,2023-08-07,3
台南市,東區,和平里,2023-08-14,2
台南市,東區,和平里,2023-08-21,0
台南市,東區,和平里,2023-08-28,4
台南市,東區,和平里,2023-09-04,10
台南市,東區,和平里,2023-09-11,5
台南市,東區,和平里,2023-09-18,8
台南市,東區,和平里,2023-09-25,9
台南市,東區,和平里,2023-10-02,10
台南市,東區,和平里,2023-10-09,4
台南市,東區,和平里,2023-10-16,6
台南市,東區,和平里,2023-10-23,12
台南市,東區,和平里,2023-10-30,8
台南市,東區,和平里,2023-11-06,9
台南市,東區,和平里,2023-11-13,12
台南市,東區,和平里,2023-11-20,4
台南市,東區,和平里,2023-11-27,2
台南市,東區,和平里,2023-12-04,1
台南市,東區,和平里,2023-12-11,0
台南市,東區,和平里,2023-12-18,0
台南市,東區,和平里,2023-12-25,0
台南市,東區,和平里,2024-01-01,0
台南市,東區,圍下里,2023-06-12,0
台南市,東區,圍下里,2023-06-19,0
台南市,東區,圍下里,2023-06-26,0
台南市,東區,圍下里,2023-07-03,0
台南市,東區,圍下里,2023-07-10,0
台南市,東區,圍下里,2023-07-17,0
台南市,東區,圍下里,2023-07-24,0
台南市,東區,圍下里,2023-07-31,0
台南市,東區,圍下里,2023-08-07,0
台南市,東區,圍下里,2023-08-14,0
台南市,東區,圍下里,2023-08-21,0
台南市,東區,圍下里,2023-08-28,1
台南市,東區,圍下里,2023-09-04,2
台南市,東區,圍下里,2023-09-11,0
台南市,東區,圍下里,2023-09-18,1
台南市,東區,圍下里,2023-09-25,2
台南市,東區,圍下里,2023-10-02,1
台南市,東區,圍下里,2023-10-09,2
台南市,東區,圍下里,2023-10-16,1
台南市,東區,圍下里,2023-10-23,5
台南市,東區,圍下里,2023-10-30,1
台南市,東區,圍下里,2023-11-06,2
台南市,東區,圍下里,2023-11-13,3
台南市,東區,圍下里,2023-11-20,0
台南市,東區,圍下里,2023-11-27,1
台南市,東區,圍下里,2023-12-04,0
台南市,東區,圍下里,2023-12-11,0
台南市,東區,圍下里,2023-12-18,0
台南市,東區,圍下里,2023-12-25,0
台南市,東區,圍下里,2024-01-01,0
台南市,東區,大同里,2023-06-12,0
台南市,東區,大同里,2023-06-19,0
台南市,東區,大同里,2023-06-26,0
台南市,東區,大同里,2023-07-03,0
台南市,東區,大同里,2023-07-10,0
台南市,東區,大同里,2023-07-17,0
台南市,東區,大同里,2023-07-24,0
台南市,東區,大同里,2023-07-31,0
台南市,東區,大同里,2023-08-07,0
台南市,東區,大同里,2023-08-14,1
台南市,東區,大同里,2023-08-21,0
台南市,東區,大同里,2023-08-28,0
台南市,東區,大同里,2023-09-04,2
台南市,東區,大同里,2023-09-11,6
台南市,東區,大同里,2023-09-18,1
台南市,東區,大同里,2023-09-25,8
台南市,東區,大同里,2023-10-02,8
台南市,東區,大同里,2023-10-09,13
台南市,東區,大同里,2023-10-16,10
台南市,東區,大同里,2023-10-23,8
台南市,東區,大同里,2023-10-30,10
台南市,東區,大同里,2023-11-06,6
台南市,東區,大同里,2023-11-13,3
台南市,東區,大同里,2023-11-20,1
台南市,東區,大同里,2023-11-27,0
台南市,東區,大同里,2023-12-04,2
台南市,東區,大同里,2023-12-11,3
台南市,東區,大同里,2023-12-18,0
台南市,東區,大同里,2023-12-25,0
台南市,東區,大同里,2024-01-01,1
台南市,東區,大學里,2023-06-12,0
台南市,東區,大學里,2023-06-19,0
台南市,東區,大學里,2023-06-26,0
台南市,東區,大學里,2023-07-03,0
台南市,東區,大學里,2023-07-10,0
台南市,東區,大學里,2023-07-17,0
台南市,東區,大學里,2023-07-24,0
台南市,東區,大學里,2023-07-31,0
台南市,東區,大學里,2023-08-07,0
台南市,東區,大學里,2023-08-14,1
台南市,東區,大學里,2023-08-21,0
台南市,東區,大學里,2023-08-28,0
台南市,東區,大學里,2023-09-04,5
台南市,東區,大學里,2023-09-11,6
台南市,東區,大學里,2023-09-18,1
台南市,東區,大學里,2023-09-25,4
台南市,東區,大學里,2023-10-02,4
台南市,東區,大學里,2023-10-09,3
台南市,東區,大學里,2023-10-16,2
台南市,東區,大學里,2023-10-23,1
台南市,東區,大學里,2023-10-30,1
台南市,東區,大學里,2023-11-06,8
台南市,東區,大學里,2023-11-13,3
台南市,東區,大學里,2023-11-20,0
台南市,東區,大學里,2023-11-27,1
台南市,東區,大學里,2023-12-04,0
台南市,東區,大學里,2023-12-11,0
台南市,東區,大學里,2023-12-18,0
台南市,東區,大學里,2023-12-25,0
台南市,東區,大學里,2024-01-01,0
台南市,東區,大德里,2023-06-12,0
台南市,東區,大德里,2023-06-19,0
台南市,東區,大德里,2023-06-26,0
台南市,東區,大德里,2023-07-03,0
台南市,東區,大德里,2023-07-10,0
台南市,東區,大德里,2023-07-17,0
台南市,東區,大德里,2023-07-24,0
台南市,東區,大德里,2023-07-31,0
台南市,東區,大德里,2023-08-07,2
台南市,東區,大德里,2023-08-14,3
台南市,東區,大德里,2023-08-21,0
台南市,東區,大德里,2023-08-28,1
台南市,東區,大德里,2023-09-04,0
台南市,東區,大德里,2023-09-11,7
台南市,東區,大德里,2023-09-18,9
台南市,東區,大德里,2023-09-25,2
台南市,東區,大德里,2023-10-02,6
台南市,東區,大德里,2023-10-09,4
台南市,東區,大德里,2023-10-16,2
台南市,東區,大德里,2023-10-23,1
台南市,東區,大德里,2023-10-30,0
台南市,東區,大德里,2023-11-06,1
台南市,東區,大德里,2023-11-13,0
台南市,東區,大德里,2023-11-20,0
台南市,東區,大德里,2023-11-27,0
台南市,東區,大德里,2023-12-04,0
台南市,東區,大德里,2023-12-11,0
台南市,東區,大德里,2023-12-18,0
台南市,東區,大德里,2023-12-25,0
台南市,東區,大德里,2024-01-01,0
台南市,東區,大智里,2023-06-12,0
台南市,東區,大智里,2023-06-19,0
台南市,東區,大智里,2023-06-26,3
台南市,東區,大智里,2023-07-03,11
台南市,東區,大智里,2023-07-10,3
台南市,東區,大智里,2023-07-17,8
台南市,東區,大智里,2023-07-24,9
台南市,東區,大智里,2023-07-31,4
台南市,東區,大智里,2023-08-07,6
台南市,東區,大智里,2023-08-14,5
台南市,東區,大智里,2023-08-21,2
台南市,東區,大智里,2023-08-28,6
台南市,東區,大智里,2023-09-04,3
台南市,東區,大智里,2023-09-11,11
台南市,東區,大智里,2023-09-18,10
台南市,東區,大智里,2023-09-25,3
台南市,東區,大智里,2023-10-02,4
台南市,東區,大智里,2023-10-09,7
台南市,東區,大智里,2023-10-16,7
台南市,東區,大智里,2023-10-23,4
台南市,東區,大智里,2023-10-30,2
台南市,東區,大智里,2023-11-06,5
台南市,東區,大智里,2023-11-13,1
台南市,東區,大智里,2023-11-20,2
台南市,東區,大智里,2023-11-27,1
台南市,東區,大智里,2023-12-04,3
台南市,東區,大智里,2023-12-11,0
台南市,東區,大智里,2023-12-18,0
台南市,東區,大智里,2023-12-25,0
台南市,東區,大智里,2024-01-01,0
台南市,東區,大福里,2023-06-12,0
台南市,東區,大福里,2023-06-19,0
台南市,東區,大福里,2023-06-26,0
台南市,東區,大福里,2023-07-03,0
台南市,東區,大福里,2023-07-10,0
台南市,東區,大福里,2023-07-17,0
台南市,東區,大福里,2023-07-24,0
台南市,東區,大福里,2023-07-31,0
台南市,東區,大福里,2023-08-07,0
台南市,東區,大福里,2023-08-14,0
台南市,東區,大福里,2023-08-21,1
台南市,東區,大福里,2023-08-28,0
台南市,東區,大福里,2023-09-04,2
台南市,東區,大福里,2023-09-11,2
台南市,東區,大福里,2023-09-18,1
台南市,東區,大福里,2023-09-25,3
台南市,東區,大福里,2023-10-02,9
台南市,東區,大福里,2023-10-09,8
台南市,東區,大福里,2023-10-16,5
台南市,東區,大福里,2023-10-23,2
台南市,東區,大福里,2023-10-30,1
台南市,東區,大福里,2023-11-06,0
台南市,東區,大福里,2023-11-13,0
台南市,東區,大福里,2023-11-20,0
台南市,東區,大福里,2023-11-27,0
台南市,東區,大福里,2023-12-04,0
台南市,東區,大福里,2023-12-11,0
台南市,東區,大福里,2023-12-18,0
台南市,東區,大福里,2023-12-25,0
台南市,東區,大福里,2024-01-01,0
台南市,東區,富強里,2023-06-12,0
台南市,東區,富強里,2023-06-19,0
台南市,東區,富強里,2023-06-26,0
台南市,東區,富強里,2023-07-03,0
台南市,東區,富強里,2023-07-10,0
台南市,東區,富強里,2023-07-17,0
台南市,東區,富強里,2023-07-24,7
台南市,東區,富強里,2023-07-31,1
台南市,東區,富強里,2023-08-07,2
台南市,東區,富強里,2023-08-14,2
台南市,東區,富強里,2023-08-21,4
台南市,東區,富強里,2023-08-28,5
台南市,東區,富強里,2023-09-04,10
台南市,東區,富強里,2023-09-11,36
台南市,東區,富強里,2023-09-18,22
台南市,東區,富強里,2023-09-25,18
台南市,東區,富強里,2023-10-02,25
台南市,東區,富強里,2023-10-09,12
台南市,東區,富強里,2023-10-16,4
台南市,東區,富強里,2023-10-23,12
台南市,東區,富強里,2023-10-30,14
台南市,東區,富強里,2023-11-06,14
台南市,東區,富強里,2023-11-13,5
台南市,東區,富強里,2023-11-20,4
台南市,東區,富強里,2023-11-27,6
台南市,東區,富強里,2023-12-04,0
台南市,東區,富強里,2023-12-11,0
台南市,東區,富強里,2023-12-18,2
台南市,東區,富強里,2023-12-25,1
台南市,東區,富強里,2024-01-01,1
台南市,東區,富裕里,2023-06-12,0
台南市,東區,富裕里,2023-06-19,0
台南市,東區,富裕里,2023-06-26,0
台南市,東區,富裕里,2023-07-03,0
台南市,東區,富裕里,2023-07-10,0
台南市,東區,富裕里,2023-07-17,0
台南市,東區,富裕里,2023-07-24,1
台南市,東區,富裕里,2023-07-31,0
台南市,東區,富裕里,2023-08-07,0
台南市,東區,富裕里,2023-08-14,0
台南市,東區,富裕里,2023-08-21,1
台南市,東區,富裕里,2023-08-28,0
台南市,東區,富裕里,2023-09-04,1
台南市,東區,富裕里,2023-09-11,5
台南市,東區,富裕里,2023-09-18,5
台南市,東區,富裕里,2023-09-25,7
台南市,東區,富裕里,2023-10-02,7
台南市,東區,富裕里,2023-10-09,11
台南市,東區,富裕里,2023-10-16,10
台南市,東區,富裕里,2023-10-23,5
台南市,東區,富裕里,2023-10-30,7
台南市,東區,富裕里,2023-11-06,5
台南市,東區,富裕里,2023-11-13,2
台南市,東區,富裕里,2023-11-20,2
台南市,東區,富裕里,2023-11-27,2
台南市,東區,富裕里,2023-12-04,1
台南市,東區,富裕里,2023-12-11,0
台南市,東區,富裕里,2023-12-18,0
台南市,東區,富裕里,2023-12-25,0
台南市,東區,富裕里,2024-01-01,0
台南市,東區,小東里,2023-06-12,0
台南市,東區,小東里,2023-06-19,0
台南市,東區,小東里,2023-06-26,0
台南市,東區,小東里,2023-07-03,1
台南市,東區,小東里,2023-07-10,0
台南市,東區,小東里,2023-07-17,0
台南市,東區,小東里,2023-07-24,0
台南市,東區,小東里,2023-07-31,0
台南市,東區,小東里,2023-08-07,0
台南市,東區,小東里,2023-08-14,4
台南市,東區,小東里,2023-08-21,5
台南市,東區,小東里,2023-08-28,2
台南市,東區,小東里,2023-09-04,5
台南市,東區,小東里,2023-09-11,5
台南市,東區,小東里,2023-09-18,11
台南市,東區,小東里,2023-09-25,16
台南市,東區,小東里,2023-10-02,5
台南市,東區,小東里,2023-10-09,8
台南市,東區,小東里,2023-10-16,7
台南市,東區,小東里,2023-10-23,2
台南市,東區,小東里,2023-10-30,13
台南市,東區,小東里,2023-11-06,9
台南市,東區,小東里,2023-11-13,5
台南市,東區,小東里,2023-11-20,4
台南市,東區,小東里,2023-11-27,2
台南市,東區,小東里,2023-12-04,1
台南市,東區,小東里,2023-12-11,1
台南市,東區,小東里,2023-12-18,0
台南市,東區,小東里,2023-12-25,0
台南市,東區,小東里,2024-01-01,0
台南市,東區,崇信里,2023-06-12,0
台南市,東區,崇信里,2023-06-19,0
台南市,東區,崇信里,2023-06-26,0
台南市,東區,崇信里,2023-07-03,0
台南市,東區,崇信里,2023-07-10,0
台南市,東區,崇信里,2023-07-17,0
台南市,東區,崇信里,2023-07-24,0
台南市,東區,崇信里,2023-07-31,0
台南市,東區,崇信里,2023-08-07,3
台南市,東區,崇信里,2023-08-14,5
台南市,東區,崇信里,2023-08-21,6
台南市,東區,崇信里,2023-08-28,9
台南市,東區,崇信里,2023-09-04,15
台南市,東區,崇信里,2023-09-11,12
台南市,東區,崇信里,2023-09-18,19
台南市,東區,崇信里,2023-09-25,18
台南市,東區,崇信里,2023-10-02,19
台南市,東區,崇信里,2023-10-09,6
台南市,東區,崇信里,2023-10-16,4
台南市,東區,崇信里,2023-10-23,5
台南市,東區,崇信里,2023-10-30,5
台南市,東區,崇信里,2023-11-06,3
台南市,東區,崇信里,2023-11-13,6
台南市,東區,崇信里,2023-11-20,3
台南市,東區,崇信里,2023-11-27,1
台南市,東區,崇信里,2023-12-04,0
台南市,東區,崇信里,2023-12-11,0
台南市,東區,崇信里,2023-12-18,0
台南市,東區,崇信里,2023-12-25,0
台南市,東區,崇信里,2024-01-01,0
台南市,東區,崇善里,2023-06-12,0
台南市,東區,崇善里,2023-06-19,0
台南市,東區,崇善里,2023-06-26,0
台南市,東區,崇善里,2023-07-03,0
台南市,東區,崇善里,2023-07-10,1
台南市,東區,崇善里,2023-07-17,0
台南市,東區,崇善里,2023-07-24,0
台南市,東區,崇善里,2023-07-31,4
台南市,東區,崇善里,2023-08-07,5
台南市,東區,崇善里,2023-08-14,8
台南市,東區,崇善里,2023-08-21,5
台南市,東區,崇善里,2023-08-28,9
台南市,東區,崇善里,2023-09-04,7
台南市,東區,崇善里,2023-09-11,13
台南市,東區,崇善里,2023-09-18,15
台南市,東區,崇善里,2023-09-25,9
台南市,東區,崇善里,2023-10-02,18
台南市,東區,崇善里,2023-10-09,16
台南市,東區,崇善里,2023-10-16,10
台南市,東區,崇善里,2023-10-23,21
台南市,東區,崇善里,2023-10-30,8
台南市,東區,崇善里,2023-11-06,10
台南市,東區,崇善里,2023-11-13,9
台南市,東區,崇善里,2023-11-20,4
台南市,東區,崇善里,2023-11-27,1
台南市,東區,崇善里,2023-12-04,0
台南市,東區,崇善里,2023-12-11,0
台南市,東區,崇善里,2023-12-18,0
台南市,東區,崇善里,2023-12-25,2
台南市,東區,崇善里,2024-01-01,0
台南市,東區,崇學里,2023-06-12,0
台南市,東區,崇學里,2023-06-19,0
台南市,東區,崇學里,2023-06-26,0
台南市,東區,崇學里,2023-07-03,0
台南市,東區,崇學里,2023-07-10,0
台南市,東區,崇學里,2023-07-17,1
台南市,東區,崇學里,2023-07-24,5
台南市,東區,崇學里,2023-07-31,3
台南市,東區,崇學里,2023-08-07,12
台南市,東區,崇學里,2023-08-14,8
台南市,東區,崇學里,2023-08-21,14
台南市,東區,崇學里,2023-08-28,4
台南市,東區,崇學里,2023-09-04,9
台南市,東區,崇學里,2023-09-11,12
台南市,東區,崇學里,2023-09-18,15
台南市,東區,崇學里,2023-09-25,12
台南市,東區,崇學里,2023-10-02,14
台南市,東區,崇學里,2023-10-09,9
台南市,東區,崇學里,2023-10-16,6
台南市,東區,崇學里,2023-10-23,2
台南市,東區,崇學里,2023-10-30,0
台南市,東區,崇學里,2023-11-06,2
台南市,東區,崇學里,2023-11-13,2
台南市,東區,崇學里,2023-11-20,0
台南市,東區,崇學里,2023-11-27,0
台南市,東區,崇學里,2023-12-04,1
台南市,東區,崇學里,2023-12-11,2
台南市,東區,崇學里,2023-12-18,1
台南市,東區,崇學里,2023-12-25,0
台南市,東區,崇學里,2024-01-01,0
台南市,東區,崇德里,2023-06-12,0
台南市,東區,崇德里,2023-06-19,0
台南市,東區,崇德里,2023-06-26,0
台南市,東區,崇德里,2023-07-03,0
台南市,東區,崇德里,2023-07-10,0
台南市,東區,崇德里,2023-07-17,3
台南市,東區,崇德里,2023-07-24,2
台南市,東區,崇德里,2023-07-31,3
台南市,東區,崇德里,2023-08-07,8
台南市,東區,崇德里,2023-08-14,17
台南市,東區,崇德里,2023-08-21,11
台南市,東區,崇德里,2023-08-28,19
台南市,東區,崇德里,2023-09-04,25
台南市,東區,崇德里,2023-09-11,18
台南市,東區,崇德里,2023-09-18,21
台南市,東區,崇德里,2023-09-25,15
台南市,東區,崇德里,2023-10-02,9
台南市,東區,崇德里,2023-10-09,14
台南市,東區,崇德里,2023-10-16,15
台南市,東區,崇德里,2023-10-23,7
台南市,東區,崇德里,2023-10-30,5
台南市,東區,崇德里,2023-11-06,3
台南市,東區,崇德里,2023-11-13,7
台南市,東區,崇德里,2023-11-20,1
台南市,東區,崇德里,2023-11-27,1
台南市,東區,崇德里,2023-12-04,1
台南市,東區,崇德里,2023-12-11,0
台南市,東區,崇德里,2023-12-18,1
台南市,東區,崇德里,2023-12-25,0
台南市,東區,崇德里,2024-01-01,0
台南市,東區,崇成里,2023-06-12,0
台南市,東區,崇成里,2023-06-19,0
台南市,東區,崇成里,2023-06-26,0
台南市,東區,崇成里,2023-07-03,0
台南市,東區,崇成里,2023-07-10,2
台南市,東區,崇成里,2023-07-17,1
台南市,東區,崇成里,2023-07-24,0
台南市,東區,崇成里,2023-07-31,3
台南市,東區,崇成里,2023-08-07,0
台南市,東區,崇成里,2023-08-14,0
台南市,東區,崇成里,2023-08-21,0
台南市,東區,崇成里,2023-08-28,4
台南市,東區,崇成里,2023-09-04,2
台南市,東區,崇成里,2023-09-11,7
台南市,東區,崇成里,2023-09-18,4
台南市,東區,崇成里,2023-09-25,5
台南市,東區,崇成里,2023-10-02,4
台南市,東區,崇成里,2023-10-09,7
台南市,東區,崇成里,2023-10-16,4
台南市,東區,崇成里,2023-10-23,4
台南市,東區,崇成里,2023-10-30,4
台南市,東區,崇成里,2023-11-06,5
台南市,東區,崇成里,2023-11-13,1
台南市,東區,崇成里,2023-11-20,0
台南市,東區,崇成里,2023-11-27,0
台南市,東區,崇成里,2023-12-04,0
台南市,東區,崇成里,2023-12-11,0
台南市,東區,崇成里,2023-12-18,0
台南市,東區,崇成里,2023-12-25,0
台南市,東區,崇成里,2024-01-01,0
台南市,東區,崇文里,2023-06-12,0
台南市,東區,崇文里,2023-06-19,0
台南市,東區,崇文里,2023-06-26,1
台南市,東區,崇文里,2023-07-03,0
台南市,東區,崇文里,2023-07-10,1
台南市,東區,崇文里,2023-07-17,3
台南市,東區,崇文里,2023-07-24,4
台南市,東區,崇文里,2023-07-31,2
台南市,東區,崇文里,2023-08-07,1
台南市,東區,崇文里,2023-08-14,4
台南市,東區,崇文里,2023-08-21,1
台南市,東區,崇文里,2023-08-28,3
台南市,東區,崇文里,2023-09-04,13
台南市,東區,崇文里,2023-09-11,13
台南市,東區,崇文里,2023-09-18,8
台南市,東區,崇文里,2023-09-25,6
台南市,東區,崇文里,2023-10-02,7
台南市,東區,崇文里,2023-10-09,7
台南市,東區,崇文里,2023-10-16,5
台南市,東區,崇文里,2023-10-23,7
台南市,東區,崇文里,2023-10-30,3
台南市,東區,崇文里,2023-11-06,3
台南市,東區,崇文里,2023-11-13,6
台南市,東區,崇文里,2023-11-20,2
台南市,東區,崇文里,2023-11-27,0
台南市,東區,崇文里,2023-12-04,0
台南市,東區,崇文里,2023-12-11,0
台南市,東區,崇文里,2023-12-18,0
台南市,東區,崇文里,2023-12-25,0
台南市,東區,崇文里,2024-01-01,0
台南市,東區,崇明里,2023-06-12,0
台南市,東區,崇明里,2023-06-19,0
台南市,東區,崇明里,2023-06-26,0
台南市,東區,崇明里,2023-07-03,0
台南市,東區,崇明里,2023-07-10,0
台南市,東區,崇明里,2023-07-17,2
台南市,東區,崇明里,2023-07-24,0
台南市,東區,崇明里,2023-07-31,1
台南市,東區,崇明里,2023-08-07,0
台南市,東區,崇明里,2023-08-14,1
台南市,東區,崇明里,2023-08-21,2
台南市,東區,崇明里,2023-08-28,2
台南市,東區,崇明里,2023-09-04,0
台南市,東區,崇明里,2023-09-11,8
台南市,東區,崇明里,2023-09-18,3
台南市,東區,崇明里,2023-09-25,2
台南市,東區,崇明里,2023-10-02,6
台南市,東區,崇明里,2023-10-09,6
台南市,東區,崇明里,2023-10-16,5
台南市,東區,崇明里,2023-10-23,2
台南市,東區,崇明里,2023-10-30,2
台南市,東區,崇明里,2023-11-06,3
台南市,東區,崇明里,2023-11-13,5
台南市,東區,崇明里,2023-11-20,1
台南市,東區,崇明里,2023-11-27,1
台南市,東區,崇明里,2023-12-04,0
台南市,東區,崇明里,2023-12-11,1
台南市,東區,崇明里,2023-12-18,0
台南市,東區,崇明里,2023-12-25,0
台南市,東區,崇明里,2024-01-01,0
台南市,東區,崇誨里,2023-06-12,0
台南市,東區,崇誨里,2023-06-19,0
台南市,東區,崇誨里,2023-06-26,1
台南市,東區,崇誨里,2023-07-03,0
台南市,東區,崇誨里,2023-07-10,0
台南市,東區,崇誨里,2023-07-17,0
台南市,東區,崇誨里,2023-07-24,0
台南市,東區,崇誨里,2023-07-31,0
台南市,東區,崇誨里,2023-08-07,0
台南市,東區,崇誨里,2023-08-14,2
台南市,東區,崇誨里,2023-08-21,1
台南市,東區,崇誨里,2023-08-28,2
台南市,東區,崇誨里,2023-09-04,1
台南市,東區,崇誨里,2023-09-11,8
台南市,東區,崇誨里,2023-09-18,4
台南市,東區,崇誨里,2023-09-25,5
台南市,東區,崇誨里,2023-10-02,18
台南市,東區,崇誨里,2023-10-09,14
台南市,東區,崇誨里,2023-10-16,10
台南市,東區,崇誨里,2023-10-23,8
台南市,東區,崇誨里,2023-10-30,4
台南市,東區,崇誨里,2023-11-06,2
台南市,東區,崇誨里,2023-11-13,4
台南市,東區,崇誨里,2023-11-20,3
台南市,東區,崇誨里,2023-11-27,1
台南市,東區,崇誨里,2023-12-04,1
台南市,東區,崇誨里,2023-12-11,0
台南市,東區,崇誨里,2023-12-18,0
台南市,東區,崇誨里,2023-12-25,0
台南市,東區,崇誨里,2024-01-01,0
台南市,東區,後甲里,2023-06-12,0
台南市,東區,後甲里,2023-06-19,0
台南市,東區,後甲里,2023-06-26,0
台南市,東區,後甲里,2023-07-03,0
台南市,東區,後甲里,2023-07-10,0
台南市,東區,後甲里,2023-07-17,1
台南市,東區,後甲里,2023-07-24,0
台南市,東區,後甲里,2023-07-31,0
台南市,東區,後甲里,2023-08-07,0
台南市,東區,後甲里,2023-08-14,1
台南市,東區,後甲里,2023-08-21,1
台南市,東區,後甲里,2023-08-28,0
台南市,東區,後甲里,2023-09-04,0
台南市,東區,後甲里,2023-09-11,4
台南市,東區,後甲里,2023-09-18,6
台南市,東區,後甲里,2023-09-25,6
台南市,東區,後甲里,2023-10-02,9
台南市,東區,後甲里,2023-10-09,15
台南市,東區,後甲里,2023-10-16,7
台南市,東區,後甲里,2023-10-23,21
台南市,東區,後甲里,2023-10-30,27
台南市,東區,後甲里,2023-11-06,19
台南市,東區,後甲里,2023-11-13,5
台南市,東區,後甲里,2023-11-20,8
台南市,東區,後甲里,2023-11-27,4
台南市,東區,後甲里,2023-12-04,0
台南市,東區,後甲里,2023-12-11,1
台南市,東區,後甲里,2023-12-18,0
台南市,東區,後甲里,2023-12-25,0
台南市,東區,後甲里,2024-01-01,0
台南市,東區,復興里,2023-06-12,0
台南市,東區,復興里,2023-06-19,0
台南市,東區,復興里,2023-06-26,0
台南市,東區,復興里,2023-07-03,0
台南市,東區,復興里,2023-07-10,0
台南市,東區,復興里,2023-07-17,0
台南市,東區,復興里,2023-07-24,2
台南市,東區,復興里,2023-07-31,1
台南市,東區,復興里,2023-08-07,1
台南市,東區,復興里,2023-08-14,0
台南市,東區,復興里,2023-08-21,3
台南市,東區,復興里,2023-08-28,5
台南市,東區,復興里,2023-09-04,11
台南市,東區,復興里,2023-09-11,24
台南市,東區,復興里,2023-09-18,20
台南市,東區,復興里,2023-09-25,23
台南市,東區,復興里,2023-10-02,19
台南市,東區,復興里,2023-10-09,19
台南市,東區,復興里,2023-10-16,16
台南市,東區,復興里,2023-10-23,21
台南市,東區,復興里,2023-10-30,18
台南市,東區,復興里,2023-11-06,12
台南市,東區,復興里,2023-11-13,13
台南市,東區,復興里,2023-11-20,3
台南市,東區,復興里,2023-11-27,1
台南市,東區,復興里,2023-12-04,0
台南市,東區,復興里,2023-12-11,0
台南市,東區,復興里,2023-12-18,1
台南市,東區,復興里,2023-12-25,0
台南市,東區,復興里,2024-01-01,0
台南市,東區,德光里,2023-06-12,0
台南市,東區,德光里,2023-06-19,1
台南市,東區,德光里,2023-06-26,0
台南市,東區,德光里,2023-07-03,0
台南市,東區,德光里,2023-07-10,0
台南市,東區,德光里,2023-07-17,2
台南市,東區,德光里,2023-07-24,1
台南市,東區,德光里,2023-07-31,4
台南市,東區,德光里,2023-08-07,6
台南市,東區,德光里,2023-08-14,10
台南市,東區,德光里,2023-08-21,9
台南市,東區,德光里,2023-08-28,9
台南市,東區,德光里,2023-09-04,15
台南市,東區,德光里,2023-09-11,24
台南市,東區,德光里,2023-09-18,7
台南市,東區,德光里,2023-09-25,7
台南市,東區,德光里,2023-10-02,11
台南市,東區,德光里,2023-10-09,2
台南市,東區,德光里,2023-10-16,7
台南市,東區,德光里,2023-10-23,2
台南市,東區,德光里,2023-10-30,2
台南市,東區,德光里,2023-11-06,4
台南市,東區,德光里,2023-11-13,1
台南市,東區,德光里,2023-11-20,1
台南市,東區,德光里,2023-11-27,0
台南市,東區,德光里,2023-12-04,0
台南市,東區,德光里,2023-12-11,0
台南市,東區,德光里,2023-12-18,0
台南市,東區,德光里,2023-12-25,0
台南市,東區,德光里,2024-01-01,0
台南市,東區,德高里,2023-06-12,0
台南市,東區,德高里,2023-06-19,0
台南市,東區,德高里,2023-06-26,0
台南市,東區,德高里,2023-07-03,0
台南市,東區,德高里,2023-07-10,3
台南市,東區,德高里,2023-07-17,0
台南市,東區,德高里,2023-07-24,3
台南市,東區,德高里,2023-07-31,0
台南市,東區,德高里,2023-08-07,1
台南市,東區,德高里,2023-08-14,1
台南市,東區,德高里,2023-08-21,5
台南市,東區,德高里,2023-08-28,8
台南市,東區,德高里,2023-09-04,12
台南市,東區,德高里,2023-09-11,10
台南市,東區,德高里,2023-09-18,7
台南市,東區,德高里,2023-09-25,5
台南市,東區,德高里,2023-10-02,11
台南市,東區,德高里,2023-10-09,15
台南市,東區,德高里,2023-10-16,7
台南市,東區,德高里,2023-10-23,8
台南市,東區,德高里,2023-10-30,4
台南市,東區,德高里,2023-11-06,5
台南市,東區,德高里,2023-11-13,4
台南市,東區,德高里,2023-11-20,4
台南市,東區,德高里,2023-11-27,1
台南市,東區,德高里,2023-12-04,0
台南市,東區,德高里,2023-12-11,1
台南市,東區,德高里,2023-12-18,0
台南市,東區,德高里,2023-12-25,0
台南市,東區,德高里,2024-01-01,0
台南市,東區,忠孝里,2023-06-12,0
台南市,東區,忠孝里,2023-06-19,0
台南市,東區,忠孝里,2023-06-26,0
台南市,東區,忠孝里,2023-07-03,0
台南市,東區,忠孝里,2023-07-10,0
台南市,東區,忠孝里,2023-07-17,0
台南市,東區,忠孝里,2023-07-24,1
台南市,東區,忠孝里,2023-07-31,2
台南市,東區,忠孝里,2023-08-07,0
台南市,東區,忠孝里,2023-08-14,1
台南市,東區,忠孝里,2023-08-21,1
台南市,東區,忠孝里,2023-08-28,8
台南市,東區,忠孝里,2023-09-04,5
台南市,東區,忠孝里,2023-09-11,15
台南市,東區,忠孝里,2023-09-18,13
台南市,東區,忠孝里,2023-09-25,1
台南市,東區,忠孝里,2023-10-02,11
台南市,東區,忠孝里,2023-10-09,8
台南市,東區,忠孝里,2023-10-16,5
台南市,東區,忠孝里,2023-10-23,10
台南市,東區,忠孝里,2023-10-30,8
台南市,東區,忠孝里,2023-11-06,7
台南市,東區,忠孝里,2023-11-13,1
台南市,東區,忠孝里,2023-11-20,0
台南市,東區,忠孝里,2023-11-27,0
台南市,東區,忠孝里,2023-12-04,3
台南市,東區,忠孝里,2023-12-11,0
台南市,東區,忠孝里,2023-12-18,0
台南市,東區,忠孝里,2023-12-25,0
台南市,東區,忠孝里,2024-01-01,0
台南市,東區,成大里,2023-06-12,0
台南市,東區,成大里,2023-06-19,0
台南市,東區,成大里,2023-06-26,0
台南市,東區,成大里,2023-07-03,0
台南市,東區,成大里,2023-07-10,0
台南市,東區,成大里,2023-07-17,0
台南市,東區,成大里,2023-07-24,0
台南市,東區,成大里,2023-07-31,0
台南市,東區,成大里,2023-08-07,1
台南市,東區,成大里,2023-08-14,1
台南市,東區,成大里,2023-08-21,0
台南市,東區,成大里,2023-08-28,1
台南市,東區,成大里,2023-09-04,2
台南市,東區,成大里,2023-09-11,1
台南市,東區,成大里,2023-09-18,6
台南市,東區,成大里,2023-09-25,3
台南市,東區,成大里,2023-10-02,5
台南市,東區,成大里,2023-10-09,10
台南市,東區,成大里,2023-10-16,4
台南市,東區,成大里,2023-10-23,5
台南市,東區,成大里,2023-10-30,6
台南市,東區,成大里,2023-11-06,8
台南市,東區,成大里,2023-11-13,3
台南市,東區,成大里,2023-11-20,3
台南市,東區,成大里,2023-11-27,0
台南市,東區,成大里,2023-12-04,0
台南市,東區,成大里,2023-12-11,0
台南市,東區,成大里,2023-12-18,0
台南市,東區,成大里,2023-12-25,0
台南市,東區,成大里,2024-01-01,0
台南市,東區,文聖里,2023-06-12,0
台南市,東區,文聖里,2023-06-19,0
台南市,東區,文聖里,2023-06-26,0
台南市,東區,文聖里,2023-07-03,0
台南市,東區,文聖里,2023-07-10,1
台南市,東區,文聖里,2023-07-17,0
台南市,東區,文聖里,2023-07-24,2
台南市,東區,文聖里,2023-07-31,0
台南市,東區,文聖里,2023-08-07,0
台南市,東區,文聖里,2023-08-14,0
台南市,東區,文聖里,2023-08-21,1
台南市,東區,文聖里,2023-08-28,1
台南市,東區,文聖里,2023-09-04,0
台南市,東區,文聖里,2023-09-11,7
台南市,東區,文聖里,2023-09-18,6
台南市,東區,文聖里,2023-09-25,7
台南市,東區,文聖里,2023-10-02,8
台南市,東區,文聖里,2023-10-09,10
台南市,東區,文聖里,2023-10-16,4
台南市,東區,文聖里,2023-10-23,7
台南市,東區,文聖里,2023-10-30,4
台南市,東區,文聖里,2023-11-06,3
台南市,東區,文聖里,2023-11-13,1
台南市,東區,文聖里,2023-11-20,2
台南市,東區,文聖里,2023-11-27,1
台南市,東區,文聖里,2023-12-04,1
台南市,東區,文聖里,2023-12-11,0
台南市,東區,文聖里,2023-12-18,0
台南市,東區,文聖里,2023-12-25,0
台南市,東區,文聖里,2024-01-01,0
台南市,東區,東光里,2023-06-12,0
台南市,東區,東光里,2023-06-19,0
台南市,東區,東光里,2023-06-26,0
台南市,東區,東光里,2023-07-03,1
台南市,東區,東光里,2023-07-10,0
台南市,東區,東光里,2023-07-17,0
台南市,東區,東光里,2023-07-24,2
台南市,東區,東光里,2023-07-31,0
台南市,東區,東光里,2023-08-07,2
台南市,東區,東光里,2023-08-14,1
台南市,東區,東光里,2023-08-21,0
台南市,東區,東光里,2023-08-28,1
台南市,東區,東光里,2023-09-04,3
台南市,東區,東光里,2023-09-11,7
台南市,東區,東光里,2023-09-18,5
台南市,東區,東光里,2023-09-25,5
台南市,東區,東光里,2023-10-02,5
台南市,東區,東光里,2023-10-09,13
台南市,東區,東光里,2023-10-16,11
台南市,東區,東光里,2023-10-23,6
台南市,東區,東光里,2023-10-30,4
台南市,東區,東光里,2023-11-06,10
台南市,東區,東光里,2023-11-13,4
台南市,東區,東光里,2023-11-20,2
台南市,東區,東光里,2023-11-27,2
台南市,東區,東光里,2023-12-04,0
台南市,東區,東光里,2023-12-11,0
台南市,東區,東光里,2023-12-18,0
台南市,東區,東光里,2023-12-25,0
台南市,東區,東光里,2024-01-01,0
台南市,東區,東安里,2023-06-12,0
台南市,東區,東安里,2023-06-19,0
台南市,東區,東安里,2023-06-26,0
台南市,東區,東安里,2023-07-03,0
台南市,東區,東安里,2023-07-10,0
台南市,東區,東安里,2023-07-17,0
台南市,東區,東安里,2023-07-24,0
台南市,東區,東安里,2023-07-31,1
台南市,東區,東安里,2023-08-07,0
台南市,東區,東安里,2023-08-14,0
台南市,東區,東安里,2023-08-21,0
台南市,東區,東安里,2023-08-28,0
台南市,東區,東安里,2023-09-04,3
台南市,東區,東安里,2023-09-11,4
台南市,東區,東安里,2023-09-18,1
台南市,東區,東安里,2023-09-25,1
台南市,東區,東安里,2023-10-02,1
台南市,東區,東安里,2023-10-09,4
台南市,東區,東安里,2023-10-16,4
台南市,東區,東安里,2023-10-23,3
台南市,東區,東安里,2023-10-30,2
台南市,東區,東安里,2023-11-06,3
台南市,東區,東安里,2023-11-13,0
台南市,東區,東安里,2023-11-20,0
台南市,東區,東安里,2023-11-27,0
台南市,東區,東安里,2023-12-04,0
台南市,東區,東安里,2023-12-11,0
台南市,東區,東安里,2023-12-18,0
台南市,東區,東安里,2023-12-25,0
台南市,東區,東安里,2024-01-01,0
台南市,東區,東明里,2023-06-12,0
台南市,東區,東明里,2023-06-19,0
台南市,東區,東明里,2023-06-26,0
台南市,東區,東明里,2023-07-03,1
台南市,東區,東明里,2023-07-10,0
台南市,東區,東明里,2023-07-17,0
台南市,東區,東明里,2023-07-24,0
台南市,東區,東明里,2023-07-31,0
台南市,東區,東明里,2023-08-07,1
台南市,東區,東明里,2023-08-14,0
台南市,東區,東明里,2023-08-21,0
台南市,東區,東明里,2023-08-28,0
台南市,東區,東明里,2023-09-04,2
台南市,東區,東明里,2023-09-11,4
台南市,東區,東明里,2023-09-18,1
台南市,東區,東明里,2023-09-25,7
台南市,東區,東明里,2023-10-02,13
台南市,東區,東明里,2023-10-09,17
台南市,東區,東明里,2023-10-16,19
台南市,東區,東明里,2023-10-23,11
台南市,東區,東明里,2023-10-30,4
台南市,東區,東明里,2023-11-06,4
台南市,東區,東明里,2023-11-13,2
台南市,東區,東明里,2023-11-20,3
台南市,東區,東明里,2023-11-27,0
台南市,東區,東明里,2023-12-04,0
台南市,東區,東明里,2023-12-11,0
台南市,東區,東明里,2023-12-18,0
台南市,東區,東明里,2023-12-25,0
台南市,東區,東明里,2024-01-01,0
台南市,東區,東智里,2023-06-12,0
台南市,東區,東智里,2023-06-19,2
台南市,東區,東智里,2023-06-26,5
台南市,東區,東智里,2023-07-03,21
台南市,東區,東智里,2023-07-10,18
台南市,東區,東智里,2023-07-17,9
台南市,東區,東智里,2023-07-24,1
台南市,東區,東智里,2023-07-31,1
台南市,東區,東智里,2023-08-07,2
台南市,東區,東智里,2023-08-14,0
台南市,東區,東智里,2023-08-21,0
台南市,東區,東智里,2023-08-28,1
台南市,東區,東智里,2023-09-04,6
台南市,東區,東智里,2023-09-11,6
台南市,東區,東智里,2023-09-18,1
台南市,東區,東智里,2023-09-25,10
台南市,東區,東智里,2023-10-02,6
台南市,東區,東智里,2023-10-09,3
台南市,東區,東智里,2023-10-16,3
台南市,東區,東智里,2023-10-23,2
台南市,東區,東智里,2023-10-30,4
台南市,東區,東智里,2023-11-06,5
台南市,東區,東智里,2023-11-13,4
台南市,東區,東智里,2023-11-20,4
台南市,東區,東智里,2023-11-27,4
台南市,東區,東智里,2023-12-04,1
台南市,東區,東智里,2023-12-11,1
台南市,東區,東智里,2023-12-18,0
台南市,東區,東智里,2023-12-25,0
台南市,東區,東智里,2024-01-01,1
台南市,東區,東聖里,2023-06-12,0
台南市,東區,東聖里,2023-06-19,0
台南市,東區,東聖里,2023-06-26,0
台南市,東區,東聖里,2023-07-03,0
台南市,東區,東聖里,2023-07-10,0
台南市,東區,東聖里,2023-07-17,0
台南市,東區,東聖里,2023-07-24,0
台南市,東區,東聖里,2023-07-31,0
台南市,東區,東聖里,2023-08-07,0
台南市,東區,東聖里,2023-08-14,4
台南市,東區,東聖里,2023-08-21,1
台南市,東區,東聖里,2023-08-28,2
台南市,東區,東聖里,2023-09-04,6
台南市,東區,東聖里,2023-09-11,14
台南市,東區,東聖里,2023-09-18,20
台南市,東區,東聖里,2023-09-25,18
台南市,東區,東聖里,2023-10-02,10
台南市,東區,東聖里,2023-10-09,8
台南市,東區,東聖里,2023-10-16,2
台南市,東區,東聖里,2023-10-23,6
台南市,東區,東聖里,2023-10-30,4
台南市,東區,東聖里,2023-11-06,3
台南市,東區,東聖里,2023-11-13,2
台南市,東區,東聖里,2023-11-20,1
台南市,東區,東聖里,2023-11-27,5
台南市,東區,東聖里,2023-12-04,1
台南市,東區,東聖里,2023-12-11,1
台南市,東區,東聖里,2023-12-18,0
台南市,東區,東聖里,2023-12-25,0
台南市,東區,東聖里,2024-01-01,0
台南市,東區,東門里,2023-06-12,0
台南市,東區,東門里,2023-06-19,0
台南市,東區,東門里,2023-06-26,0
台南市,東區,東門里,2023-07-03,0
台南市,東區,東門里,2023-07-10,0
台南市,東區,東門里,2023-07-17,0
台南市,東區,東門里,2023-07-24,1
台南市,東區,東門里,2023-07-31,1
台南市,東區,東門里,2023-08-07,0
台南市,東區,東門里,2023-08-14,0
台南市,東區,東門里,2023-08-21,0
台南市,東區,東門里,2023-08-28,0
台南市,東區,東門里,2023-09-04,1
台南市,東區,東門里,2023-09-11,1
台南市,東區,東門里,2023-09-18,1
台南市,東區,東門里,2023-09-25,0
台南市,東區,東門里,2023-10-02,1
台南市,東區,東門里,2023-10-09,4
台南市,東區,東門里,2023-10-16,4
台南市,東區,東門里,2023-10-23,5
台南市,東區,東門里,2023-10-30,0
台南市,東區,東門里,2023-11-06,1
台南市,東區,東門里,2023-11-13,0
台南市,東區,東門里,2023-11-20,2
台南市,東區,東門里,2023-11-27,1
台南市,東區,東門里,2023-12-04,0
台南市,東區,東門里,2023-12-11,0
台南市,東區,東門里,2023-12-18,0
台南市,東區,東門里,2023-12-25,0
台南市,東區,東門里,2024-01-01,0
台南市,東區,泉南里,2023-06-12,0
台南市,東區,泉南里,2023-06-19,0
台南市,東區,泉南里,2023-06-26,0
台南市,東區,泉南里,2023-07-03,0
台南市,東區,泉南里,2023-07-10,0
台南市,東區,泉南里,2023-07-17,0
台南市,東區,泉南里,2023-07-24,0
台南市,東區,泉南里,2023-07-31,0
台南市,東區,泉南里,2023-08-07,0
台南市,東區,泉南里,2023-08-14,3
台南市,東區,泉南里,2023-08-21,3
台南市,東區,泉南里,2023-08-28,5
台南市,東區,泉南里,2023-09-04,9
台南市,東區,泉南里,2023-09-11,5
台南市,東區,泉南里,2023-09-18,17
台南市,東區,泉南里,2023-09-25,19
台南市,東區,泉南里,2023-10-02,11
台南市,東區,泉南里,2023-10-09,5
台南市,東區,泉南里,2023-10-16,4
台南市,東區,泉南里,2023-10-23,9
台南市,東區,泉南里,2023-10-30,11
台南市,東區,泉南里,2023-11-06,5
台南市,東區,泉南里,2023-11-13,7
台南市,東區,泉南里,2023-11-20,4
台南市,東區,泉南里,2023-11-27,4
台南市,東區,泉南里,2023-12-04,2
台南市,東區,泉南里,2023-12-11,0
台南市,東區,泉南里,2023-12-18,0
台南市,東區,泉南里,2023-12-25,1
台南市,東區,泉南里,2024-01-01,0
台南市,東區,自強里,2023-06-12,0
台南市,東區,自強里,2023-06-19,0
台南市,東區,自強里,2023-06-26,0
台南市,東區,自強里,2023-07-03,0
台南市,東區,自強里,2023-07-10,0
台南市,東區,自強里,2023-07-17,0
台南市,東區,自強里,2023-07-24,0
台南市,東區,自強里,2023-07-31,2
台南市,東區,自強里,2023-08-07,2
台南市,東區,自強里,2023-08-14,1
台南市,東區,自強里,2023-08-21,3
台南市,東區,自強里,2023-08-28,16
台南市,東區,自強里,2023-09-04,24
台南市,東區,自強里,2023-09-11,36
台南市,東區,自強里,2023-09-18,19
台南市,東區,自強里,2023-09-25,17
台南市,東區,自強里,2023-10-02,23
台南市,東區,自強里,2023-10-09,18
台南市,東區,自強里,2023-10-16,11
台南市,東區,自強里,2023-10-23,10
台南市,東區,自強里,2023-10-30,7
台南市,東區,自強里,2023-11-06,7
台南市,東區,自強里,2023-11-13,3
台南市,東區,自強里,2023-11-20,4
台南市,東區,自強里,2023-11-27,1
台南市,東區,自強里,2023-12-04,1
台南市,東區,自強里,2023-12-11,1
台南市,東區,自強里,2023-12-18,0
台南市,東區,自強里,2023-12-25,0
台南市,東區,自強里,2024-01-01,0
台南市,東區,莊敬里,2023-06-12,0
台南市,東區,莊敬里,2023-06-19,0
台南市,東區,莊敬里,2023-06-26,1
台南市,東區,莊敬里,2023-07-03,0
台南市,東區,莊敬里,2023-07-10,0
台南市,東區,莊敬里,2023-07-17,1
台南市,東區,莊敬里,2023-07-24,0
台南市,東區,莊敬里,2023-07-31,0
台南市,東區,莊敬里,2023-08-07,0
台南市,東區,莊敬里,2023-08-14,5
台南市,東區,莊敬里,2023-08-21,0
台南市,東區,莊敬里,2023-08-28,3
台南市,東區,莊敬里,2023-09-04,2
台南市,東區,莊敬里,2023-09-11,7
台南市,東區,莊敬里,2023-09-18,12
台南市,東區,莊敬里,2023-09-25,5
台南市,東區,莊敬里,2023-10-02,16
台南市,東區,莊敬里,2023-10-09,22
台南市,東區,莊敬里,2023-10-16,15
台南市,東區,莊敬里,2023-10-23,3
台南市,東區,莊敬里,2023-10-30,4
台南市,東區,莊敬里,2023-11-06,8
台南市,東區,莊敬里,2023-11-13,4
台南市,東區,莊敬里,2023-11-20,3
台南市,東區,莊敬里,2023-11-27,4
台南市,東區,莊敬里,2023-12-04,0
台南市,東區,莊敬里,2023-12-11,0
台南市,東區,莊敬里,2023-12-18,0
台南市,東區,莊敬里,2023-12-25,0
台南市,東區,莊敬里,2024-01-01,0
台南市,東區,虎尾里,2023-06-12,0
台南市,東區,虎尾里,2023-06-19,0
台南市,東區,虎尾里,2023-06-26,0
台南市,東區,虎尾里,2023-07-03,0
台南市,東區,虎尾里,2023-07-10,0
台南市,東區,虎尾里,2023-07-17,0
台南市,東區,虎尾里,2023-07-24,0
台南市,東區,虎尾里,2023-07-31,0
台南市,東區,虎尾里,2023-08-07,1
台南市,東區,虎尾里,2023-08-14,2
台南市,東區,虎尾里,2023-08-21,5
台南市,東區,虎尾里,2023-08-28,6
台南市,東區,虎尾里,2023-09-04,10
台南市,東區,虎尾里,2023-09-11,20
台南市,東區,虎尾里,2023-09-18,23
台南市,東區,虎尾里,2023-09-25,15
台南市,東區,虎尾里,2023-10-02,18
台南市,東區,虎尾里,2023-10-09,12
台南市,東區,虎尾里,2023-10-16,10
台南市,東區,虎尾里,2023-10-23,10
台南市,東區,虎尾里,2023-10-30,7
台南市,東區,虎尾里,2023-11-06,7
台南市,東區,虎尾里,2023-11-13,10
台南市,東區,虎尾里,2023-11-20,4
台南市,東區,虎尾里,2023-11-27,2
台南市,東區,虎尾里,2023-12-04,1
台南市,東區,虎尾里,2023-12-11,0
台南市,東區,虎尾里,2023-12-18,0
台南市,東區,虎尾里,2023-12-25,0
台南市,東區,虎尾里,2024-01-01,0
台南市,東區,衛國里,2023-06-12,0
台南市,東區,衛國里,2023-06-19,0
台南市,東區,衛國里,2023-06-26,0
台南市,東區,衛國里,2023-07-03,0
台南市,東區,衛國里,2023-07-10,0
台南市,東區,衛國里,2023-07-17,0
台南市,東區,衛國里,2023-07-24,0
台南市,東區,衛國里,2023-07-31,0
台南市,東區,衛國里,2023-08-07,0
台南市,東區,衛國里,2023-08-14,0
台南市,東區,衛國里,2023-08-21,2
台南市,東區,衛國里,2023-08-28,2
台南市,東區,衛國里,2023-09-04,2
台南市,東區,衛國里,2023-09-11,7
台南市,東區,衛國里,2023-09-18,0
台南市,東區,衛國里,2023-09-25,2
台南市,東區,衛國里,2023-10-02,5
台南市,東區,衛國里,2023-10-09,6
台南市,東區,衛國里,2023-10-16,6
台南市,東區,衛國里,2023-10-23,1
台南市,東區,衛國里,2023-10-30,3
台南市,東區,衛國里,2023-11-06,3
台南市,東區,衛國里,2023-11-13,2
台南市,東區,衛國里,2023-11-20,0
台南市,東區,衛國里,2023-11-27,0
台南市,東區,衛國里,2023-12-04,0
台南市,東區,衛國里,2023-12-11,0
台南市,東區,衛國里,2023-12-18,0
台南市,東區,衛國里,2023-12-25,0
台南市,東區,衛國里,2024-01-01,0
台南市,東區,裕聖里,2023-06-12,0
台南市,東區,裕聖里,2023-06-19,0
台南市,東區,裕聖里,2023-06-26,0
台南市,東區,裕聖里,2023-07-03,0
台南市,東區,裕聖里,2023-07-10,0
台南市,東區,裕聖里,2023-07-17,0
台南市,東區,裕聖里,2023-07-24,2
台南市,東區,裕聖里,2023-07-31,0
台南市,東區,裕聖里,2023-08-07,1
台南市,東區,裕聖里,2023-08-14,1
台南市,東區,裕聖里,2023-08-21,1
台南市,東區,裕聖里,2023-08-28,1
台南市,東區,裕聖里,2023-09-04,0
台南市,東區,裕聖里,2023-09-11,4
台南市,東區,裕聖里,2023-09-18,5
台南市,東區,裕聖里,2023-09-25,3
台南市,東區,裕聖里,2023-10-02,3
台南市,東區,裕聖里,2023-10-09,6
台南市,東區,裕聖里,2023-10-16,1
台南市,東區,裕聖里,2023-10-23,0
台南市,東區,裕聖里,2023-10-30,1
台南市,東區,裕聖里,2023-11-06,1
台南市,東區,裕聖里,2023-11-13,2
台南市,東區,裕聖里,2023-11-20,1
台南市,東區,裕聖里,2023-11-27,0
台南市,東區,裕聖里,2023-12-04,0
台南市,東區,裕聖里,2023-12-11,0
台南市,東區,裕聖里,2023-12-18,1
台南市,東區,裕聖里,2023-12-25,0
台南市,東區,裕聖里,2024-01-01,0
台南市,東區,裕農里,2023-06-12,0
台南市,東區,裕農里,2023-06-19,0
台南市,東區,裕農里,2023-06-26,0
台南市,東區,裕農里,2023-07-03,0
台南市,東區,裕農里,2023-07-10,0
台南市,東區,裕農里,2023-07-17,0
台南市,東區,裕農里,2023-07-24,0
台南市,東區,裕農里,2023-07-31,3
台南市,東區,裕農里,2023-08-07,0
台南市,東區,裕農里,2023-08-14,4
台南市,東區,裕農里,2023-08-21,5
台南市,東區,裕農里,2023-08-28,6
台南市,東區,裕農里,2023-09-04,4
台南市,東區,裕農里,2023-09-11,17
台南市,東區,裕農里,2023-09-18,11
台南市,東區,裕農里,2023-09-25,15
台南市,東區,裕農里,2023-10-02,21
台南市,東區,裕農里,2023-10-09,19
台南市,東區,裕農里,2023-10-16,11
台南市,東區,裕農里,2023-10-23,14
台南市,東區,裕農里,2023-10-30,6
台南市,東區,裕農里,2023-11-06,9
台南市,東區,裕農里,2023-11-13,2
台南市,東區,裕農里,2023-11-20,3
台南市,東區,裕農里,2023-11-27,1
台南市,東區,裕農里,2023-12-04,0
台南市,東區,裕農里,2023-12-11,1
台南市,東區,裕農里,2023-12-18,0
台南市,東區,裕農里,2023-12-25,0
台南市,東區,裕農里,2024-01-01,0
台南市,東區,路東里,2023-06-12,0
台南市,東區,路東里,2023-06-19,0
台南市,東區,路東里,2023-06-26,0
台南市,東區,路東里,2023-07-03,0
台南市,東區,路東里,2023-07-10,0
台南市,東區,路東里,2023-07-17,0
台南市,東區,路東里,2023-07-24,0
台南市,東區,路東里,2023-07-31,0
台南市,東區,路東里,2023-08-07,0
台南市,東區,路東里,2023-08-14,0
台南市,東區,路東里,2023-08-21,0
台南市,東區,路東里,2023-08-28,2
台南市,東區,路東里,2023-09-04,0
台南市,東區,路東里,2023-09-11,2
台南市,東區,路東里,2023-09-18,2
台南市,東區,路東里,2023-09-25,4
台南市,東區,路東里,2023-10-02,3
台南市,東區,路東里,2023-10-09,3
台南市,東區,路東里,2023-10-16,5
台南市,東區,路東里,2023-10-23,3
台南市,東區,路東里,2023-10-30,2
台南市,東區,路東里,2023-11-06,0
台南市,東區,路東里,2023-11-13,0
台南市,東區,路東里,2023-11-20,1
台南市,東區,路東里,2023-11-27,0
台南市,東區,路東里,2023-12-04,0
台南市,東區,路東里,2023-12-11,0
台南市,東區,路東里,2023-12-18,0
台南市,東區,路東里,2023-12-25,0
台南市,東區,路東里,2024-01-01,0
台南市,東區,關聖里,2023-06-12,0
台南市,東區,關聖里,2023-06-19,0
台南市,東區,關聖里,2023-06-26,0
台南市,東區,關聖里,2023-07-03,0
台南市,東區,關聖里,2023-07-10,0
台南市,東區,關聖里,2023-07-17,0
台南市,東區,關聖里,2023-07-24,0
台南市,東區,關聖里,2023-07-31,1
台南市,東區,關聖里,2023-08-07,0
台南市,東區,關聖里,2023-08-14,1
台南市,東區,關聖里,2023-08-21,0
台南市,東區,關聖里,2023-08-28,2
台南市,東區,關聖里,2023-09-04,2
台南市,東區,關聖里,2023-09-11,11
台南市,東區,關聖里,2023-09-18,9
台南市,東區,關聖里,2023-09-25,10
台南市,東區,關聖里,2023-10-02,11
台南市,東區,關聖里,2023-10-09,5
台南市,東區,關聖里,2023-10-16,4
台南市,東區,關聖里,2023-10-23,12
台南市,東區,關聖里,2023-10-30,11
台南市,東區,關聖里,2023-11-06,4
台南市,東區,關聖里,2023-11-13,1
台南市,東區,關聖里,2023-11-20,0
台南市,東區,關聖里,2023-11-27,2
台南市,東區,關聖里,2023-12-04,1
台南市,東區,關聖里,2023-12-11,1
台南市,東區,關聖里,2023-12-18,1
台南市,東區,關聖里,2023-12-25,1
台南市,東區,關聖里,2024-01-01,0
台南市,東區,龍山里,2023-06-12,0
台南市,東區,龍山里,2023-06-19,0
台南市,東區,龍山里,2023-06-26,0
台南市,東區,龍山里,2023-07-03,1
台南市,東區,龍山里,2023-07-10,0
台南市,東區,龍山里,2023-07-17,0
台南市,東區,龍山里,2023-07-24,0
台南市,東區,龍山里,2023-07-31,2
台南市,東區,龍山里,2023-08-07,4
台南市,東區,龍山里,2023-08-14,5
台南市,東區,龍山里,2023-08-21,2
台南市,東區,龍山里,2023-08-28,1
台南市,東區,龍山里,2023-09-04,6
台南市,東區,龍山里,2023-09-11,15
台南市,東區,龍山里,2023-09-18,6
台南市,東區,龍山里,2023-09-25,9
台南市,東區,龍山里,2023-10-02,7
台南市,東區,龍山里,2023-10-09,8
台南市,東區,龍山里,2023-10-16,5
台南市,東區,龍山里,2023-10-23,4
台南市,東區,龍山里,2023-10-30,4
台南市,東區,龍山里,2023-11-06,1
台南市,東區,龍山里,2023-11-13,0
台南市,東區,龍山里,2023-11-20,1
台南市,東區,龍山里,2023-11-27,1
台南市,東區,龍山里,2023-12-04,0
台南市,東區,龍山里,2023-12-11,1
台南市,東區,龍山里,2023-12-18,0
台南市,東區,龍山里,2023-12-25,0
台南市,東區,龍山里,2024-01-01,0
台南市,東山區,三榮里,2023-06-12,0
台南市,東山區,三榮里,2023-06-19,0
台南市,東山區,三榮里,2023-06-26,0
台南市,東山區,三榮里,2023-07-03,0
台南市,東山區,三榮里,2023-07-10,0
台南市,東山區,三榮里,2023-07-17,0
台南市,東山區,三榮里,2023-07-24,0
台南市,東山區,三榮里,2023-07-31,0
台南市,東山區,三榮里,2023-08-07,0
台南市,東山區,三榮里,2023-08-14,0
台南市,東山區,三榮里,2023-08-21,0
台南市,東山區,三榮里,2023-08-28,0
台南市,東山區,三榮里,2023-09-04,0
台南市,東山區,三榮里,2023-09-11,0
台南市,東山區,三榮里,2023-09-18,0
台南市,東山區,三榮里,2023-09-25,0
台南市,東山區,三榮里,2023-10-02,0
台南市,東山區,三榮里,2023-10-09,0
台南市,東山區,三榮里,2023-10-16,0
台南市,東山區,三榮里,2023-10-23,0
台南市,東山區,三榮里,2023-10-30,0
台南市,東山區,三榮里,2023-11-06,0
台南市,東山區,三榮里,2023-11-13,0
台南市,東山區,三榮里,2023-11-20,0
台南市,東山區,三榮里,2023-11-27,0
台南市,東山區,三榮里,2023-12-04,0
台南市,東山區,三榮里,2023-12-11,0
台南市,東山區,三榮里,2023-12-18,0
台南市,東山區,三榮里,2023-12-25,0
台南市,東山區,三榮里,2024-01-01,0
台南市,東山區,大客里,2023-06-12,0
台南市,東山區,大客里,2023-06-19,0
台南市,東山區,大客里,2023-06-26,0
台南市,東山區,大客里,2023-07-03,0
台南市,東山區,大客里,2023-07-10,0
台南市,東山區,大客里,2023-07-17,0
台南市,東山區,大客里,2023-07-24,0
台南市,東山區,大客里,2023-07-31,0
台南市,東山區,大客里,2023-08-07,0
台南市,東山區,大客里,2023-08-14,0
台南市,東山區,大客里,2023-08-21,0
台南市,東山區,大客里,2023-08-28,0
台南市,東山區,大客里,2023-09-04,0
台南市,東山區,大客里,2023-09-11,0
台南市,東山區,大客里,2023-09-18,0
台南市,東山區,大客里,2023-09-25,0
台南市,東山區,大客里,2023-10-02,0
台南市,東山區,大客里,2023-10-09,0
台南市,東山區,大客里,2023-10-16,0
台南市,東山區,大客里,2023-10-23,0
台南市,東山區,大客里,2023-10-30,0
台南市,東山區,大客里,2023-11-06,0
台南市,東山區,大客里,2023-11-13,1
台南市,東山區,大客里,2023-11-20,0
台南市,東山區,大客里,2023-11-27,0
台南市,東山區,大客里,2023-12-04,0
台南市,東山區,大客里,2023-12-11,0
台南市,東山區,大客里,2023-12-18,0
台南市,東山區,大客里,2023-12-25,0
台南市,東山區,大客里,2024-01-01,0
台南市,東山區,東中里,2023-06-12,0
台南市,東山區,東中里,2023-06-19,0
台南市,東山區,東中里,2023-06-26,0
台南市,東山區,東中里,2023-07-03,0
台南市,東山區,東中里,2023-07-10,0
台南市,東山區,東中里,2023-07-17,0
台南市,東山區,東中里,2023-07-24,0
台南市,東山區,東中里,2023-07-31,0
台南市,東山區,東中里,2023-08-07,0
台南市,東山區,東中里,2023-08-14,0
台南市,東山區,東中里,2023-08-21,0
台南市,東山區,東中里,2023-08-28,0
台南市,東山區,東中里,2023-09-04,0
台南市,東山區,東中里,2023-09-11,0
台南市,東山區,東中里,2023-09-18,0
台南市,東山區,東中里,2023-09-25,0
台南市,東山區,東中里,2023-10-02,0
台南市,東山區,東中里,2023-10-09,0
台南市,東山區,東中里,2023-10-16,0
台南市,東山區,東中里,2023-10-23,0
台南市,東山區,東中里,2023-10-30,0
台南市,東山區,東中里,2023-11-06,0
台南市,東山區,東中里,2023-11-13,0
台南市,東山區,東中里,2023-11-20,0
台南市,東山區,東中里,2023-11-27,0
台南市,東山區,東中里,2023-12-04,0
台南市,東山區,東中里,2023-12-11,0
台南市,東山區,東中里,2023-12-18,0
台南市,東山區,東中里,2023-12-25,0
台南市,東山區,東中里,2024-01-01,0
台南市,東山區,東原里,2023-06-12,0
台南市,東山區,東原里,2023-06-19,0
台南市,東山區,東原里,2023-06-26,0
台南市,東山區,東原里,2023-07-03,0
台南市,東山區,東原里,2023-07-10,0
台南市,東山區,東原里,2023-07-17,0
台南市,東山區,東原里,2023-07-24,0
台南市,東山區,東原里,2023-07-31,0
台南市,東山區,東原里,2023-08-07,0
台南市,東山區,東原里,2023-08-14,0
台南市,東山區,東原里,2023-08-21,0
台南市,東山區,東原里,2023-08-28,0
台南市,東山區,東原里,2023-09-04,0
台南市,東山區,東原里,2023-09-11,0
台南市,東山區,東原里,2023-09-18,0
台南市,東山區,東原里,2023-09-25,0
台南市,東山區,東原里,2023-10-02,0
台南市,東山區,東原里,2023-10-09,0
台南市,東山區,東原里,2023-10-16,0
台南市,東山區,東原里,2023-10-23,0
台南市,東山區,東原里,2023-10-30,0
台南市,東山區,東原里,2023-11-06,0
台南市,東山區,東原里,2023-11-13,0
台南市,東山區,東原里,2023-11-20,0
台南市,東山區,東原里,2023-11-27,0
台南市,東山區,東原里,2023-12-04,0
台南市,東山區,東原里,2023-12-11,0
台南市,東山區,東原里,2023-12-18,0
台南市,東山區,東原里,2023-12-25,0
台南市,東山區,東原里,2024-01-01,0
台南市,東山區,東山里,2023-06-12,0
台南市,東山區,東山里,2023-06-19,0
台南市,東山區,東山里,2023-06-26,0
台南市,東山區,東山里,2023-07-03,0
台南市,東山區,東山里,2023-07-10,0
台南市,東山區,東山里,2023-07-17,0
台南市,東山區,東山里,2023-07-24,0
台南市,東山區,東山里,2023-07-31,0
台南市,東山區,東山里,2023-08-07,0
台南市,東山區,東山里,2023-08-14,0
台南市,東山區,東山里,2023-08-21,0
台南市,東山區,東山里,2023-08-28,0
台南市,東山區,東山里,2023-09-04,0
台南市,東山區,東山里,2023-09-11,0
台南市,東山區,東山里,2023-09-18,0
台南市,東山區,東山里,2023-09-25,0
台南市,東山區,東山里,2023-10-02,0
台南市,東山區,東山里,2023-10-09,0
台南市,東山區,東山里,2023-10-16,0
台南市,東山區,東山里,2023-10-23,0
台南市,東山區,東山里,2023-10-30,0
台南市,東山區,東山里,2023-11-06,0
台南市,東山區,東山里,2023-11-13,0
台南市,東山區,東山里,2023-11-20,0
台南市,東山區,東山里,2023-11-27,0
台南市,東山區,東山里,2023-12-04,0
台南市,東山區,東山里,2023-12-11,0
台南市,東山區,東山里,2023-12-18,0
台南市,東山區,東山里,2023-12-25,0
台南市,東山區,東山里,2024-01-01,0
台南市,東山區,東正里,2023-06-12,0
台南市,東山區,東正里,2023-06-19,0
台南市,東山區,東正里,2023-06-26,0
台南市,東山區,東正里,2023-07-03,0
台南市,東山區,東正里,2023-07-10,0
台南市,東山區,東正里,2023-07-17,0
台南市,東山區,東正里,2023-07-24,0
台南市,東山區,東正里,2023-07-31,0
台南市,東山區,東正里,2023-08-07,0
台南市,東山區,東正里,2023-08-14,0
台南市,東山區,東正里,2023-08-21,0
台南市,東山區,東正里,2023-08-28,0
台南市,東山區,東正里,2023-09-04,0
台南市,東山區,東正里,2023-09-11,0
台南市,東山區,東正里,2023-09-18,0
台南市,東山區,東正里,2023-09-25,0
台南市,東山區,東正里,2023-10-02,0
台南市,東山區,東正里,2023-10-09,0
台南市,東山區,東正里,2023-10-16,0
台南市,東山區,東正里,2023-10-23,0
台南市,東山區,東正里,2023-10-30,0
台南市,東山區,東正里,2023-11-06,0
台南市,東山區,東正里,2023-11-13,0
台南市,東山區,東正里,2023-11-20,0
台南市,東山區,東正里,2023-11-27,0
台南市,東山區,東正里,2023-12-04,0
台南市,東山區,東正里,2023-12-11,0
台南市,東山區,東正里,2023-12-18,0
台南市,東山區,東正里,2023-12-25,0
台南市,東山區,東正里,2024-01-01,0
台南市,東山區,東河里,2023-06-12,0
台南市,東山區,東河里,2023-06-19,0
台南市,東山區,東河里,2023-06-26,0
台南市,東山區,東河里,2023-07-03,0
台南市,東山區,東河里,2023-07-10,0
台南市,東山區,東河里,2023-07-17,0
台南市,東山區,東河里,2023-07-24,0
台南市,東山區,東河里,2023-07-31,0
台南市,東山區,東河里,2023-08-07,0
台南市,東山區,東河里,2023-08-14,0
台南市,東山區,東河里,2023-08-21,0
台南市,東山區,東河里,2023-08-28,0
台南市,東山區,東河里,2023-09-04,0
台南市,東山區,東河里,2023-09-11,0
台南市,東山區,東河里,2023-09-18,0
台南市,東山區,東河里,2023-09-25,0
台南市,東山區,東河里,2023-10-02,0
台南市,東山區,東河里,2023-10-09,0
台南市,東山區,東河里,2023-10-16,0
台南市,東山區,東河里,2023-10-23,0
台南市,東山區,東河里,2023-10-30,0
台南市,東山區,東河里,2023-11-06,0
台南市,東山區,東河里,2023-11-13,0
台南市,東山區,東河里,2023-11-20,0
台南市,東山區,東河里,2023-11-27,0
台南市,東山區,東河里,2023-12-04,0
台南市,東山區,東河里,2023-12-11,0
台南市,東山區,東河里,2023-12-18,0
台南市,東山區,東河里,2023-12-25,0
台南市,東山區,東河里,2024-01-01,0
台南市,東山區,林安里,2023-06-12,0
台南市,東山區,林安里,2023-06-19,0
台南市,東山區,林安里,2023-06-26,0
台南市,東山區,林安里,2023-07-03,0
台南市,東山區,林安里,2023-07-10,0
台南市,東山區,林安里,2023-07-17,0
台南市,東山區,林安里,2023-07-24,0
台南市,東山區,林安里,2023-07-31,0
台南市,東山區,林安里,2023-08-07,0
台南市,東山區,林安里,2023-08-14,0
台南市,東山區,林安里,2023-08-21,0
台南市,東山區,林安里,2023-08-28,0
台南市,東山區,林安里,2023-09-04,0
台南市,東山區,林安里,2023-09-11,0
台南市,東山區,林安里,2023-09-18,0
台南市,東山區,林安里,2023-09-25,0
台南市,東山區,林安里,2023-10-02,0
台南市,東山區,林安里,2023-10-09,0
台南市,東山區,林安里,2023-10-16,0
台南市,東山區,林安里,2023-10-23,0
台南市,東山區,林安里,2023-10-30,0
台南市,東山區,林安里,2023-11-06,0
台南市,東山區,林安里,2023-11-13,0
台南市,東山區,林安里,2023-11-20,0
台南市,東山區,林安里,2023-11-27,0
台南市,東山區,林安里,2023-12-04,0
台南市,東山區,林安里,2023-12-11,0
台南市,東山區,林安里,2023-12-18,0
台南市,東山區,林安里,2023-12-25,0
台南市,東山區,林安里,2024-01-01,0
台南市,東山區,科里里,2023-06-12,0
台南市,東山區,科里里,2023-06-19,0
台南市,東山區,科里里,2023-06-26,0
台南市,東山區,科里里,2023-07-03,0
台南市,東山區,科里里,2023-07-10,0
台南市,東山區,科里里,2023-07-17,0
台南市,東山區,科里里,2023-07-24,0
台南市,東山區,科里里,2023-07-31,0
台南市,東山區,科里里,2023-08-07,0
台南市,東山區,科里里,2023-08-14,0
台南市,東山區,科里里,2023-08-21,0
台南市,東山區,科里里,2023-08-28,0
台南市,東山區,科里里,2023-09-04,0
台南市,東山區,科里里,2023-09-11,0
台南市,東山區,科里里,2023-09-18,0
台南市,東山區,科里里,2023-09-25,0
台南市,東山區,科里里,2023-10-02,0
台南市,東山區,科里里,2023-10-09,0
台南市,東山區,科里里,2023-10-16,0
台南市,東山區,科里里,2023-10-23,0
台南市,東山區,科里里,2023-10-30,0
台南市,東山區,科里里,2023-11-06,0
台南市,東山區,科里里,2023-11-13,0
台南市,東山區,科里里,2023-11-20,0
台南市,東山區,科里里,2023-11-27,0
台南市,東山區,科里里,2023-12-04,0
台南市,東山區,科里里,2023-12-11,0
台南市,東山區,科里里,2023-12-18,0
台南市,東山區,科里里,2023-12-25,0
台南市,東山區,科里里,2024-01-01,0
台南市,東山區,聖賢里,2023-06-12,0
台南市,東山區,聖賢里,2023-06-19,0
台南市,東山區,聖賢里,2023-06-26,0
台南市,東山區,聖賢里,2023-07-03,0
台南市,東山區,聖賢里,2023-07-10,0
台南市,東山區,聖賢里,2023-07-17,0
台南市,東山區,聖賢里,2023-07-24,0
台南市,東山區,聖賢里,2023-07-31,0
台南市,東山區,聖賢里,2023-08-07,0
台南市,東山區,聖賢里,2023-08-14,0
台南市,東山區,聖賢里,2023-08-21,0
台南市,東山區,聖賢里,2023-08-28,0
台南市,東山區,聖賢里,2023-09-04,0
台南市,東山區,聖賢里,2023-09-11,0
台南市,東山區,聖賢里,2023-09-18,0
台南市,東山區,聖賢里,2023-09-25,0
台南市,東山區,聖賢里,2023-10-02,0
台南市,東山區,聖賢里,2023-10-09,0
台南市,東山區,聖賢里,2023-10-16,0
台南市,東山區,聖賢里,2023-10-23,0
台南市,東山區,聖賢里,2023-10-30,1
台南市,東山區,聖賢里,2023-11-06,0
台南市,東山區,聖賢里,2023-11-13,0
台南市,東山區,聖賢里,2023-11-20,1
台南市,東山區,聖賢里,2023-11-27,1
台南市,東山區,聖賢里,2023-12-04,0
台南市,東山區,聖賢里,2023-12-11,0
台南市,東山區,聖賢里,2023-12-18,0
台南市,東山區,聖賢里,2023-12-25,0
台南市,東山區,聖賢里,2024-01-01,0
台南市,東山區,青山里,2023-06-12,0
台南市,東山區,青山里,2023-06-19,0
台南市,東山區,青山里,2023-06-26,0
台南市,東山區,青山里,2023-07-03,0
台南市,東山區,青山里,2023-07-10,0
台南市,東山區,青山里,2023-07-17,0
台南市,東山區,青山里,2023-07-24,0
台南市,東山區,青山里,2023-07-31,0
台南市,東山區,青山里,2023-08-07,0
台南市,東山區,青山里,2023-08-14,0
台南市,東山區,青山里,2023-08-21,0
台南市,東山區,青山里,2023-08-28,0
台南市,東山區,青山里,2023-09-04,0
台南市,東山區,青山里,2023-09-11,0
台南市,東山區,青山里,2023-09-18,0
台南市,東山區,青山里,2023-09-25,0
台南市,東山區,青山里,2023-10-02,0
台南市,東山區,青山里,2023-10-09,0
台南市,東山區,青山里,2023-10-16,0
台南市,東山區,青山里,2023-10-23,0
台南市,東山區,青山里,2023-10-30,0
台南市,東山區,青山里,2023-11-06,0
台南市,東山區,青山里,2023-11-13,0
台南市,東山區,青山里,2023-11-20,0
台南市,東山區,青山里,2023-11-27,0
台南市,東山區,青山里,2023-12-04,0
台南市,東山區,青山里,2023-12-11,0
台南市,東山區,青山里,2023-12-18,0
台南市,東山區,青山里,2023-12-25,0
台南市,東山區,青山里,2024-01-01,0
台南市,柳營區,中埕里,2023-06-12,0
台南市,柳營區,中埕里,2023-06-19,0
台南市,柳營區,中埕里,2023-06-26,0
台南市,柳營區,中埕里,2023-07-03,0
台南市,柳營區,中埕里,2023-07-10,0
台南市,柳營區,中埕里,2023-07-17,0
台南市,柳營區,中埕里,2023-07-24,1
台南市,柳營區,中埕里,2023-07-31,0
台南市,柳營區,中埕里,2023-08-07,0
台南市,柳營區,中埕里,2023-08-14,0
台南市,柳營區,中埕里,2023-08-21,0
台南市,柳營區,中埕里,2023-08-28,0
台南市,柳營區,中埕里,2023-09-04,0
台南市,柳營區,中埕里,2023-09-11,0
台南市,柳營區,中埕里,2023-09-18,0
台南市,柳營區,中埕里,2023-09-25,0
台南市,柳營區,中埕里,2023-10-02,0
台南市,柳營區,中埕里,2023-10-09,0
台南市,柳營區,中埕里,2023-10-16,0
台南市,柳營區,中埕里,2023-10-23,0
台南市,柳營區,中埕里,2023-10-30,0
台南市,柳營區,中埕里,2023-11-06,0
台南市,柳營區,中埕里,2023-11-13,0
台南市,柳營區,中埕里,2023-11-20,0
台南市,柳營區,中埕里,2023-11-27,0
台南市,柳營區,中埕里,2023-12-04,0
台南市,柳營區,中埕里,2023-12-11,0
台南市,柳營區,中埕里,2023-12-18,0
台南市,柳營區,中埕里,2023-12-25,0
台南市,柳營區,中埕里,2024-01-01,0
台南市,柳營區,人和里,2023-06-12,0
台南市,柳營區,人和里,2023-06-19,0
台南市,柳營區,人和里,2023-06-26,0
台南市,柳營區,人和里,2023-07-03,0
台南市,柳營區,人和里,2023-07-10,0
台南市,柳營區,人和里,2023-07-17,0
台南市,柳營區,人和里,2023-07-24,0
台南市,柳營區,人和里,2023-07-31,0
台南市,柳營區,人和里,2023-08-07,0
台南市,柳營區,人和里,2023-08-14,0
台南市,柳營區,人和里,2023-08-21,0
台南市,柳營區,人和里,2023-08-28,0
台南市,柳營區,人和里,2023-09-04,0
台南市,柳營區,人和里,2023-09-11,0
台南市,柳營區,人和里,2023-09-18,0
台南市,柳營區,人和里,2023-09-25,0
台南市,柳營區,人和里,2023-10-02,0
台南市,柳營區,人和里,2023-10-09,0
台南市,柳營區,人和里,2023-10-16,0
台南市,柳營區,人和里,2023-10-23,0
台南市,柳營區,人和里,2023-10-30,0
台南市,柳營區,人和里,2023-11-06,0
台南市,柳營區,人和里,2023-11-13,0
台南市,柳營區,人和里,2023-11-20,0
台南市,柳營區,人和里,2023-11-27,1
台南市,柳營區,人和里,2023-12-04,0
台南市,柳營區,人和里,2023-12-11,0
台南市,柳營區,人和里,2023-12-18,0
台南市,柳營區,人和里,2023-12-25,0
台南市,柳營區,人和里,2024-01-01,0
台南市,柳營區,光福里,2023-06-12,0
台南市,柳營區,光福里,2023-06-19,0
台南市,柳營區,光福里,2023-06-26,0
台南市,柳營區,光福里,2023-07-03,0
台南市,柳營區,光福里,2023-07-10,0
台南市,柳營區,光福里,2023-07-17,0
台南市,柳營區,光福里,2023-07-24,0
台南市,柳營區,光福里,2023-07-31,0
台南市,柳營區,光福里,2023-08-07,0
台南市,柳營區,光福里,2023-08-14,0
台南市,柳營區,光福里,2023-08-21,0
台南市,柳營區,光福里,2023-08-28,0
台南市,柳營區,光福里,2023-09-04,0
台南市,柳營區,光福里,2023-09-11,0
台南市,柳營區,光福里,2023-09-18,0
台南市,柳營區,光福里,2023-09-25,0
台南市,柳營區,光福里,2023-10-02,0
台南市,柳營區,光福里,2023-10-09,0
台南市,柳營區,光福里,2023-10-16,0
台南市,柳營區,光福里,2023-10-23,0
台南市,柳營區,光福里,2023-10-30,0
台南市,柳營區,光福里,2023-11-06,0
台南市,柳營區,光福里,2023-11-13,0
台南市,柳營區,光福里,2023-11-20,0
台南市,柳營區,光福里,2023-11-27,0
台南市,柳營區,光福里,2023-12-04,0
台南市,柳營區,光福里,2023-12-11,0
台南市,柳營區,光福里,2023-12-18,0
台南市,柳營區,光福里,2023-12-25,0
台南市,柳營區,光福里,2024-01-01,0
台南市,柳營區,八翁里,2023-06-12,0
台南市,柳營區,八翁里,2023-06-19,0
台南市,柳營區,八翁里,2023-06-26,0
台南市,柳營區,八翁里,2023-07-03,0
台南市,柳營區,八翁里,2023-07-10,0
台南市,柳營區,八翁里,2023-07-17,0
台南市,柳營區,八翁里,2023-07-24,0
台南市,柳營區,八翁里,2023-07-31,0
台南市,柳營區,八翁里,2023-08-07,0
台南市,柳營區,八翁里,2023-08-14,0
台南市,柳營區,八翁里,2023-08-21,0
台南市,柳營區,八翁里,2023-08-28,0
台南市,柳營區,八翁里,2023-09-04,0
台南市,柳營區,八翁里,2023-09-11,0
台南市,柳營區,八翁里,2023-09-18,0
台南市,柳營區,八翁里,2023-09-25,0
台南市,柳營區,八翁里,2023-10-02,0
台南市,柳營區,八翁里,2023-10-09,0
台南市,柳營區,八翁里,2023-10-16,0
台南市,柳營區,八翁里,2023-10-23,0
台南市,柳營區,八翁里,2023-10-30,0
台南市,柳營區,八翁里,2023-11-06,0
台南市,柳營區,八翁里,2023-11-13,0
台南市,柳營區,八翁里,2023-11-20,0
台南市,柳營區,八翁里,2023-11-27,0
台南市,柳營區,八翁里,2023-12-04,0
台南市,柳營區,八翁里,2023-12-11,0
台南市,柳營區,八翁里,2023-12-18,0
台南市,柳營區,八翁里,2023-12-25,0
台南市,柳營區,八翁里,2024-01-01,0
台南市,柳營區,士林里,2023-06-12,0
台南市,柳營區,士林里,2023-06-19,0
台南市,柳營區,士林里,2023-06-26,0
台南市,柳營區,士林里,2023-07-03,0
台南市,柳營區,士林里,2023-07-10,0
台南市,柳營區,士林里,2023-07-17,0
台南市,柳營區,士林里,2023-07-24,0
台南市,柳營區,士林里,2023-07-31,0
台南市,柳營區,士林里,2023-08-07,0
台南市,柳營區,士林里,2023-08-14,0
台南市,柳營區,士林里,2023-08-21,0
台南市,柳營區,士林里,2023-08-28,0
台南市,柳營區,士林里,2023-09-04,0
台南市,柳營區,士林里,2023-09-11,0
台南市,柳營區,士林里,2023-09-18,0
台南市,柳營區,士林里,2023-09-25,0
台南市,柳營區,士林里,2023-10-02,0
台南市,柳營區,士林里,2023-10-09,0
台南市,柳營區,士林里,2023-10-16,0
台南市,柳營區,士林里,2023-10-23,0
台南市,柳營區,士林里,2023-10-30,0
台南市,柳營區,士林里,2023-11-06,0
台南市,柳營區,士林里,2023-11-13,0
台南市,柳營區,士林里,2023-11-20,0
台南市,柳營區,士林里,2023-11-27,0
台南市,柳營區,士林里,2023-12-04,0
台南市,柳營區,士林里,2023-12-11,0
台南市,柳營區,士林里,2023-12-18,0
台南市,柳營區,士林里,2023-12-25,0
台南市,柳營區,士林里,2024-01-01,0
台南市,柳營區,大農里,2023-06-12,0
台南市,柳營區,大農里,2023-06-19,0
台南市,柳營區,大農里,2023-06-26,0
台南市,柳營區,大農里,2023-07-03,0
台南市,柳營區,大農里,2023-07-10,0
台南市,柳營區,大農里,2023-07-17,0
台南市,柳營區,大農里,2023-07-24,0
台南市,柳營區,大農里,2023-07-31,0
台南市,柳營區,大農里,2023-08-07,0
台南市,柳營區,大農里,2023-08-14,0
台南市,柳營區,大農里,2023-08-21,0
台南市,柳營區,大農里,2023-08-28,0
台南市,柳營區,大農里,2023-09-04,0
台南市,柳營區,大農里,2023-09-11,0
台南市,柳營區,大農里,2023-09-18,0
台南市,柳營區,大農里,2023-09-25,0
台南市,柳營區,大農里,2023-10-02,0
台南市,柳營區,大農里,2023-10-09,0
台南市,柳營區,大農里,2023-10-16,0
台南市,柳營區,大農里,2023-10-23,0
台南市,柳營區,大農里,2023-10-30,0
台南市,柳營區,大農里,2023-11-06,0
台南市,柳營區,大農里,2023-11-13,0
台南市,柳營區,大農里,2023-11-20,0
台南市,柳營區,大農里,2023-11-27,0
台南市,柳營區,大農里,2023-12-04,0
台南市,柳營區,大農里,2023-12-11,0
台南市,柳營區,大農里,2023-12-18,0
台南市,柳營區,大農里,2023-12-25,0
台南市,柳營區,大農里,2024-01-01,0
台南市,柳營區,太康里,2023-06-12,0
台南市,柳營區,太康里,2023-06-19,0
台南市,柳營區,太康里,2023-06-26,0
台南市,柳營區,太康里,2023-07-03,0
台南市,柳營區,太康里,2023-07-10,0
台南市,柳營區,太康里,2023-07-17,0
台南市,柳營區,太康里,2023-07-24,0
台南市,柳營區,太康里,2023-07-31,0
台南市,柳營區,太康里,2023-08-07,0
台南市,柳營區,太康里,2023-08-14,0
台南市,柳營區,太康里,2023-08-21,0
台南市,柳營區,太康里,2023-08-28,0
台南市,柳營區,太康里,2023-09-04,0
台南市,柳營區,太康里,2023-09-11,0
台南市,柳營區,太康里,2023-09-18,0
台南市,柳營區,太康里,2023-09-25,0
台南市,柳營區,太康里,2023-10-02,0
台南市,柳營區,太康里,2023-10-09,0
台南市,柳營區,太康里,2023-10-16,0
台南市,柳營區,太康里,2023-10-23,0
台南市,柳營區,太康里,2023-10-30,0
台南市,柳營區,太康里,2023-11-06,0
台南市,柳營區,太康里,2023-11-13,0
台南市,柳營區,太康里,2023-11-20,0
台南市,柳營區,太康里,2023-11-27,0
台南市,柳營區,太康里,2023-12-04,0
台南市,柳營區,太康里,2023-12-11,0
台南市,柳營區,太康里,2023-12-18,0
台南市,柳營區,太康里,2023-12-25,0
台南市,柳營區,太康里,2024-01-01,0
台南市,柳營區,旭山里,2023-06-12,0
台南市,柳營區,旭山里,2023-06-19,0
台南市,柳營區,旭山里,2023-06-26,0
台南市,柳營區,旭山里,2023-07-03,0
台南市,柳營區,旭山里,2023-07-10,0
台南市,柳營區,旭山里,2023-07-17,0
台南市,柳營區,旭山里,2023-07-24,0
台南市,柳營區,旭山里,2023-07-31,0
台南市,柳營區,旭山里,2023-08-07,0
台南市,柳營區,旭山里,2023-08-14,0
台南市,柳營區,旭山里,2023-08-21,0
台南市,柳營區,旭山里,2023-08-28,0
台南市,柳營區,旭山里,2023-09-04,1
台南市,柳營區,旭山里,2023-09-11,0
台南市,柳營區,旭山里,2023-09-18,0
台南市,柳營區,旭山里,2023-09-25,0
台南市,柳營區,旭山里,2023-10-02,0
台南市,柳營區,旭山里,2023-10-09,0
台南市,柳營區,旭山里,2023-10-16,0
台南市,柳營區,旭山里,2023-10-23,0
台南市,柳營區,旭山里,2023-10-30,0
台南市,柳營區,旭山里,2023-11-06,0
台南市,柳營區,旭山里,2023-11-13,0
台南市,柳營區,旭山里,2023-11-20,0
台南市,柳營區,旭山里,2023-11-27,0
台南市,柳營區,旭山里,2023-12-04,0
台南市,柳營區,旭山里,2023-12-11,0
台南市,柳營區,旭山里,2023-12-18,0
台南市,柳營區,旭山里,2023-12-25,0
台南市,柳營區,旭山里,2024-01-01,0
台南市,柳營區,東昇里,2023-06-12,0
台南市,柳營區,東昇里,2023-06-19,0
台南市,柳營區,東昇里,2023-06-26,0
台南市,柳營區,東昇里,2023-07-03,0
台南市,柳營區,東昇里,2023-07-10,0
台南市,柳營區,東昇里,2023-07-17,0
台南市,柳營區,東昇里,2023-07-24,0
台南市,柳營區,東昇里,2023-07-31,0
台南市,柳營區,東昇里,2023-08-07,0
台南市,柳營區,東昇里,2023-08-14,0
台南市,柳營區,東昇里,2023-08-21,0
台南市,柳營區,東昇里,2023-08-28,0
台南市,柳營區,東昇里,2023-09-04,0
台南市,柳營區,東昇里,2023-09-11,0
台南市,柳營區,東昇里,2023-09-18,0
台南市,柳營區,東昇里,2023-09-25,0
台南市,柳營區,東昇里,2023-10-02,0
台南市,柳營區,東昇里,2023-10-09,0
台南市,柳營區,東昇里,2023-10-16,0
台南市,柳營區,東昇里,2023-10-23,0
台南市,柳營區,東昇里,2023-10-30,0
台南市,柳營區,東昇里,2023-11-06,0
台南市,柳營區,東昇里,2023-11-13,0
台南市,柳營區,東昇里,2023-11-20,0
台南市,柳營區,東昇里,2023-11-27,0
台南市,柳營區,東昇里,2023-12-04,0
台南市,柳營區,東昇里,2023-12-11,0
台南市,柳營區,東昇里,2023-12-18,0
台南市,柳營區,東昇里,2023-12-25,0
台南市,柳營區,東昇里,2024-01-01,0
台南市,柳營區,果毅里,2023-06-12,0
台南市,柳營區,果毅里,2023-06-19,0
台南市,柳營區,果毅里,2023-06-26,0
台南市,柳營區,果毅里,2023-07-03,0
台南市,柳營區,果毅里,2023-07-10,0
台南市,柳營區,果毅里,2023-07-17,0
台南市,柳營區,果毅里,2023-07-24,0
台南市,柳營區,果毅里,2023-07-31,0
台南市,柳營區,果毅里,2023-08-07,0
台南市,柳營區,果毅里,2023-08-14,0
台南市,柳營區,果毅里,2023-08-21,0
台南市,柳營區,果毅里,2023-08-28,0
台南市,柳營區,果毅里,2023-09-04,0
台南市,柳營區,果毅里,2023-09-11,0
台南市,柳營區,果毅里,2023-09-18,0
台南市,柳營區,果毅里,2023-09-25,0
台南市,柳營區,果毅里,2023-10-02,0
台南市,柳營區,果毅里,2023-10-09,0
台南市,柳營區,果毅里,2023-10-16,1
台南市,柳營區,果毅里,2023-10-23,0
台南市,柳營區,果毅里,2023-10-30,0
台南市,柳營區,果毅里,2023-11-06,0
台南市,柳營區,果毅里,2023-11-13,0
台南市,柳營區,果毅里,2023-11-20,0
台南市,柳營區,果毅里,2023-11-27,0
台南市,柳營區,果毅里,2023-12-04,1
台南市,柳營區,果毅里,2023-12-11,0
台南市,柳營區,果毅里,2023-12-18,0
台南市,柳營區,果毅里,2023-12-25,0
台南市,柳營區,果毅里,2024-01-01,0
台南市,柳營區,神農里,2023-06-12,0
台南市,柳營區,神農里,2023-06-19,0
台南市,柳營區,神農里,2023-06-26,0
台南市,柳營區,神農里,2023-07-03,0
台南市,柳營區,神農里,2023-07-10,0
台南市,柳營區,神農里,2023-07-17,0
台南市,柳營區,神農里,2023-07-24,0
台南市,柳營區,神農里,2023-07-31,0
台南市,柳營區,神農里,2023-08-07,0
台南市,柳營區,神農里,2023-08-14,0
台南市,柳營區,神農里,2023-08-21,0
台南市,柳營區,神農里,2023-08-28,0
台南市,柳營區,神農里,2023-09-04,0
台南市,柳營區,神農里,2023-09-11,0
台南市,柳營區,神農里,2023-09-18,0
台南市,柳營區,神農里,2023-09-25,0
台南市,柳營區,神農里,2023-10-02,0
台南市,柳營區,神農里,2023-10-09,0
台南市,柳營區,神農里,2023-10-16,0
台南市,柳營區,神農里,2023-10-23,0
台南市,柳營區,神農里,2023-10-30,0
台南市,柳營區,神農里,2023-11-06,0
台南市,柳營區,神農里,2023-11-13,0
台南市,柳營區,神農里,2023-11-20,0
台南市,柳營區,神農里,2023-11-27,0
台南市,柳營區,神農里,2023-12-04,0
台南市,柳營區,神農里,2023-12-11,0
台南市,柳營區,神農里,2023-12-18,0
台南市,柳營區,神農里,2023-12-25,0
台南市,柳營區,神農里,2024-01-01,0
台南市,柳營區,篤農里,2023-06-12,0
台南市,柳營區,篤農里,2023-06-19,0
台南市,柳營區,篤農里,2023-06-26,0
台南市,柳營區,篤農里,2023-07-03,0
台南市,柳營區,篤農里,2023-07-10,0
台南市,柳營區,篤農里,2023-07-17,0
台南市,柳營區,篤農里,2023-07-24,0
台南市,柳營區,篤農里,2023-07-31,0
台南市,柳營區,篤農里,2023-08-07,0
台南市,柳營區,篤農里,2023-08-14,0
台南市,柳營區,篤農里,2023-08-21,0
台南市,柳營區,篤農里,2023-08-28,0
台南市,柳營區,篤農里,2023-09-04,0
台南市,柳營區,篤農里,2023-09-11,0
台南市,柳營區,篤農里,2023-09-18,0
台南市,柳營區,篤農里,2023-09-25,0
台南市,柳營區,篤農里,2023-10-02,0
台南市,柳營區,篤農里,2023-10-09,0
台南市,柳營區,篤農里,2023-10-16,0
台南市,柳營區,篤農里,2023-10-23,0
台南市,柳營區,篤農里,2023-10-30,0
台南市,柳營區,篤農里,2023-11-06,0
台南市,柳營區,篤農里,2023-11-13,0
台南市,柳營區,篤農里,2023-11-20,1
台南市,柳營區,篤農里,2023-11-27,0
台南市,柳營區,篤農里,2023-12-04,0
台南市,柳營區,篤農里,2023-12-11,0
台南市,柳營區,篤農里,2023-12-18,0
台南市,柳營區,篤農里,2023-12-25,0
台南市,柳營區,篤農里,2024-01-01,0
台南市,柳營區,重溪里,2023-06-12,0
台南市,柳營區,重溪里,2023-06-19,0
台南市,柳營區,重溪里,2023-06-26,0
台南市,柳營區,重溪里,2023-07-03,0
台南市,柳營區,重溪里,2023-07-10,0
台南市,柳營區,重溪里,2023-07-17,0
台南市,柳營區,重溪里,2023-07-24,0
台南市,柳營區,重溪里,2023-07-31,0
台南市,柳營區,重溪里,2023-08-07,0
台南市,柳營區,重溪里,2023-08-14,0
台南市,柳營區,重溪里,2023-08-21,0
台南市,柳營區,重溪里,2023-08-28,0
台南市,柳營區,重溪里,2023-09-04,0
台南市,柳營區,重溪里,2023-09-11,0
台南市,柳營區,重溪里,2023-09-18,0
台南市,柳營區,重溪里,2023-09-25,0
台南市,柳營區,重溪里,2023-10-02,0
台南市,柳營區,重溪里,2023-10-09,0
台南市,柳營區,重溪里,2023-10-16,0
台南市,柳營區,重溪里,2023-10-23,0
台南市,柳營區,重溪里,2023-10-30,1
台南市,柳營區,重溪里,2023-11-06,0
台南市,柳營區,重溪里,2023-11-13,0
台南市,柳營區,重溪里,2023-11-20,0
台南市,柳營區,重溪里,2023-11-27,0
台南市,柳營區,重溪里,2023-12-04,0
台南市,柳營區,重溪里,2023-12-11,0
台南市,柳營區,重溪里,2023-12-18,0
台南市,柳營區,重溪里,2023-12-25,0
台南市,柳營區,重溪里,2024-01-01,0
台南市,楠西區,密枝里,2023-06-12,0
台南市,楠西區,密枝里,2023-06-19,0
台南市,楠西區,密枝里,2023-06-26,0
台南市,楠西區,密枝里,2023-07-03,0
台南市,楠西區,密枝里,2023-07-10,0
台南市,楠西區,密枝里,2023-07-17,0
台南市,楠西區,密枝里,2023-07-24,0
台南市,楠西區,密枝里,2023-07-31,0
台南市,楠西區,密枝里,2023-08-07,0
台南市,楠西區,密枝里,2023-08-14,0
台南市,楠西區,密枝里,2023-08-21,0
台南市,楠西區,密枝里,2023-08-28,0
台南市,楠西區,密枝里,2023-09-04,0
台南市,楠西區,密枝里,2023-09-11,0
台南市,楠西區,密枝里,2023-09-18,0
台南市,楠西區,密枝里,2023-09-25,0
台南市,楠西區,密枝里,2023-10-02,0
台南市,楠西區,密枝里,2023-10-09,0
台南市,楠西區,密枝里,2023-10-16,0
台南市,楠西區,密枝里,2023-10-23,0
台南市,楠西區,密枝里,2023-10-30,0
台南市,楠西區,密枝里,2023-11-06,0
台南市,楠西區,密枝里,2023-11-13,0
台南市,楠西區,密枝里,2023-11-20,0
台南市,楠西區,密枝里,2023-11-27,0
台南市,楠西區,密枝里,2023-12-04,0
台南市,楠西區,密枝里,2023-12-11,0
台南市,楠西區,密枝里,2023-12-18,0
台南市,楠西區,密枝里,2023-12-25,0
台南市,楠西區,密枝里,2024-01-01,0
台南市,楠西區,東勢里,2023-06-12,0
台南市,楠西區,東勢里,2023-06-19,0
台南市,楠西區,東勢里,2023-06-26,0
台南市,楠西區,東勢里,2023-07-03,0
台南市,楠西區,東勢里,2023-07-10,0
台南市,楠西區,東勢里,2023-07-17,0
台南市,楠西區,東勢里,2023-07-24,0
台南市,楠西區,東勢里,2023-07-31,1
台南市,楠西區,東勢里,2023-08-07,0
台南市,楠西區,東勢里,2023-08-14,0
台南市,楠西區,東勢里,2023-08-21,0
台南市,楠西區,東勢里,2023-08-28,2
台南市,楠西區,東勢里,2023-09-04,1
台南市,楠西區,東勢里,2023-09-11,4
台南市,楠西區,東勢里,2023-09-18,2
台南市,楠西區,東勢里,2023-09-25,2
台南市,楠西區,東勢里,2023-10-02,4
台南市,楠西區,東勢里,2023-10-09,2
台南市,楠西區,東勢里,2023-10-16,5
台南市,楠西區,東勢里,2023-10-23,3
台南市,楠西區,東勢里,2023-10-30,1
台南市,楠西區,東勢里,2023-11-06,3
台南市,楠西區,東勢里,2023-11-13,4
台南市,楠西區,東勢里,2023-11-20,2
台南市,楠西區,東勢里,2023-11-27,0
台南市,楠西區,東勢里,2023-12-04,0
台南市,楠西區,東勢里,2023-12-11,0
台南市,楠西區,東勢里,2023-12-18,1
台南市,楠西區,東勢里,2023-12-25,0
台南市,楠西區,東勢里,2024-01-01,0
台南市,楠西區,楠西里,2023-06-12,0
台南市,楠西區,楠西里,2023-06-19,0
台南市,楠西區,楠西里,2023-06-26,0
台南市,楠西區,楠西里,2023-07-03,0
台南市,楠西區,楠西里,2023-07-10,0
台南市,楠西區,楠西里,2023-07-17,0
台南市,楠西區,楠西里,2023-07-24,0
台南市,楠西區,楠西里,2023-07-31,0
台南市,楠西區,楠西里,2023-08-07,0
台南市,楠西區,楠西里,2023-08-14,0
台南市,楠西區,楠西里,2023-08-21,0
台南市,楠西區,楠西里,2023-08-28,0
台南市,楠西區,楠西里,2023-09-04,0
台南市,楠西區,楠西里,2023-09-11,0
台南市,楠西區,楠西里,2023-09-18,0
台南市,楠西區,楠西里,2023-09-25,0
台南市,楠西區,楠西里,2023-10-02,0
台南市,楠西區,楠西里,2023-10-09,0
台南市,楠西區,楠西里,2023-10-16,0
台南市,楠西區,楠西里,2023-10-23,0
台南市,楠西區,楠西里,2023-10-30,0
台南市,楠西區,楠西里,2023-11-06,0
台南市,楠西區,楠西里,2023-11-13,0
台南市,楠西區,楠西里,2023-11-20,0
台南市,楠西區,楠西里,2023-11-27,0
台南市,楠西區,楠西里,2023-12-04,0
台南市,楠西區,楠西里,2023-12-11,1
台南市,楠西區,楠西里,2023-12-18,0
台南市,楠西區,楠西里,2023-12-25,0
台南市,楠西區,楠西里,2024-01-01,0
台南市,楠西區,灣丘里,2023-06-12,0
台南市,楠西區,灣丘里,2023-06-19,0
台南市,楠西區,灣丘里,2023-06-26,0
台南市,楠西區,灣丘里,2023-07-03,0
台南市,楠西區,灣丘里,2023-07-10,0
台南市,楠西區,灣丘里,2023-07-17,0
台南市,楠西區,灣丘里,2023-07-24,0
台南市,楠西區,灣丘里,2023-07-31,0
台南市,楠西區,灣丘里,2023-08-07,0
台南市,楠西區,灣丘里,2023-08-14,0
台南市,楠西區,灣丘里,2023-08-21,0
台南市,楠西區,灣丘里,2023-08-28,0
台南市,楠西區,灣丘里,2023-09-04,0
台南市,楠西區,灣丘里,2023-09-11,0
台南市,楠西區,灣丘里,2023-09-18,0
台南市,楠西區,灣丘里,2023-09-25,0
台南市,楠西區,灣丘里,2023-10-02,0
台南市,楠西區,灣丘里,2023-10-09,0
台南市,楠西區,灣丘里,2023-10-16,0
台南市,楠西區,灣丘里,2023-10-23,0
台南市,楠西區,灣丘里,2023-10-30,0
台南市,楠西區,灣丘里,2023-11-06,0
台南市,楠西區,灣丘里,2023-11-13,0
台南市,楠西區,灣丘里,2023-11-20,0
台南市,楠西區,灣丘里,2023-11-27,0
台南市,楠西區,灣丘里,2023-12-04,0
台南市,楠西區,灣丘里,2023-12-11,0
台南市,楠西區,灣丘里,2023-12-18,0
台南市,楠西區,灣丘里,2023-12-25,0
台南市,楠西區,灣丘里,2024-01-01,0
台南市,楠西區,照興里,2023-06-12,0
台南市,楠西區,照興里,2023-06-19,0
台南市,楠西區,照興里,2023-06-26,0
台南市,楠西區,照興里,2023-07-03,0
台南市,楠西區,照興里,2023-07-10,0
台南市,楠西區,照興里,2023-07-17,0
台南市,楠西區,照興里,2023-07-24,0
台南市,楠西區,照興里,2023-07-31,0
台南市,楠西區,照興里,2023-08-07,0
台南市,楠西區,照興里,2023-08-14,0
台南市,楠西區,照興里,2023-08-21,0
台南市,楠西區,照興里,2023-08-28,0
台南市,楠西區,照興里,2023-09-04,0
台南市,楠西區,照興里,2023-09-11,0
台南市,楠西區,照興里,2023-09-18,0
台南市,楠西區,照興里,2023-09-25,0
台南市,楠西區,照興里,2023-10-02,0
台南市,楠西區,照興里,2023-10-09,0
台南市,楠西區,照興里,2023-10-16,0
台南市,楠西區,照興里,2023-10-23,0
台南市,楠西區,照興里,2023-10-30,0
台南市,楠西區,照興里,2023-11-06,0
台南市,楠西區,照興里,2023-11-13,0
台南市,楠西區,照興里,2023-11-20,0
台南市,楠西區,照興里,2023-11-27,0
台南市,楠西區,照興里,2023-12-04,0
台南市,楠西區,照興里,2023-12-11,0
台南市,楠西區,照興里,2023-12-18,0
台南市,楠西區,照興里,2023-12-25,0
台南市,楠西區,照興里,2024-01-01,0
台南市,楠西區,鹿田里,2023-06-12,0
台南市,楠西區,鹿田里,2023-06-19,0
台南市,楠西區,鹿田里,2023-06-26,0
台南市,楠西區,鹿田里,2023-07-03,0
台南市,楠西區,鹿田里,2023-07-10,0
台南市,楠西區,鹿田里,2023-07-17,0
台南市,楠西區,鹿田里,2023-07-24,0
台南市,楠西區,鹿田里,2023-07-31,0
台南市,楠西區,鹿田里,2023-08-07,0
台南市,楠西區,鹿田里,2023-08-14,0
台南市,楠西區,鹿田里,2023-08-21,0
台南市,楠西區,鹿田里,2023-08-28,0
台南市,楠西區,鹿田里,2023-09-04,0
台南市,楠西區,鹿田里,2023-09-11,0
台南市,楠西區,鹿田里,2023-09-18,0
台南市,楠西區,鹿田里,2023-09-25,0
台南市,楠西區,鹿田里,2023-10-02,0
台南市,楠西區,鹿田里,2023-10-09,0
台南市,楠西區,鹿田里,2023-10-16,1
台南市,楠西區,鹿田里,2023-10-23,0
台南市,楠西區,鹿田里,2023-10-30,0
台南市,楠西區,鹿田里,2023-11-06,0
台南市,楠西區,鹿田里,2023-11-13,0
台南市,楠西區,鹿田里,2023-11-20,0
台南市,楠西區,鹿田里,2023-11-27,0
台南市,楠西區,鹿田里,2023-12-04,0
台南市,楠西區,鹿田里,2023-12-11,0
台南市,楠西區,鹿田里,2023-12-18,0
台南市,楠西區,鹿田里,2023-12-25,0
台南市,楠西區,鹿田里,2024-01-01,0
台南市,楠西區,龜丹里,2023-06-12,0
台南市,楠西區,龜丹里,2023-06-19,0
台南市,楠西區,龜丹里,2023-06-26,0
台南市,楠西區,龜丹里,2023-07-03,0
台南市,楠西區,龜丹里,2023-07-10,0
台南市,楠西區,龜丹里,2023-07-17,0
台南市,楠西區,龜丹里,2023-07-24,0
台南市,楠西區,龜丹里,2023-07-31,0
台南市,楠西區,龜丹里,2023-08-07,0
台南市,楠西區,龜丹里,2023-08-14,0
台南市,楠西區,龜丹里,2023-08-21,0
台南市,楠西區,龜丹里,2023-08-28,0
台南市,楠西區,龜丹里,2023-09-04,0
台南市,楠西區,龜丹里,2023-09-11,0
台南市,楠西區,龜丹里,2023-09-18,0
台南市,楠西區,龜丹里,2023-09-25,0
台南市,楠西區,龜丹里,2023-10-02,0
台南市,楠西區,龜丹里,2023-10-09,0
台南市,楠西區,龜丹里,2023-10-16,1
台南市,楠西區,龜丹里,2023-10-23,0
台南市,楠西區,龜丹里,2023-10-30,0
台南市,楠西區,龜丹里,2023-11-06,0
台南市,楠西區,龜丹里,2023-11-13,0
台南市,楠西區,龜丹里,2023-11-20,0
台南市,楠西區,龜丹里,2023-11-27,0
台南市,楠西區,龜丹里,2023-12-04,0
台南市,楠西區,龜丹里,2023-12-11,0
台南市,楠西區,龜丹里,2023-12-18,0
台南市,楠西區,龜丹里,2023-12-25,0
台南市,楠西區,龜丹里,2024-01-01,0
台南市,歸仁區,八甲里,2023-06-12,0
台南市,歸仁區,八甲里,2023-06-19,0
台南市,歸仁區,八甲里,2023-06-26,0
台南市,歸仁區,八甲里,2023-07-03,0
台南市,歸仁區,八甲里,2023-07-10,0
台南市,歸仁區,八甲里,2023-07-17,1
台南市,歸仁區,八甲里,2023-07-24,0
台南市,歸仁區,八甲里,2023-07-31,0
台南市,歸仁區,八甲里,2023-08-07,0
台南市,歸仁區,八甲里,2023-08-14,0
台南市,歸仁區,八甲里,2023-08-21,0
台南市,歸仁區,八甲里,2023-08-28,0
台南市,歸仁區,八甲里,2023-09-04,0
台南市,歸仁區,八甲里,2023-09-11,0
台南市,歸仁區,八甲里,2023-09-18,0
台南市,歸仁區,八甲里,2023-09-25,1
台南市,歸仁區,八甲里,2023-10-02,1
台南市,歸仁區,八甲里,2023-10-09,2
台南市,歸仁區,八甲里,2023-10-16,2
台南市,歸仁區,八甲里,2023-10-23,2
台南市,歸仁區,八甲里,2023-10-30,3
台南市,歸仁區,八甲里,2023-11-06,0
台南市,歸仁區,八甲里,2023-11-13,2
台南市,歸仁區,八甲里,2023-11-20,1
台南市,歸仁區,八甲里,2023-11-27,0
台南市,歸仁區,八甲里,2023-12-04,0
台南市,歸仁區,八甲里,2023-12-11,0
台南市,歸仁區,八甲里,2023-12-18,0
台南市,歸仁區,八甲里,2023-12-25,0
台南市,歸仁區,八甲里,2024-01-01,0
台南市,歸仁區,六甲里,2023-06-12,0
台南市,歸仁區,六甲里,2023-06-19,0
台南市,歸仁區,六甲里,2023-06-26,0
台南市,歸仁區,六甲里,2023-07-03,0
台南市,歸仁區,六甲里,2023-07-10,0
台南市,歸仁區,六甲里,2023-07-17,0
台南市,歸仁區,六甲里,2023-07-24,0
台南市,歸仁區,六甲里,2023-07-31,0
台南市,歸仁區,六甲里,2023-08-07,0
台南市,歸仁區,六甲里,2023-08-14,0
台南市,歸仁區,六甲里,2023-08-21,0
台南市,歸仁區,六甲里,2023-08-28,2
台南市,歸仁區,六甲里,2023-09-04,2
台南市,歸仁區,六甲里,2023-09-11,0
台南市,歸仁區,六甲里,2023-09-18,1
台南市,歸仁區,六甲里,2023-09-25,2
台南市,歸仁區,六甲里,2023-10-02,2
台南市,歸仁區,六甲里,2023-10-09,3
台南市,歸仁區,六甲里,2023-10-16,1
台南市,歸仁區,六甲里,2023-10-23,1
台南市,歸仁區,六甲里,2023-10-30,3
台南市,歸仁區,六甲里,2023-11-06,2
台南市,歸仁區,六甲里,2023-11-13,1
台南市,歸仁區,六甲里,2023-11-20,2
台南市,歸仁區,六甲里,2023-11-27,0
台南市,歸仁區,六甲里,2023-12-04,1
台南市,歸仁區,六甲里,2023-12-11,0
台南市,歸仁區,六甲里,2023-12-18,0
台南市,歸仁區,六甲里,2023-12-25,0
台南市,歸仁區,六甲里,2024-01-01,0
台南市,歸仁區,南保里,2023-06-12,0
台南市,歸仁區,南保里,2023-06-19,0
台南市,歸仁區,南保里,2023-06-26,0
台南市,歸仁區,南保里,2023-07-03,0
台南市,歸仁區,南保里,2023-07-10,0
台南市,歸仁區,南保里,2023-07-17,0
台南市,歸仁區,南保里,2023-07-24,0
台南市,歸仁區,南保里,2023-07-31,0
台南市,歸仁區,南保里,2023-08-07,1
台南市,歸仁區,南保里,2023-08-14,0
台南市,歸仁區,南保里,2023-08-21,1
台南市,歸仁區,南保里,2023-08-28,0
台南市,歸仁區,南保里,2023-09-04,0
台南市,歸仁區,南保里,2023-09-11,1
台南市,歸仁區,南保里,2023-09-18,1
台南市,歸仁區,南保里,2023-09-25,3
台南市,歸仁區,南保里,2023-10-02,2
台南市,歸仁區,南保里,2023-10-09,7
台南市,歸仁區,南保里,2023-10-16,0
台南市,歸仁區,南保里,2023-10-23,3
台南市,歸仁區,南保里,2023-10-30,1
台南市,歸仁區,南保里,2023-11-06,5
台南市,歸仁區,南保里,2023-11-13,4
台南市,歸仁區,南保里,2023-11-20,4
台南市,歸仁區,南保里,2023-11-27,0
台南市,歸仁區,南保里,2023-12-04,0
台南市,歸仁區,南保里,2023-12-11,1
台南市,歸仁區,南保里,2023-12-18,1
台南市,歸仁區,南保里,2023-12-25,1
台南市,歸仁區,南保里,2024-01-01,0
台南市,歸仁區,大廟里,2023-06-12,0
台南市,歸仁區,大廟里,2023-06-19,0
台南市,歸仁區,大廟里,2023-06-26,0
台南市,歸仁區,大廟里,2023-07-03,0
台南市,歸仁區,大廟里,2023-07-10,0
台南市,歸仁區,大廟里,2023-07-17,0
台南市,歸仁區,大廟里,2023-07-24,0
台南市,歸仁區,大廟里,2023-07-31,0
台南市,歸仁區,大廟里,2023-08-07,0
台南市,歸仁區,大廟里,2023-08-14,1
台南市,歸仁區,大廟里,2023-08-21,0
台南市,歸仁區,大廟里,2023-08-28,0
台南市,歸仁區,大廟里,2023-09-04,4
台南市,歸仁區,大廟里,2023-09-11,1
台南市,歸仁區,大廟里,2023-09-18,2
台南市,歸仁區,大廟里,2023-09-25,1
台南市,歸仁區,大廟里,2023-10-02,0
台南市,歸仁區,大廟里,2023-10-09,2
台南市,歸仁區,大廟里,2023-10-16,0
台南市,歸仁區,大廟里,2023-10-23,2
台南市,歸仁區,大廟里,2023-10-30,1
台南市,歸仁區,大廟里,2023-11-06,0
台南市,歸仁區,大廟里,2023-11-13,3
台南市,歸仁區,大廟里,2023-11-20,1
台南市,歸仁區,大廟里,2023-11-27,0
台南市,歸仁區,大廟里,2023-12-04,0
台南市,歸仁區,大廟里,2023-12-11,0
台南市,歸仁區,大廟里,2023-12-18,0
台南市,歸仁區,大廟里,2023-12-25,0
台南市,歸仁區,大廟里,2024-01-01,0
台南市,歸仁區,大潭里,2023-06-12,0
台南市,歸仁區,大潭里,2023-06-19,0
台南市,歸仁區,大潭里,2023-06-26,0
台南市,歸仁區,大潭里,2023-07-03,0
台南市,歸仁區,大潭里,2023-07-10,0
台南市,歸仁區,大潭里,2023-07-17,0
台南市,歸仁區,大潭里,2023-07-24,0
台南市,歸仁區,大潭里,2023-07-31,0
台南市,歸仁區,大潭里,2023-08-07,0
台南市,歸仁區,大潭里,2023-08-14,0
台南市,歸仁區,大潭里,2023-08-21,1
台南市,歸仁區,大潭里,2023-08-28,0
台南市,歸仁區,大潭里,2023-09-04,0
台南市,歸仁區,大潭里,2023-09-11,2
台南市,歸仁區,大潭里,2023-09-18,0
台南市,歸仁區,大潭里,2023-09-25,1
台南市,歸仁區,大潭里,2023-10-02,1
台南市,歸仁區,大潭里,2023-10-09,0
台南市,歸仁區,大潭里,2023-10-16,0
台南市,歸仁區,大潭里,2023-10-23,2
台南市,歸仁區,大潭里,2023-10-30,1
台南市,歸仁區,大潭里,2023-11-06,0
台南市,歸仁區,大潭里,2023-11-13,1
台南市,歸仁區,大潭里,2023-11-20,1
台南市,歸仁區,大潭里,2023-11-27,0
台南市,歸仁區,大潭里,2023-12-04,0
台南市,歸仁區,大潭里,2023-12-11,0
台南市,歸仁區,大潭里,2023-12-18,0
台南市,歸仁區,大潭里,2023-12-25,0
台南市,歸仁區,大潭里,2024-01-01,0
台南市,歸仁區,媽廟里,2023-06-12,0
台南市,歸仁區,媽廟里,2023-06-19,0
台南市,歸仁區,媽廟里,2023-06-26,0
台南市,歸仁區,媽廟里,2023-07-03,0
台南市,歸仁區,媽廟里,2023-07-10,0
台南市,歸仁區,媽廟里,2023-07-17,0
台南市,歸仁區,媽廟里,2023-07-24,0
台南市,歸仁區,媽廟里,2023-07-31,0
台南市,歸仁區,媽廟里,2023-08-07,0
台南市,歸仁區,媽廟里,2023-08-14,0
台南市,歸仁區,媽廟里,2023-08-21,0
台南市,歸仁區,媽廟里,2023-08-28,0
台南市,歸仁區,媽廟里,2023-09-04,0
台南市,歸仁區,媽廟里,2023-09-11,0
台南市,歸仁區,媽廟里,2023-09-18,0
台南市,歸仁區,媽廟里,2023-09-25,0
台南市,歸仁區,媽廟里,2023-10-02,0
台南市,歸仁區,媽廟里,2023-10-09,0
台南市,歸仁區,媽廟里,2023-10-16,1
台南市,歸仁區,媽廟里,2023-10-23,1
台南市,歸仁區,媽廟里,2023-10-30,0
台南市,歸仁區,媽廟里,2023-11-06,0
台南市,歸仁區,媽廟里,2023-11-13,2
台南市,歸仁區,媽廟里,2023-11-20,0
台南市,歸仁區,媽廟里,2023-11-27,0
台南市,歸仁區,媽廟里,2023-12-04,0
台南市,歸仁區,媽廟里,2023-12-11,0
台南市,歸仁區,媽廟里,2023-12-18,0
台南市,歸仁區,媽廟里,2023-12-25,0
台南市,歸仁區,媽廟里,2024-01-01,0
台南市,歸仁區,崙頂里,2023-06-12,0
台南市,歸仁區,崙頂里,2023-06-19,0
台南市,歸仁區,崙頂里,2023-06-26,0
台南市,歸仁區,崙頂里,2023-07-03,0
台南市,歸仁區,崙頂里,2023-07-10,0
台南市,歸仁區,崙頂里,2023-07-17,0
台南市,歸仁區,崙頂里,2023-07-24,0
台南市,歸仁區,崙頂里,2023-07-31,0
台南市,歸仁區,崙頂里,2023-08-07,0
台南市,歸仁區,崙頂里,2023-08-14,0
台南市,歸仁區,崙頂里,2023-08-21,0
台南市,歸仁區,崙頂里,2023-08-28,0
台南市,歸仁區,崙頂里,2023-09-04,0
台南市,歸仁區,崙頂里,2023-09-11,0
台南市,歸仁區,崙頂里,2023-09-18,2
台南市,歸仁區,崙頂里,2023-09-25,1
台南市,歸仁區,崙頂里,2023-10-02,5
台南市,歸仁區,崙頂里,2023-10-09,6
台南市,歸仁區,崙頂里,2023-10-16,2
台南市,歸仁區,崙頂里,2023-10-23,2
台南市,歸仁區,崙頂里,2023-10-30,2
台南市,歸仁區,崙頂里,2023-11-06,5
台南市,歸仁區,崙頂里,2023-11-13,3
台南市,歸仁區,崙頂里,2023-11-20,2
台南市,歸仁區,崙頂里,2023-11-27,1
台南市,歸仁區,崙頂里,2023-12-04,0
台南市,歸仁區,崙頂里,2023-12-11,0
台南市,歸仁區,崙頂里,2023-12-18,0
台南市,歸仁區,崙頂里,2023-12-25,0
台南市,歸仁區,崙頂里,2024-01-01,0
台南市,歸仁區,後市里,2023-06-12,0
台南市,歸仁區,後市里,2023-06-19,0
台南市,歸仁區,後市里,2023-06-26,0
台南市,歸仁區,後市里,2023-07-03,0
台南市,歸仁區,後市里,2023-07-10,0
台南市,歸仁區,後市里,2023-07-17,0
台南市,歸仁區,後市里,2023-07-24,0
台南市,歸仁區,後市里,2023-07-31,0
台南市,歸仁區,後市里,2023-08-07,0
台南市,歸仁區,後市里,2023-08-14,0
台南市,歸仁區,後市里,2023-08-21,0
台南市,歸仁區,後市里,2023-08-28,0
台南市,歸仁區,後市里,2023-09-04,0
台南市,歸仁區,後市里,2023-09-11,0
台南市,歸仁區,後市里,2023-09-18,1
台南市,歸仁區,後市里,2023-09-25,1
台南市,歸仁區,後市里,2023-10-02,2
台南市,歸仁區,後市里,2023-10-09,2
台南市,歸仁區,後市里,2023-10-16,4
台南市,歸仁區,後市里,2023-10-23,0
台南市,歸仁區,後市里,2023-10-30,0
台南市,歸仁區,後市里,2023-11-06,2
台南市,歸仁區,後市里,2023-11-13,1
台南市,歸仁區,後市里,2023-11-20,0
台南市,歸仁區,後市里,2023-11-27,0
台南市,歸仁區,後市里,2023-12-04,0
台南市,歸仁區,後市里,2023-12-11,1
台南市,歸仁區,後市里,2023-12-18,0
台南市,歸仁區,後市里,2023-12-25,0
台南市,歸仁區,後市里,2024-01-01,0
台南市,歸仁區,文化里,2023-06-12,0
台南市,歸仁區,文化里,2023-06-19,0
台南市,歸仁區,文化里,2023-06-26,0
台南市,歸仁區,文化里,2023-07-03,0
台南市,歸仁區,文化里,2023-07-10,0
台南市,歸仁區,文化里,2023-07-17,0
台南市,歸仁區,文化里,2023-07-24,0
台南市,歸仁區,文化里,2023-07-31,0
台南市,歸仁區,文化里,2023-08-07,0
台南市,歸仁區,文化里,2023-08-14,0
台南市,歸仁區,文化里,2023-08-21,0
台南市,歸仁區,文化里,2023-08-28,0
台南市,歸仁區,文化里,2023-09-04,0
台南市,歸仁區,文化里,2023-09-11,2
台南市,歸仁區,文化里,2023-09-18,1
台南市,歸仁區,文化里,2023-09-25,2
台南市,歸仁區,文化里,2023-10-02,1
台南市,歸仁區,文化里,2023-10-09,3
台南市,歸仁區,文化里,2023-10-16,0
台南市,歸仁區,文化里,2023-10-23,1
台南市,歸仁區,文化里,2023-10-30,0
台南市,歸仁區,文化里,2023-11-06,1
台南市,歸仁區,文化里,2023-11-13,0
台南市,歸仁區,文化里,2023-11-20,2
台南市,歸仁區,文化里,2023-11-27,0
台南市,歸仁區,文化里,2023-12-04,0
台南市,歸仁區,文化里,2023-12-11,0
台南市,歸仁區,文化里,2023-12-18,0
台南市,歸仁區,文化里,2023-12-25,0
台南市,歸仁區,文化里,2024-01-01,0
台南市,歸仁區,新厝里,2023-06-12,0
台南市,歸仁區,新厝里,2023-06-19,0
台南市,歸仁區,新厝里,2023-06-26,0
台南市,歸仁區,新厝里,2023-07-03,0
台南市,歸仁區,新厝里,2023-07-10,0
台南市,歸仁區,新厝里,2023-07-17,0
台南市,歸仁區,新厝里,2023-07-24,0
台南市,歸仁區,新厝里,2023-07-31,0
台南市,歸仁區,新厝里,2023-08-07,0
台南市,歸仁區,新厝里,2023-08-14,0
台南市,歸仁區,新厝里,2023-08-21,0
台南市,歸仁區,新厝里,2023-08-28,1
台南市,歸仁區,新厝里,2023-09-04,0
台南市,歸仁區,新厝里,2023-09-11,0
台南市,歸仁區,新厝里,2023-09-18,0
台南市,歸仁區,新厝里,2023-09-25,1
台南市,歸仁區,新厝里,2023-10-02,3
台南市,歸仁區,新厝里,2023-10-09,1
台南市,歸仁區,新厝里,2023-10-16,1
台南市,歸仁區,新厝里,2023-10-23,0
台南市,歸仁區,新厝里,2023-10-30,2
台南市,歸仁區,新厝里,2023-11-06,4
台南市,歸仁區,新厝里,2023-11-13,2
台南市,歸仁區,新厝里,2023-11-20,2
台南市,歸仁區,新厝里,2023-11-27,1
台南市,歸仁區,新厝里,2023-12-04,1
台南市,歸仁區,新厝里,2023-12-11,0
台南市,歸仁區,新厝里,2023-12-18,0
台南市,歸仁區,新厝里,2023-12-25,0
台南市,歸仁區,新厝里,2024-01-01,0
台南市,歸仁區,武東里,2023-06-12,0
台南市,歸仁區,武東里,2023-06-19,0
台南市,歸仁區,武東里,2023-06-26,0
台南市,歸仁區,武東里,2023-07-03,0
台南市,歸仁區,武東里,2023-07-10,0
台南市,歸仁區,武東里,2023-07-17,0
台南市,歸仁區,武東里,2023-07-24,0
台南市,歸仁區,武東里,2023-07-31,0
台南市,歸仁區,武東里,2023-08-07,0
台南市,歸仁區,武東里,2023-08-14,0
台南市,歸仁區,武東里,2023-08-21,0
台南市,歸仁區,武東里,2023-08-28,1
台南市,歸仁區,武東里,2023-09-04,1
台南市,歸仁區,武東里,2023-09-11,0
台南市,歸仁區,武東里,2023-09-18,0
台南市,歸仁區,武東里,2023-09-25,0
台南市,歸仁區,武東里,2023-10-02,2
台南市,歸仁區,武東里,2023-10-09,2
台南市,歸仁區,武東里,2023-10-16,1
台南市,歸仁區,武東里,2023-10-23,0
台南市,歸仁區,武東里,2023-10-30,0
台南市,歸仁區,武東里,2023-11-06,0
台南市,歸仁區,武東里,2023-11-13,1
台南市,歸仁區,武東里,2023-11-20,1
台南市,歸仁區,武東里,2023-11-27,0
台南市,歸仁區,武東里,2023-12-04,0
台南市,歸仁區,武東里,2023-12-11,0
台南市,歸仁區,武東里,2023-12-18,0
台南市,歸仁區,武東里,2023-12-25,0
台南市,歸仁區,武東里,2024-01-01,0
台南市,歸仁區,歸仁里,2023-06-12,0
台南市,歸仁區,歸仁里,2023-06-19,0
台南市,歸仁區,歸仁里,2023-06-26,0
台南市,歸仁區,歸仁里,2023-07-03,0
台南市,歸仁區,歸仁里,2023-07-10,0
台南市,歸仁區,歸仁里,2023-07-17,2
台南市,歸仁區,歸仁里,2023-07-24,0
台南市,歸仁區,歸仁里,2023-07-31,0
台南市,歸仁區,歸仁里,2023-08-07,0
台南市,歸仁區,歸仁里,2023-08-14,0
台南市,歸仁區,歸仁里,2023-08-21,0
台南市,歸仁區,歸仁里,2023-08-28,1
台南市,歸仁區,歸仁里,2023-09-04,0
台南市,歸仁區,歸仁里,2023-09-11,1
台南市,歸仁區,歸仁里,2023-09-18,1
台南市,歸仁區,歸仁里,2023-09-25,2
台南市,歸仁區,歸仁里,2023-10-02,1
台南市,歸仁區,歸仁里,2023-10-09,0
台南市,歸仁區,歸仁里,2023-10-16,0
台南市,歸仁區,歸仁里,2023-10-23,0
台南市,歸仁區,歸仁里,2023-10-30,4
台南市,歸仁區,歸仁里,2023-11-06,3
台南市,歸仁區,歸仁里,2023-11-13,3
台南市,歸仁區,歸仁里,2023-11-20,0
台南市,歸仁區,歸仁里,2023-11-27,0
台南市,歸仁區,歸仁里,2023-12-04,1
台南市,歸仁區,歸仁里,2023-12-11,0
台南市,歸仁區,歸仁里,2023-12-18,0
台南市,歸仁區,歸仁里,2023-12-25,1
台南市,歸仁區,歸仁里,2024-01-01,0
台南市,歸仁區,歸南里,2023-06-12,0
台南市,歸仁區,歸南里,2023-06-19,0
台南市,歸仁區,歸南里,2023-06-26,0
台南市,歸仁區,歸南里,2023-07-03,0
台南市,歸仁區,歸南里,2023-07-10,0
台南市,歸仁區,歸南里,2023-07-17,0
台南市,歸仁區,歸南里,2023-07-24,0
台南市,歸仁區,歸南里,2023-07-31,0
台南市,歸仁區,歸南里,2023-08-07,0
台南市,歸仁區,歸南里,2023-08-14,0
台南市,歸仁區,歸南里,2023-08-21,3
台南市,歸仁區,歸南里,2023-08-28,0
台南市,歸仁區,歸南里,2023-09-04,1
台南市,歸仁區,歸南里,2023-09-11,2
台南市,歸仁區,歸南里,2023-09-18,3
台南市,歸仁區,歸南里,2023-09-25,2
台南市,歸仁區,歸南里,2023-10-02,0
台南市,歸仁區,歸南里,2023-10-09,3
台南市,歸仁區,歸南里,2023-10-16,0
台南市,歸仁區,歸南里,2023-10-23,2
台南市,歸仁區,歸南里,2023-10-30,0
台南市,歸仁區,歸南里,2023-11-06,2
台南市,歸仁區,歸南里,2023-11-13,1
台南市,歸仁區,歸南里,2023-11-20,2
台南市,歸仁區,歸南里,2023-11-27,0
台南市,歸仁區,歸南里,2023-12-04,0
台南市,歸仁區,歸南里,2023-12-11,0
台南市,歸仁區,歸南里,2023-12-18,0
台南市,歸仁區,歸南里,2023-12-25,0
台南市,歸仁區,歸南里,2024-01-01,0
台南市,歸仁區,沙崙里,2023-06-12,0
台南市,歸仁區,沙崙里,2023-06-19,0
台南市,歸仁區,沙崙里,2023-06-26,0
台南市,歸仁區,沙崙里,2023-07-03,0
台南市,歸仁區,沙崙里,2023-07-10,0
台南市,歸仁區,沙崙里,2023-07-17,1
台南市,歸仁區,沙崙里,2023-07-24,0
台南市,歸仁區,沙崙里,2023-07-31,0
台南市,歸仁區,沙崙里,2023-08-07,0
台南市,歸仁區,沙崙里,2023-08-14,1
台南市,歸仁區,沙崙里,2023-08-21,0
台南市,歸仁區,沙崙里,2023-08-28,0
台南市,歸仁區,沙崙里,2023-09-04,0
台南市,歸仁區,沙崙里,2023-09-11,0
台南市,歸仁區,沙崙里,2023-09-18,0
台南市,歸仁區,沙崙里,2023-09-25,1
台南市,歸仁區,沙崙里,2023-10-02,0
台南市,歸仁區,沙崙里,2023-10-09,1
台南市,歸仁區,沙崙里,2023-10-16,3
台南市,歸仁區,沙崙里,2023-10-23,1
台南市,歸仁區,沙崙里,2023-10-30,3
台南市,歸仁區,沙崙里,2023-11-06,1
台南市,歸仁區,沙崙里,2023-11-13,0
台南市,歸仁區,沙崙里,2023-11-20,1
台南市,歸仁區,沙崙里,2023-11-27,0
台南市,歸仁區,沙崙里,2023-12-04,0
台南市,歸仁區,沙崙里,2023-12-11,0
台南市,歸仁區,沙崙里,2023-12-18,0
台南市,歸仁區,沙崙里,2023-12-25,0
台南市,歸仁區,沙崙里,2024-01-01,0
台南市,歸仁區,看東里,2023-06-12,0
台南市,歸仁區,看東里,2023-06-19,0
台南市,歸仁區,看東里,2023-06-26,0
台南市,歸仁區,看東里,2023-07-03,0
台南市,歸仁區,看東里,2023-07-10,0
台南市,歸仁區,看東里,2023-07-17,0
台南市,歸仁區,看東里,2023-07-24,0
台南市,歸仁區,看東里,2023-07-31,1
台南市,歸仁區,看東里,2023-08-07,0
台南市,歸仁區,看東里,2023-08-14,1
台南市,歸仁區,看東里,2023-08-21,1
台南市,歸仁區,看東里,2023-08-28,2
台南市,歸仁區,看東里,2023-09-04,2
台南市,歸仁區,看東里,2023-09-11,3
台南市,歸仁區,看東里,2023-09-18,3
台南市,歸仁區,看東里,2023-09-25,2
台南市,歸仁區,看東里,2023-10-02,9
台南市,歸仁區,看東里,2023-10-09,5
台南市,歸仁區,看東里,2023-10-16,5
台南市,歸仁區,看東里,2023-10-23,5
台南市,歸仁區,看東里,2023-10-30,6
台南市,歸仁區,看東里,2023-11-06,0
台南市,歸仁區,看東里,2023-11-13,2
台南市,歸仁區,看東里,2023-11-20,1
台南市,歸仁區,看東里,2023-11-27,0
台南市,歸仁區,看東里,2023-12-04,0
台南市,歸仁區,看東里,2023-12-11,0
台南市,歸仁區,看東里,2023-12-18,0
台南市,歸仁區,看東里,2023-12-25,0
台南市,歸仁區,看東里,2024-01-01,0
台南市,歸仁區,看西里,2023-06-12,0
台南市,歸仁區,看西里,2023-06-19,0
台南市,歸仁區,看西里,2023-06-26,0
台南市,歸仁區,看西里,2023-07-03,0
台南市,歸仁區,看西里,2023-07-10,0
台南市,歸仁區,看西里,2023-07-17,0
台南市,歸仁區,看西里,2023-07-24,1
台南市,歸仁區,看西里,2023-07-31,1
台南市,歸仁區,看西里,2023-08-07,0
台南市,歸仁區,看西里,2023-08-14,0
台南市,歸仁區,看西里,2023-08-21,0
台南市,歸仁區,看西里,2023-08-28,1
台南市,歸仁區,看西里,2023-09-04,2
台南市,歸仁區,看西里,2023-09-11,3
台南市,歸仁區,看西里,2023-09-18,6
台南市,歸仁區,看西里,2023-09-25,11
台南市,歸仁區,看西里,2023-10-02,15
台南市,歸仁區,看西里,2023-10-09,4
台南市,歸仁區,看西里,2023-10-16,4
台南市,歸仁區,看西里,2023-10-23,6
台南市,歸仁區,看西里,2023-10-30,1
台南市,歸仁區,看西里,2023-11-06,5
台南市,歸仁區,看西里,2023-11-13,0
台南市,歸仁區,看西里,2023-11-20,1
台南市,歸仁區,看西里,2023-11-27,0
台南市,歸仁區,看西里,2023-12-04,1
台南市,歸仁區,看西里,2023-12-11,0
台南市,歸仁區,看西里,2023-12-18,0
台南市,歸仁區,看西里,2023-12-25,0
台南市,歸仁區,看西里,2024-01-01,0
台南市,歸仁區,許厝里,2023-06-12,0
台南市,歸仁區,許厝里,2023-06-19,0
台南市,歸仁區,許厝里,2023-06-26,0
台南市,歸仁區,許厝里,2023-07-03,0
台南市,歸仁區,許厝里,2023-07-10,1
台南市,歸仁區,許厝里,2023-07-17,1
台南市,歸仁區,許厝里,2023-07-24,0
台南市,歸仁區,許厝里,2023-07-31,0
台南市,歸仁區,許厝里,2023-08-07,0
台南市,歸仁區,許厝里,2023-08-14,3
台南市,歸仁區,許厝里,2023-08-21,1
台南市,歸仁區,許厝里,2023-08-28,2
台南市,歸仁區,許厝里,2023-09-04,1
台南市,歸仁區,許厝里,2023-09-11,4
台南市,歸仁區,許厝里,2023-09-18,6
台南市,歸仁區,許厝里,2023-09-25,3
台南市,歸仁區,許厝里,2023-10-02,14
台南市,歸仁區,許厝里,2023-10-09,6
台南市,歸仁區,許厝里,2023-10-16,5
台南市,歸仁區,許厝里,2023-10-23,4
台南市,歸仁區,許厝里,2023-10-30,9
台南市,歸仁區,許厝里,2023-11-06,12
台南市,歸仁區,許厝里,2023-11-13,4
台南市,歸仁區,許厝里,2023-11-20,1
台南市,歸仁區,許厝里,2023-11-27,1
台南市,歸仁區,許厝里,2023-12-04,1
台南市,歸仁區,許厝里,2023-12-11,0
台南市,歸仁區,許厝里,2023-12-18,0
台南市,歸仁區,許厝里,2023-12-25,0
台南市,歸仁區,許厝里,2024-01-01,0
台南市,歸仁區,辜厝里,2023-06-12,0
台南市,歸仁區,辜厝里,2023-06-19,0
台南市,歸仁區,辜厝里,2023-06-26,0
台南市,歸仁區,辜厝里,2023-07-03,0
台南市,歸仁區,辜厝里,2023-07-10,0
台南市,歸仁區,辜厝里,2023-07-17,0
台南市,歸仁區,辜厝里,2023-07-24,0
台南市,歸仁區,辜厝里,2023-07-31,0
台南市,歸仁區,辜厝里,2023-08-07,0
台南市,歸仁區,辜厝里,2023-08-14,0
台南市,歸仁區,辜厝里,2023-08-21,2
台南市,歸仁區,辜厝里,2023-08-28,1
台南市,歸仁區,辜厝里,2023-09-04,1
台南市,歸仁區,辜厝里,2023-09-11,1
台南市,歸仁區,辜厝里,2023-09-18,1
台南市,歸仁區,辜厝里,2023-09-25,2
台南市,歸仁區,辜厝里,2023-10-02,4
台南市,歸仁區,辜厝里,2023-10-09,6
台南市,歸仁區,辜厝里,2023-10-16,2
台南市,歸仁區,辜厝里,2023-10-23,2
台南市,歸仁區,辜厝里,2023-10-30,1
台南市,歸仁區,辜厝里,2023-11-06,2
台南市,歸仁區,辜厝里,2023-11-13,1
台南市,歸仁區,辜厝里,2023-11-20,1
台南市,歸仁區,辜厝里,2023-11-27,0
台南市,歸仁區,辜厝里,2023-12-04,0
台南市,歸仁區,辜厝里,2023-12-11,0
台南市,歸仁區,辜厝里,2023-12-18,0
台南市,歸仁區,辜厝里,2023-12-25,0
台南市,歸仁區,辜厝里,2024-01-01,0
台南市,永康區,三合里,2023-06-12,0
台南市,永康區,三合里,2023-06-19,0
台南市,永康區,三合里,2023-06-26,0
台南市,永康區,三合里,2023-07-03,0
台南市,永康區,三合里,2023-07-10,1
台南市,永康區,三合里,2023-07-17,5
台南市,永康區,三合里,2023-07-24,4
台南市,永康區,三合里,2023-07-31,3
台南市,永康區,三合里,2023-08-07,3
台南市,永康區,三合里,2023-08-14,4
台南市,永康區,三合里,2023-08-21,8
台南市,永康區,三合里,2023-08-28,2
台南市,永康區,三合里,2023-09-04,7
台南市,永康區,三合里,2023-09-11,6
台南市,永康區,三合里,2023-09-18,4
台南市,永康區,三合里,2023-09-25,9
台南市,永康區,三合里,2023-10-02,4
台南市,永康區,三合里,2023-10-09,4
台南市,永康區,三合里,2023-10-16,4
台南市,永康區,三合里,2023-10-23,7
台南市,永康區,三合里,2023-10-30,2
台南市,永康區,三合里,2023-11-06,2
台南市,永康區,三合里,2023-11-13,3
台南市,永康區,三合里,2023-11-20,1
台南市,永康區,三合里,2023-11-27,0
台南市,永康區,三合里,2023-12-04,0
台南市,永康區,三合里,2023-12-11,0
台南市,永康區,三合里,2023-12-18,1
台南市,永康區,三合里,2023-12-25,0
台南市,永康區,三合里,2024-01-01,0
台南市,永康區,三民里,2023-06-12,0
台南市,永康區,三民里,2023-06-19,0
台南市,永康區,三民里,2023-06-26,0
台南市,永康區,三民里,2023-07-03,0
台南市,永康區,三民里,2023-07-10,0
台南市,永康區,三民里,2023-07-17,0
台南市,永康區,三民里,2023-07-24,0
台南市,永康區,三民里,2023-07-31,0
台南市,永康區,三民里,2023-08-07,0
台南市,永康區,三民里,2023-08-14,0
台南市,永康區,三民里,2023-08-21,0
台南市,永康區,三民里,2023-08-28,0
台南市,永康區,三民里,2023-09-04,0
台南市,永康區,三民里,2023-09-11,0
台南市,永康區,三民里,2023-09-18,0
台南市,永康區,三民里,2023-09-25,0
台南市,永康區,三民里,2023-10-02,0
台南市,永康區,三民里,2023-10-09,2
台南市,永康區,三民里,2023-10-16,1
台南市,永康區,三民里,2023-10-23,1
台南市,永康區,三民里,2023-10-30,0
台南市,永康區,三民里,2023-11-06,0
台南市,永康區,三民里,2023-11-13,0
台南市,永康區,三民里,2023-11-20,0
台南市,永康區,三民里,2023-11-27,0
台南市,永康區,三民里,2023-12-04,0
台南市,永康區,三民里,2023-12-11,0
台南市,永康區,三民里,2023-12-18,0
台南市,永康區,三民里,2023-12-25,0
台南市,永康區,三民里,2024-01-01,0
台南市,永康區,中興里,2023-06-12,0
台南市,永康區,中興里,2023-06-19,0
台南市,永康區,中興里,2023-06-26,0
台南市,永康區,中興里,2023-07-03,0
台南市,永康區,中興里,2023-07-10,0
台南市,永康區,中興里,2023-07-17,0
台南市,永康區,中興里,2023-07-24,1
台南市,永康區,中興里,2023-07-31,2
台南市,永康區,中興里,2023-08-07,1
台南市,永康區,中興里,2023-08-14,1
台南市,永康區,中興里,2023-08-21,0
台南市,永康區,中興里,2023-08-28,2
台南市,永康區,中興里,2023-09-04,6
台南市,永康區,中興里,2023-09-11,7
台南市,永康區,中興里,2023-09-18,8
台南市,永康區,中興里,2023-09-25,4
台南市,永康區,中興里,2023-10-02,5
台南市,永康區,中興里,2023-10-09,5
台南市,永康區,中興里,2023-10-16,4
台南市,永康區,中興里,2023-10-23,7
台南市,永康區,中興里,2023-10-30,0
台南市,永康區,中興里,2023-11-06,1
台南市,永康區,中興里,2023-11-13,2
台南市,永康區,中興里,2023-11-20,0
台南市,永康區,中興里,2023-11-27,1
台南市,永康區,中興里,2023-12-04,0
台南市,永康區,中興里,2023-12-11,1
台南市,永康區,中興里,2023-12-18,0
台南市,永康區,中興里,2023-12-25,0
台南市,永康區,中興里,2024-01-01,0
台南市,永康區,中華里,2023-06-12,0
台南市,永康區,中華里,2023-06-19,0
台南市,永康區,中華里,2023-06-26,0
台南市,永康區,中華里,2023-07-03,0
台南市,永康區,中華里,2023-07-10,0
台南市,永康區,中華里,2023-07-17,0
台南市,永康區,中華里,2023-07-24,1
台南市,永康區,中華里,2023-07-31,3
台南市,永康區,中華里,2023-08-07,2
台南市,永康區,中華里,2023-08-14,4
台南市,永康區,中華里,2023-08-21,5
台南市,永康區,中華里,2023-08-28,7
台南市,永康區,中華里,2023-09-04,8
台南市,永康區,中華里,2023-09-11,18
台南市,永康區,中華里,2023-09-18,11
台南市,永康區,中華里,2023-09-25,5
台南市,永康區,中華里,2023-10-02,12
台南市,永康區,中華里,2023-10-09,18
台南市,永康區,中華里,2023-10-16,7
台南市,永康區,中華里,2023-10-23,5
台南市,永康區,中華里,2023-10-30,3
台南市,永康區,中華里,2023-11-06,2
台南市,永康區,中華里,2023-11-13,1
台南市,永康區,中華里,2023-11-20,2
台南市,永康區,中華里,2023-11-27,2
台南市,永康區,中華里,2023-12-04,0
台南市,永康區,中華里,2023-12-11,0
台南市,永康區,中華里,2023-12-18,0
台南市,永康區,中華里,2023-12-25,0
台南市,永康區,中華里,2024-01-01,0
台南市,永康區,二王里,2023-06-12,0
台南市,永康區,二王里,2023-06-19,0
台南市,永康區,二王里,2023-06-26,0
台南市,永康區,二王里,2023-07-03,0
台南市,永康區,二王里,2023-07-10,0
台南市,永康區,二王里,2023-07-17,0
台南市,永康區,二王里,2023-07-24,3
台南市,永康區,二王里,2023-07-31,5
台南市,永康區,二王里,2023-08-07,6
台南市,永康區,二王里,2023-08-14,18
台南市,永康區,二王里,2023-08-21,12
台南市,永康區,二王里,2023-08-28,9
台南市,永康區,二王里,2023-09-04,11
台南市,永康區,二王里,2023-09-11,18
台南市,永康區,二王里,2023-09-18,8
台南市,永康區,二王里,2023-09-25,27
台南市,永康區,二王里,2023-10-02,16
台南市,永康區,二王里,2023-10-09,18
台南市,永康區,二王里,2023-10-16,16
台南市,永康區,二王里,2023-10-23,4
台南市,永康區,二王里,2023-10-30,8
台南市,永康區,二王里,2023-11-06,4
台南市,永康區,二王里,2023-11-13,5
台南市,永康區,二王里,2023-11-20,3
台南市,永康區,二王里,2023-11-27,1
台南市,永康區,二王里,2023-12-04,0
台南市,永康區,二王里,2023-12-11,0
台南市,永康區,二王里,2023-12-18,1
台南市,永康區,二王里,2023-12-25,0
台南市,永康區,二王里,2024-01-01,0
台南市,永康區,五王里,2023-06-12,0
台南市,永康區,五王里,2023-06-19,0
台南市,永康區,五王里,2023-06-26,0
台南市,永康區,五王里,2023-07-03,0
台南市,永康區,五王里,2023-07-10,13
台南市,永康區,五王里,2023-07-17,15
台南市,永康區,五王里,2023-07-24,32
台南市,永康區,五王里,2023-07-31,26
台南市,永康區,五王里,2023-08-07,36
台南市,永康區,五王里,2023-08-14,26
台南市,永康區,五王里,2023-08-21,16
台南市,永康區,五王里,2023-08-28,13
台南市,永康區,五王里,2023-09-04,12
台南市,永康區,五王里,2023-09-11,17
台南市,永康區,五王里,2023-09-18,12
台南市,永康區,五王里,2023-09-25,15
台南市,永康區,五王里,2023-10-02,18
台南市,永康區,五王里,2023-10-09,7
台南市,永康區,五王里,2023-10-16,8
台南市,永康區,五王里,2023-10-23,7
台南市,永康區,五王里,2023-10-30,2
台南市,永康區,五王里,2023-11-06,3
台南市,永康區,五王里,2023-11-13,6
台南市,永康區,五王里,2023-11-20,2
台南市,永康區,五王里,2023-11-27,3
台南市,永康區,五王里,2023-12-04,0
台南市,永康區,五王里,2023-12-11,1
台南市,永康區,五王里,2023-12-18,0
台南市,永康區,五王里,2023-12-25,0
台南市,永康區,五王里,2024-01-01,0
台南市,永康區,光復里,2023-06-12,0
台南市,永康區,光復里,2023-06-19,0
台南市,永康區,光復里,2023-06-26,0
台南市,永康區,光復里,2023-07-03,0
台南市,永康區,光復里,2023-07-10,0
台南市,永康區,光復里,2023-07-17,0
台南市,永康區,光復里,2023-07-24,0
台南市,永康區,光復里,2023-07-31,0
台南市,永康區,光復里,2023-08-07,0
台南市,永康區,光復里,2023-08-14,0
台南市,永康區,光復里,2023-08-21,0
台南市,永康區,光復里,2023-08-28,1
台南市,永康區,光復里,2023-09-04,0
台南市,永康區,光復里,2023-09-11,3
台南市,永康區,光復里,2023-09-18,1
台南市,永康區,光復里,2023-09-25,0
台南市,永康區,光復里,2023-10-02,0
台南市,永康區,光復里,2023-10-09,0
台南市,永康區,光復里,2023-10-16,0
台南市,永康區,光復里,2023-10-23,3
台南市,永康區,光復里,2023-10-30,0
台南市,永康區,光復里,2023-11-06,1
台南市,永康區,光復里,2023-11-13,0
台南市,永康區,光復里,2023-11-20,0
台南市,永康區,光復里,2023-11-27,0
台南市,永康區,光復里,2023-12-04,0
台南市,永康區,光復里,2023-12-11,0
台南市,永康區,光復里,2023-12-18,0
台南市,永康區,光復里,2023-12-25,0
台南市,永康區,光復里,2024-01-01,0
台南市,永康區,六合里,2023-06-12,0
台南市,永康區,六合里,2023-06-19,0
台南市,永康區,六合里,2023-06-26,1
台南市,永康區,六合里,2023-07-03,0
台南市,永康區,六合里,2023-07-10,1
台南市,永康區,六合里,2023-07-17,0
台南市,永康區,六合里,2023-07-24,2
台南市,永康區,六合里,2023-07-31,3
台南市,永康區,六合里,2023-08-07,5
台南市,永康區,六合里,2023-08-14,2
台南市,永康區,六合里,2023-08-21,3
台南市,永康區,六合里,2023-08-28,0
台南市,永康區,六合里,2023-09-04,6
台南市,永康區,六合里,2023-09-11,7
台南市,永康區,六合里,2023-09-18,4
台南市,永康區,六合里,2023-09-25,18
台南市,永康區,六合里,2023-10-02,20
台南市,永康區,六合里,2023-10-09,13
台南市,永康區,六合里,2023-10-16,7
台南市,永康區,六合里,2023-10-23,9
台南市,永康區,六合里,2023-10-30,10
台南市,永康區,六合里,2023-11-06,8
台南市,永康區,六合里,2023-11-13,7
台南市,永康區,六合里,2023-11-20,1
台南市,永康區,六合里,2023-11-27,1
台南市,永康區,六合里,2023-12-04,0
台南市,永康區,六合里,2023-12-11,0
台南市,永康區,六合里,2023-12-18,0
台南市,永康區,六合里,2023-12-25,0
台南市,永康區,六合里,2024-01-01,0
台南市,永康區,勝利里,2023-06-12,0
台南市,永康區,勝利里,2023-06-19,0
台南市,永康區,勝利里,2023-06-26,0
台南市,永康區,勝利里,2023-07-03,0
台南市,永康區,勝利里,2023-07-10,0
台南市,永康區,勝利里,2023-07-17,1
台南市,永康區,勝利里,2023-07-24,3
台南市,永康區,勝利里,2023-07-31,3
台南市,永康區,勝利里,2023-08-07,9
台南市,永康區,勝利里,2023-08-14,9
台南市,永康區,勝利里,2023-08-21,13
台南市,永康區,勝利里,2023-08-28,11
台南市,永康區,勝利里,2023-09-04,17
台南市,永康區,勝利里,2023-09-11,26
台南市,永康區,勝利里,2023-09-18,27
台南市,永康區,勝利里,2023-09-25,21
台南市,永康區,勝利里,2023-10-02,26
台南市,永康區,勝利里,2023-10-09,27
台南市,永康區,勝利里,2023-10-16,20
台南市,永康區,勝利里,2023-10-23,15
台南市,永康區,勝利里,2023-10-30,10
台南市,永康區,勝利里,2023-11-06,8
台南市,永康區,勝利里,2023-11-13,3
台南市,永康區,勝利里,2023-11-20,3
台南市,永康區,勝利里,2023-11-27,1
台南市,永康區,勝利里,2023-12-04,1
台南市,永康區,勝利里,2023-12-11,1
台南市,永康區,勝利里,2023-12-18,0
台南市,永康區,勝利里,2023-12-25,0
台南市,永康區,勝利里,2024-01-01,1
台南市,永康區,北灣里,2023-06-12,0
台南市,永康區,北灣里,2023-06-19,0
台南市,永康區,北灣里,2023-06-26,0
台南市,永康區,北灣里,2023-07-03,0
台南市,永康區,北灣里,2023-07-10,0
台南市,永康區,北灣里,2023-07-17,0
台南市,永康區,北灣里,2023-07-24,0
台南市,永康區,北灣里,2023-07-31,0
台南市,永康區,北灣里,2023-08-07,0
台南市,永康區,北灣里,2023-08-14,0
台南市,永康區,北灣里,2023-08-21,0
台南市,永康區,北灣里,2023-08-28,1
台南市,永康區,北灣里,2023-09-04,0
台南市,永康區,北灣里,2023-09-11,1
台南市,永康區,北灣里,2023-09-18,1
台南市,永康區,北灣里,2023-09-25,2
台南市,永康區,北灣里,2023-10-02,0
台南市,永康區,北灣里,2023-10-09,1
台南市,永康區,北灣里,2023-10-16,3
台南市,永康區,北灣里,2023-10-23,1
台南市,永康區,北灣里,2023-10-30,0
台南市,永康區,北灣里,2023-11-06,4
台南市,永康區,北灣里,2023-11-13,0
台南市,永康區,北灣里,2023-11-20,0
台南市,永康區,北灣里,2023-11-27,2
台南市,永康區,北灣里,2023-12-04,0
台南市,永康區,北灣里,2023-12-11,0
台南市,永康區,北灣里,2023-12-18,0
台南市,永康區,北灣里,2023-12-25,0
台南市,永康區,北灣里,2024-01-01,0
台南市,永康區,南灣里,2023-06-12,0
台南市,永康區,南灣里,2023-06-19,0
台南市,永康區,南灣里,2023-06-26,0
台南市,永康區,南灣里,2023-07-03,0
台南市,永康區,南灣里,2023-07-10,1
台南市,永康區,南灣里,2023-07-17,0
台南市,永康區,南灣里,2023-07-24,1
台南市,永康區,南灣里,2023-07-31,0
台南市,永康區,南灣里,2023-08-07,0
台南市,永康區,南灣里,2023-08-14,0
台南市,永康區,南灣里,2023-08-21,1
台南市,永康區,南灣里,2023-08-28,0
台南市,永康區,南灣里,2023-09-04,1
台南市,永康區,南灣里,2023-09-11,2
台南市,永康區,南灣里,2023-09-18,3
台南市,永康區,南灣里,2023-09-25,1
台南市,永康區,南灣里,2023-10-02,2
台南市,永康區,南灣里,2023-10-09,0
台南市,永康區,南灣里,2023-10-16,0
台南市,永康區,南灣里,2023-10-23,1
台南市,永康區,南灣里,2023-10-30,1
台南市,永康區,南灣里,2023-11-06,2
台南市,永康區,南灣里,2023-11-13,2
台南市,永康區,南灣里,2023-11-20,3
台南市,永康區,南灣里,2023-11-27,0
台南市,永康區,南灣里,2023-12-04,0
台南市,永康區,南灣里,2023-12-11,0
台南市,永康區,南灣里,2023-12-18,0
台南市,永康區,南灣里,2023-12-25,0
台南市,永康區,南灣里,2024-01-01,0
台南市,永康區,埔園里,2023-06-12,0
台南市,永康區,埔園里,2023-06-19,0
台南市,永康區,埔園里,2023-06-26,0
台南市,永康區,埔園里,2023-07-03,0
台南市,永康區,埔園里,2023-07-10,0
台南市,永康區,埔園里,2023-07-17,0
台南市,永康區,埔園里,2023-07-24,0
台南市,永康區,埔園里,2023-07-31,1
台南市,永康區,埔園里,2023-08-07,1
台南市,永康區,埔園里,2023-08-14,0
台南市,永康區,埔園里,2023-08-21,1
台南市,永康區,埔園里,2023-08-28,3
台南市,永康區,埔園里,2023-09-04,0
台南市,永康區,埔園里,2023-09-11,7
台南市,永康區,埔園里,2023-09-18,6
台南市,永康區,埔園里,2023-09-25,3
台南市,永康區,埔園里,2023-10-02,4
台南市,永康區,埔園里,2023-10-09,3
台南市,永康區,埔園里,2023-10-16,6
台南市,永康區,埔園里,2023-10-23,3
台南市,永康區,埔園里,2023-10-30,8
台南市,永康區,埔園里,2023-11-06,11
台南市,永康區,埔園里,2023-11-13,2
台南市,永康區,埔園里,2023-11-20,2
台南市,永康區,埔園里,2023-11-27,3
台南市,永康區,埔園里,2023-12-04,0
台南市,永康區,埔園里,2023-12-11,0
台南市,永康區,埔園里,2023-12-18,0
台南市,永康區,埔園里,2023-12-25,1
台南市,永康區,埔園里,2024-01-01,0
台南市,永康區,塩洲里,2023-06-12,0
台南市,永康區,塩洲里,2023-06-19,0
台南市,永康區,塩洲里,2023-06-26,0
台南市,永康區,塩洲里,2023-07-03,0
台南市,永康區,塩洲里,2023-07-10,0
台南市,永康區,塩洲里,2023-07-17,0
台南市,永康區,塩洲里,2023-07-24,0
台南市,永康區,塩洲里,2023-07-31,0
台南市,永康區,塩洲里,2023-08-07,0
台南市,永康區,塩洲里,2023-08-14,0
台南市,永康區,塩洲里,2023-08-21,0
台南市,永康區,塩洲里,2023-08-28,0
台南市,永康區,塩洲里,2023-09-04,0
台南市,永康區,塩洲里,2023-09-11,0
台南市,永康區,塩洲里,2023-09-18,0
台南市,永康區,塩洲里,2023-09-25,0
台南市,永康區,塩洲里,2023-10-02,0
台南市,永康區,塩洲里,2023-10-09,0
台南市,永康區,塩洲里,2023-10-16,0
台南市,永康區,塩洲里,2023-10-23,0
台南市,永康區,塩洲里,2023-10-30,0
台南市,永康區,塩洲里,2023-11-06,0
台南市,永康區,塩洲里,2023-11-13,0
台南市,永康區,塩洲里,2023-11-20,0
台南市,永康區,塩洲里,2023-11-27,0
台南市,永康區,塩洲里,2023-12-04,0
台南市,永康區,塩洲里,2023-12-11,0
台南市,永康區,塩洲里,2023-12-18,0
台南市,永康區,塩洲里,2023-12-25,0
台南市,永康區,塩洲里,2024-01-01,0
台南市,永康區,塩行里,2023-06-12,0
台南市,永康區,塩行里,2023-06-19,0
台南市,永康區,塩行里,2023-06-26,0
台南市,永康區,塩行里,2023-07-03,0
台南市,永康區,塩行里,2023-07-10,0
台南市,永康區,塩行里,2023-07-17,0
台南市,永康區,塩行里,2023-07-24,0
台南市,永康區,塩行里,2023-07-31,0
台南市,永康區,塩行里,2023-08-07,0
台南市,永康區,塩行里,2023-08-14,0
台南市,永康區,塩行里,2023-08-21,0
台南市,永康區,塩行里,2023-08-28,0
台南市,永康區,塩行里,2023-09-04,0
台南市,永康區,塩行里,2023-09-11,0
台南市,永康區,塩行里,2023-09-18,0
台南市,永康區,塩行里,2023-09-25,0
台南市,永康區,塩行里,2023-10-02,0
台南市,永康區,塩行里,2023-10-09,0
台南市,永康區,塩行里,2023-10-16,0
台南市,永康區,塩行里,2023-10-23,0
台南市,永康區,塩行里,2023-10-30,0
台南市,永康區,塩行里,2023-11-06,0
台南市,永康區,塩行里,2023-11-13,0
台南市,永康區,塩行里,2023-11-20,0
台南市,永康區,塩行里,2023-11-27,0
台南市,永康區,塩行里,2023-12-04,0
台南市,永康區,塩行里,2023-12-11,0
台南市,永康區,塩行里,2023-12-18,0
台南市,永康區,塩行里,2023-12-25,0
台南市,永康區,塩行里,2024-01-01,0
台南市,永康區,大橋里,2023-06-12,0
台南市,永康區,大橋里,2023-06-19,1
台南市,永康區,大橋里,2023-06-26,0
台南市,永康區,大橋里,2023-07-03,0
台南市,永康區,大橋里,2023-07-10,0
台南市,永康區,大橋里,2023-07-17,0
台南市,永康區,大橋里,2023-07-24,0
台南市,永康區,大橋里,2023-07-31,0
台南市,永康區,大橋里,2023-08-07,1
台南市,永康區,大橋里,2023-08-14,1
台南市,永康區,大橋里,2023-08-21,5
台南市,永康區,大橋里,2023-08-28,13
台南市,永康區,大橋里,2023-09-04,16
台南市,永康區,大橋里,2023-09-11,25
台南市,永康區,大橋里,2023-09-18,22
台南市,永康區,大橋里,2023-09-25,13
台南市,永康區,大橋里,2023-10-02,15
台南市,永康區,大橋里,2023-10-09,11
台南市,永康區,大橋里,2023-10-16,3
台南市,永康區,大橋里,2023-10-23,8
台南市,永康區,大橋里,2023-10-30,10
台南市,永康區,大橋里,2023-11-06,8
台南市,永康區,大橋里,2023-11-13,4
台南市,永康區,大橋里,2023-11-20,3
台南市,永康區,大橋里,2023-11-27,2
台南市,永康區,大橋里,2023-12-04,0
台南市,永康區,大橋里,2023-12-11,2
台南市,永康區,大橋里,2023-12-18,0
台南市,永康區,大橋里,2023-12-25,0
台南市,永康區,大橋里,2024-01-01,0
台南市,永康區,安康里,2023-06-12,0
台南市,永康區,安康里,2023-06-19,0
台南市,永康區,安康里,2023-06-26,0
台南市,永康區,安康里,2023-07-03,0
台南市,永康區,安康里,2023-07-10,0
台南市,永康區,安康里,2023-07-17,0
台南市,永康區,安康里,2023-07-24,0
台南市,永康區,安康里,2023-07-31,0
台南市,永康區,安康里,2023-08-07,1
台南市,永康區,安康里,2023-08-14,2
台南市,永康區,安康里,2023-08-21,1
台南市,永康區,安康里,2023-08-28,1
台南市,永康區,安康里,2023-09-04,4
台南市,永康區,安康里,2023-09-11,19
台南市,永康區,安康里,2023-09-18,6
台南市,永康區,安康里,2023-09-25,9
台南市,永康區,安康里,2023-10-02,9
台南市,永康區,安康里,2023-10-09,6
台南市,永康區,安康里,2023-10-16,14
台南市,永康區,安康里,2023-10-23,5
台南市,永康區,安康里,2023-10-30,7
台南市,永康區,安康里,2023-11-06,4
台南市,永康區,安康里,2023-11-13,3
台南市,永康區,安康里,2023-11-20,2
台南市,永康區,安康里,2023-11-27,4
台南市,永康區,安康里,2023-12-04,0
台南市,永康區,安康里,2023-12-11,1
台南市,永康區,安康里,2023-12-18,0
台南市,永康區,安康里,2023-12-25,0
台南市,永康區,安康里,2024-01-01,0
台南市,永康區,尚頂里,2023-06-12,0
台南市,永康區,尚頂里,2023-06-19,0
台南市,永康區,尚頂里,2023-06-26,0
台南市,永康區,尚頂里,2023-07-03,0
台南市,永康區,尚頂里,2023-07-10,0
台南市,永康區,尚頂里,2023-07-17,0
台南市,永康區,尚頂里,2023-07-24,1
台南市,永康區,尚頂里,2023-07-31,3
台南市,永康區,尚頂里,2023-08-07,0
台南市,永康區,尚頂里,2023-08-14,0
台南市,永康區,尚頂里,2023-08-21,3
台南市,永康區,尚頂里,2023-08-28,2
台南市,永康區,尚頂里,2023-09-04,2
台南市,永康區,尚頂里,2023-09-11,5
台南市,永康區,尚頂里,2023-09-18,7
台南市,永康區,尚頂里,2023-09-25,2
台南市,永康區,尚頂里,2023-10-02,13
台南市,永康區,尚頂里,2023-10-09,2
台南市,永康區,尚頂里,2023-10-16,1
台南市,永康區,尚頂里,2023-10-23,6
台南市,永康區,尚頂里,2023-10-30,3
台南市,永康區,尚頂里,2023-11-06,7
台南市,永康區,尚頂里,2023-11-13,2
台南市,永康區,尚頂里,2023-11-20,3
台南市,永康區,尚頂里,2023-11-27,0
台南市,永康區,尚頂里,2023-12-04,0
台南市,永康區,尚頂里,2023-12-11,0
台南市,永康區,尚頂里,2023-12-18,0
台南市,永康區,尚頂里,2023-12-25,0
台南市,永康區,尚頂里,2024-01-01,0
台南市,永康區,崑山里,2023-06-12,0
台南市,永康區,崑山里,2023-06-19,0
台南市,永康區,崑山里,2023-06-26,0
台南市,永康區,崑山里,2023-07-03,1
台南市,永康區,崑山里,2023-07-10,2
台南市,永康區,崑山里,2023-07-17,1
台南市,永康區,崑山里,2023-07-24,10
台南市,永康區,崑山里,2023-07-31,11
台南市,永康區,崑山里,2023-08-07,5
台南市,永康區,崑山里,2023-08-14,7
台南市,永康區,崑山里,2023-08-21,4
台南市,永康區,崑山里,2023-08-28,8
台南市,永康區,崑山里,2023-09-04,10
台南市,永康區,崑山里,2023-09-11,5
台南市,永康區,崑山里,2023-09-18,4
台南市,永康區,崑山里,2023-09-25,9
台南市,永康區,崑山里,2023-10-02,7
台南市,永康區,崑山里,2023-10-09,1
台南市,永康區,崑山里,2023-10-16,1
台南市,永康區,崑山里,2023-10-23,2
台南市,永康區,崑山里,2023-10-30,4
台南市,永康區,崑山里,2023-11-06,5
台南市,永康區,崑山里,2023-11-13,1
台南市,永康區,崑山里,2023-11-20,3
台南市,永康區,崑山里,2023-11-27,7
台南市,永康區,崑山里,2023-12-04,1
台南市,永康區,崑山里,2023-12-11,0
台南市,永康區,崑山里,2023-12-18,0
台南市,永康區,崑山里,2023-12-25,0
台南市,永康區,崑山里,2024-01-01,0
台南市,永康區,建國里,2023-06-12,0
台南市,永康區,建國里,2023-06-19,0
台南市,永康區,建國里,2023-06-26,0
台南市,永康區,建國里,2023-07-03,0
台南市,永康區,建國里,2023-07-10,0
台南市,永康區,建國里,2023-07-17,0
台南市,永康區,建國里,2023-07-24,1
台南市,永康區,建國里,2023-07-31,0
台南市,永康區,建國里,2023-08-07,0
台南市,永康區,建國里,2023-08-14,0
台南市,永康區,建國里,2023-08-21,0
台南市,永康區,建國里,2023-08-28,0
台南市,永康區,建國里,2023-09-04,1
台南市,永康區,建國里,2023-09-11,3
台南市,永康區,建國里,2023-09-18,2
台南市,永康區,建國里,2023-09-25,4
台南市,永康區,建國里,2023-10-02,2
台南市,永康區,建國里,2023-10-09,3
台南市,永康區,建國里,2023-10-16,0
台南市,永康區,建國里,2023-10-23,1
台南市,永康區,建國里,2023-10-30,1
台南市,永康區,建國里,2023-11-06,2
台南市,永康區,建國里,2023-11-13,2
台南市,永康區,建國里,2023-11-20,3
台南市,永康區,建國里,2023-11-27,0
台南市,永康區,建國里,2023-12-04,0
台南市,永康區,建國里,2023-12-11,0
台南市,永康區,建國里,2023-12-18,0
台南市,永康區,建國里,2023-12-25,0
台南市,永康區,建國里,2024-01-01,0
台南市,永康區,復國里,2023-06-12,0
台南市,永康區,復國里,2023-06-19,0
台南市,永康區,復國里,2023-06-26,0
台南市,永康區,復國里,2023-07-03,0
台南市,永康區,復國里,2023-07-10,0
台南市,永康區,復國里,2023-07-17,0
台南市,永康區,復國里,2023-07-24,1
台南市,永康區,復國里,2023-07-31,2
台南市,永康區,復國里,2023-08-07,4
台南市,永康區,復國里,2023-08-14,2
台南市,永康區,復國里,2023-08-21,5
台南市,永康區,復國里,2023-08-28,1
台南市,永康區,復國里,2023-09-04,11
台南市,永康區,復國里,2023-09-11,12
台南市,永康區,復國里,2023-09-18,13
台南市,永康區,復國里,2023-09-25,7
台南市,永康區,復國里,2023-10-02,21
台南市,永康區,復國里,2023-10-09,13
台南市,永康區,復國里,2023-10-16,7
台南市,永康區,復國里,2023-10-23,9
台南市,永康區,復國里,2023-10-30,18
台南市,永康區,復國里,2023-11-06,14
台南市,永康區,復國里,2023-11-13,7
台南市,永康區,復國里,2023-11-20,3
台南市,永康區,復國里,2023-11-27,0
台南市,永康區,復國里,2023-12-04,2
台南市,永康區,復國里,2023-12-11,0
台南市,永康區,復國里,2023-12-18,0
台南市,永康區,復國里,2023-12-25,0
台南市,永康區,復國里,2024-01-01,3
台南市,永康區,復華里,2023-06-12,0
台南市,永康區,復華里,2023-06-19,0
台南市,永康區,復華里,2023-06-26,0
台南市,永康區,復華里,2023-07-03,0
台南市,永康區,復華里,2023-07-10,1
台南市,永康區,復華里,2023-07-17,0
台南市,永康區,復華里,2023-07-24,4
台南市,永康區,復華里,2023-07-31,1
台南市,永康區,復華里,2023-08-07,5
台南市,永康區,復華里,2023-08-14,7
台南市,永康區,復華里,2023-08-21,14
台南市,永康區,復華里,2023-08-28,17
台南市,永康區,復華里,2023-09-04,16
台南市,永康區,復華里,2023-09-11,26
台南市,永康區,復華里,2023-09-18,40
台南市,永康區,復華里,2023-09-25,39
台南市,永康區,復華里,2023-10-02,51
台南市,永康區,復華里,2023-10-09,42
台南市,永康區,復華里,2023-10-16,27
台南市,永康區,復華里,2023-10-23,28
台南市,永康區,復華里,2023-10-30,20
台南市,永康區,復華里,2023-11-06,20
台南市,永康區,復華里,2023-11-13,9
台南市,永康區,復華里,2023-11-20,1
台南市,永康區,復華里,2023-11-27,1
台南市,永康區,復華里,2023-12-04,1
台南市,永康區,復華里,2023-12-11,1
台南市,永康區,復華里,2023-12-18,1
台南市,永康區,復華里,2023-12-25,0
台南市,永康區,復華里,2024-01-01,0
台南市,永康區,新樹里,2023-06-12,0
台南市,永康區,新樹里,2023-06-19,0
台南市,永康區,新樹里,2023-06-26,0
台南市,永康區,新樹里,2023-07-03,0
台南市,永康區,新樹里,2023-07-10,0
台南市,永康區,新樹里,2023-07-17,0
台南市,永康區,新樹里,2023-07-24,0
台南市,永康區,新樹里,2023-07-31,0
台南市,永康區,新樹里,2023-08-07,0
台南市,永康區,新樹里,2023-08-14,0
台南市,永康區,新樹里,2023-08-21,0
台南市,永康區,新樹里,2023-08-28,0
台南市,永康區,新樹里,2023-09-04,0
台南市,永康區,新樹里,2023-09-11,0
台南市,永康區,新樹里,2023-09-18,0
台南市,永康區,新樹里,2023-09-25,0
台南市,永康區,新樹里,2023-10-02,1
台南市,永康區,新樹里,2023-10-09,0
台南市,永康區,新樹里,2023-10-16,2
台南市,永康區,新樹里,2023-10-23,2
台南市,永康區,新樹里,2023-10-30,0
台南市,永康區,新樹里,2023-11-06,1
台南市,永康區,新樹里,2023-11-13,0
台南市,永康區,新樹里,2023-11-20,0
台南市,永康區,新樹里,2023-11-27,0
台南市,永康區,新樹里,2023-12-04,0
台南市,永康區,新樹里,2023-12-11,0
台南市,永康區,新樹里,2023-12-18,0
台南市,永康區,新樹里,2023-12-25,0
台南市,永康區,新樹里,2024-01-01,0
台南市,永康區,東橋里,2023-06-12,0
台南市,永康區,東橋里,2023-06-19,0
台南市,永康區,東橋里,2023-06-26,0
台南市,永康區,東橋里,2023-07-03,0
台南市,永康區,東橋里,2023-07-10,0
台南市,永康區,東橋里,2023-07-17,0
台南市,永康區,東橋里,2023-07-24,3
台南市,永康區,東橋里,2023-07-31,0
台南市,永康區,東橋里,2023-08-07,4
台南市,永康區,東橋里,2023-08-14,7
台南市,永康區,東橋里,2023-08-21,7
台南市,永康區,東橋里,2023-08-28,3
台南市,永康區,東橋里,2023-09-04,7
台南市,永康區,東橋里,2023-09-11,19
台南市,永康區,東橋里,2023-09-18,12
台南市,永康區,東橋里,2023-09-25,13
台南市,永康區,東橋里,2023-10-02,10
台南市,永康區,東橋里,2023-10-09,8
台南市,永康區,東橋里,2023-10-16,6
台南市,永康區,東橋里,2023-10-23,7
台南市,永康區,東橋里,2023-10-30,7
台南市,永康區,東橋里,2023-11-06,2
台南市,永康區,東橋里,2023-11-13,2
台南市,永康區,東橋里,2023-11-20,0
台南市,永康區,東橋里,2023-11-27,0
台南市,永康區,東橋里,2023-12-04,0
台南市,永康區,東橋里,2023-12-11,1
台南市,永康區,東橋里,2023-12-18,1
台南市,永康區,東橋里,2023-12-25,0
台南市,永康區,東橋里,2024-01-01,1
台南市,永康區,東灣里,2023-06-12,0
台南市,永康區,東灣里,2023-06-19,0
台南市,永康區,東灣里,2023-06-26,0
台南市,永康區,東灣里,2023-07-03,0
台南市,永康區,東灣里,2023-07-10,0
台南市,永康區,東灣里,2023-07-17,0
台南市,永康區,東灣里,2023-07-24,0
台南市,永康區,東灣里,2023-07-31,0
台南市,永康區,東灣里,2023-08-07,0
台南市,永康區,東灣里,2023-08-14,0
台南市,永康區,東灣里,2023-08-21,0
台南市,永康區,東灣里,2023-08-28,2
台南市,永康區,東灣里,2023-09-04,3
台南市,永康區,東灣里,2023-09-11,3
台南市,永康區,東灣里,2023-09-18,2
台南市,永康區,東灣里,2023-09-25,1
台南市,永康區,東灣里,2023-10-02,2
台南市,永康區,東灣里,2023-10-09,2
台南市,永康區,東灣里,2023-10-16,0
台南市,永康區,東灣里,2023-10-23,3
台南市,永康區,東灣里,2023-10-30,2
台南市,永康區,東灣里,2023-11-06,2
台南市,永康區,東灣里,2023-11-13,1
台南市,永康區,東灣里,2023-11-20,1
台南市,永康區,東灣里,2023-11-27,1
台南市,永康區,東灣里,2023-12-04,0
台南市,永康區,東灣里,2023-12-11,0
台南市,永康區,東灣里,2023-12-18,0
台南市,永康區,東灣里,2023-12-25,0
台南市,永康區,東灣里,2024-01-01,1
台南市,永康區,正強里,2023-06-12,0
台南市,永康區,正強里,2023-06-19,0
台南市,永康區,正強里,2023-06-26,0
台南市,永康區,正強里,2023-07-03,0
台南市,永康區,正強里,2023-07-10,0
台南市,永康區,正強里,2023-07-17,1
台南市,永康區,正強里,2023-07-24,1
台南市,永康區,正強里,2023-07-31,2
台南市,永康區,正強里,2023-08-07,1
台南市,永康區,正強里,2023-08-14,3
台南市,永康區,正強里,2023-08-21,4
台南市,永康區,正強里,2023-08-28,5
台南市,永康區,正強里,2023-09-04,10
台南市,永康區,正強里,2023-09-11,15
台南市,永康區,正強里,2023-09-18,10
台南市,永康區,正強里,2023-09-25,4
台南市,永康區,正強里,2023-10-02,9
台南市,永康區,正強里,2023-10-09,6
台南市,永康區,正強里,2023-10-16,8
台南市,永康區,正強里,2023-10-23,10
台南市,永康區,正強里,2023-10-30,8
台南市,永康區,正強里,2023-11-06,6
台南市,永康區,正強里,2023-11-13,6
台南市,永康區,正強里,2023-11-20,3
台南市,永康區,正強里,2023-11-27,3
台南市,永康區,正強里,2023-12-04,0
台南市,永康區,正強里,2023-12-11,2
台南市,永康區,正強里,2023-12-18,0
台南市,永康區,正強里,2023-12-25,0
台南市,永康區,正強里,2024-01-01,1
台南市,永康區,永康里,2023-06-12,0
台南市,永康區,永康里,2023-06-19,0
台南市,永康區,永康里,2023-06-26,0
台南市,永康區,永康里,2023-07-03,0
台南市,永康區,永康里,2023-07-10,0
台南市,永康區,永康里,2023-07-17,0
台南市,永康區,永康里,2023-07-24,1
台南市,永康區,永康里,2023-07-31,0
台南市,永康區,永康里,2023-08-07,0
台南市,永康區,永康里,2023-08-14,0
台南市,永康區,永康里,2023-08-21,0
台南市,永康區,永康里,2023-08-28,8
台南市,永康區,永康里,2023-09-04,7
台南市,永康區,永康里,2023-09-11,0
台南市,永康區,永康里,2023-09-18,6
台南市,永康區,永康里,2023-09-25,3
台南市,永康區,永康里,2023-10-02,4
台南市,永康區,永康里,2023-10-09,4
台南市,永康區,永康里,2023-10-16,2
台南市,永康區,永康里,2023-10-23,1
台南市,永康區,永康里,2023-10-30,3
台南市,永康區,永康里,2023-11-06,1
台南市,永康區,永康里,2023-11-13,2
台南市,永康區,永康里,2023-11-20,3
台南市,永康區,永康里,2023-11-27,0
台南市,永康區,永康里,2023-12-04,0
台南市,永康區,永康里,2023-12-11,0
台南市,永康區,永康里,2023-12-18,0
台南市,永康區,永康里,2023-12-25,0
台南市,永康區,永康里,2024-01-01,0
台南市,永康區,烏竹里,2023-06-12,0
台南市,永康區,烏竹里,2023-06-19,0
台南市,永康區,烏竹里,2023-06-26,0
台南市,永康區,烏竹里,2023-07-03,0
台南市,永康區,烏竹里,2023-07-10,0
台南市,永康區,烏竹里,2023-07-17,0
台南市,永康區,烏竹里,2023-07-24,0
台南市,永康區,烏竹里,2023-07-31,0
台南市,永康區,烏竹里,2023-08-07,0
台南市,永康區,烏竹里,2023-08-14,1
台南市,永康區,烏竹里,2023-08-21,0
台南市,永康區,烏竹里,2023-08-28,0
台南市,永康區,烏竹里,2023-09-04,1
台南市,永康區,烏竹里,2023-09-11,1
台南市,永康區,烏竹里,2023-09-18,2
台南市,永康區,烏竹里,2023-09-25,0
台南市,永康區,烏竹里,2023-10-02,2
台南市,永康區,烏竹里,2023-10-09,5
台南市,永康區,烏竹里,2023-10-16,0
台南市,永康區,烏竹里,2023-10-23,0
台南市,永康區,烏竹里,2023-10-30,0
台南市,永康區,烏竹里,2023-11-06,0
台南市,永康區,烏竹里,2023-11-13,0
台南市,永康區,烏竹里,2023-11-20,0
台南市,永康區,烏竹里,2023-11-27,0
台南市,永康區,烏竹里,2023-12-04,0
台南市,永康區,烏竹里,2023-12-11,0
台南市,永康區,烏竹里,2023-12-18,0
台南市,永康區,烏竹里,2023-12-25,0
台南市,永康區,烏竹里,2024-01-01,0
台南市,永康區,王行里,2023-06-12,0
台南市,永康區,王行里,2023-06-19,0
台南市,永康區,王行里,2023-06-26,0
台南市,永康區,王行里,2023-07-03,0
台南市,永康區,王行里,2023-07-10,0
台南市,永康區,王行里,2023-07-17,0
台南市,永康區,王行里,2023-07-24,0
台南市,永康區,王行里,2023-07-31,0
台南市,永康區,王行里,2023-08-07,0
台南市,永康區,王行里,2023-08-14,0
台南市,永康區,王行里,2023-08-21,0
台南市,永康區,王行里,2023-08-28,0
台南市,永康區,王行里,2023-09-04,0
台南市,永康區,王行里,2023-09-11,0
台南市,永康區,王行里,2023-09-18,3
台南市,永康區,王行里,2023-09-25,0
台南市,永康區,王行里,2023-10-02,1
台南市,永康區,王行里,2023-10-09,0
台南市,永康區,王行里,2023-10-16,0
台南市,永康區,王行里,2023-10-23,0
台南市,永康區,王行里,2023-10-30,0
台南市,永康區,王行里,2023-11-06,1
台南市,永康區,王行里,2023-11-13,0
台南市,永康區,王行里,2023-11-20,0
台南市,永康區,王行里,2023-11-27,0
台南市,永康區,王行里,2023-12-04,0
台南市,永康區,王行里,2023-12-11,0
台南市,永康區,王行里,2023-12-18,0
台南市,永康區,王行里,2023-12-25,0
台南市,永康區,王行里,2024-01-01,0
台南市,永康區,甲頂里,2023-06-12,0
台南市,永康區,甲頂里,2023-06-19,0
台南市,永康區,甲頂里,2023-06-26,0
台南市,永康區,甲頂里,2023-07-03,0
台南市,永康區,甲頂里,2023-07-10,0
台南市,永康區,甲頂里,2023-07-17,0
台南市,永康區,甲頂里,2023-07-24,0
台南市,永康區,甲頂里,2023-07-31,1
台南市,永康區,甲頂里,2023-08-07,1
台南市,永康區,甲頂里,2023-08-14,3
台南市,永康區,甲頂里,2023-08-21,10
台南市,永康區,甲頂里,2023-08-28,4
台南市,永康區,甲頂里,2023-09-04,4
台南市,永康區,甲頂里,2023-09-11,20
台南市,永康區,甲頂里,2023-09-18,14
台南市,永康區,甲頂里,2023-09-25,7
台南市,永康區,甲頂里,2023-10-02,11
台南市,永康區,甲頂里,2023-10-09,4
台南市,永康區,甲頂里,2023-10-16,3
台南市,永康區,甲頂里,2023-10-23,2
台南市,永康區,甲頂里,2023-10-30,4
台南市,永康區,甲頂里,2023-11-06,3
台南市,永康區,甲頂里,2023-11-13,3
台南市,永康區,甲頂里,2023-11-20,2
台南市,永康區,甲頂里,2023-11-27,1
台南市,永康區,甲頂里,2023-12-04,1
台南市,永康區,甲頂里,2023-12-11,0
台南市,永康區,甲頂里,2023-12-18,0
台南市,永康區,甲頂里,2023-12-25,2
台南市,永康區,甲頂里,2024-01-01,0
台南市,永康區,神洲里,2023-06-12,0
台南市,永康區,神洲里,2023-06-19,0
台南市,永康區,神洲里,2023-06-26,0
台南市,永康區,神洲里,2023-07-03,0
台南市,永康區,神洲里,2023-07-10,0
台南市,永康區,神洲里,2023-07-17,0
台南市,永康區,神洲里,2023-07-24,0
台南市,永康區,神洲里,2023-07-31,0
台南市,永康區,神洲里,2023-08-07,0
台南市,永康區,神洲里,2023-08-14,0
台南市,永康區,神洲里,2023-08-21,2
台南市,永康區,神洲里,2023-08-28,0
台南市,永康區,神洲里,2023-09-04,1
台南市,永康區,神洲里,2023-09-11,1
台南市,永康區,神洲里,2023-09-18,0
台南市,永康區,神洲里,2023-09-25,3
台南市,永康區,神洲里,2023-10-02,1
台南市,永康區,神洲里,2023-10-09,2
台南市,永康區,神洲里,2023-10-16,1
台南市,永康區,神洲里,2023-10-23,1
台南市,永康區,神洲里,2023-10-30,0
台南市,永康區,神洲里,2023-11-06,0
台南市,永康區,神洲里,2023-11-13,0
台南市,永康區,神洲里,2023-11-20,1
台南市,永康區,神洲里,2023-11-27,0
台南市,永康區,神洲里,2023-12-04,0
台南市,永康區,神洲里,2023-12-11,0
台南市,永康區,神洲里,2023-12-18,0
台南市,永康區,神洲里,2023-12-25,0
台南市,永康區,神洲里,2024-01-01,0
台南市,永康區,網寮里,2023-06-12,0
台南市,永康區,網寮里,2023-06-19,0
台南市,永康區,網寮里,2023-06-26,0
台南市,永康區,網寮里,2023-07-03,0
台南市,永康區,網寮里,2023-07-10,0
台南市,永康區,網寮里,2023-07-17,0
台南市,永康區,網寮里,2023-07-24,0
台南市,永康區,網寮里,2023-07-31,1
台南市,永康區,網寮里,2023-08-07,0
台南市,永康區,網寮里,2023-08-14,1
台南市,永康區,網寮里,2023-08-21,0
台南市,永康區,網寮里,2023-08-28,2
台南市,永康區,網寮里,2023-09-04,2
台南市,永康區,網寮里,2023-09-11,8
台南市,永康區,網寮里,2023-09-18,4
台南市,永康區,網寮里,2023-09-25,3
台南市,永康區,網寮里,2023-10-02,5
台南市,永康區,網寮里,2023-10-09,6
台南市,永康區,網寮里,2023-10-16,1
台南市,永康區,網寮里,2023-10-23,9
台南市,永康區,網寮里,2023-10-30,8
台南市,永康區,網寮里,2023-11-06,4
台南市,永康區,網寮里,2023-11-13,1
台南市,永康區,網寮里,2023-11-20,1
台南市,永康區,網寮里,2023-11-27,3
台南市,永康區,網寮里,2023-12-04,1
台南市,永康區,網寮里,2023-12-11,0
台南市,永康區,網寮里,2023-12-18,0
台南市,永康區,網寮里,2023-12-25,0
台南市,永康區,網寮里,2024-01-01,0
台南市,永康區,蔦松里,2023-06-12,0
台南市,永康區,蔦松里,2023-06-19,0
台南市,永康區,蔦松里,2023-06-26,0
台南市,永康區,蔦松里,2023-07-03,0
台南市,永康區,蔦松里,2023-07-10,0
台南市,永康區,蔦松里,2023-07-17,0
台南市,永康區,蔦松里,2023-07-24,0
台南市,永康區,蔦松里,2023-07-31,0
台南市,永康區,蔦松里,2023-08-07,0
台南市,永康區,蔦松里,2023-08-14,0
台南市,永康區,蔦松里,2023-08-21,1
台南市,永康區,蔦松里,2023-08-28,1
台南市,永康區,蔦松里,2023-09-04,0
台南市,永康區,蔦松里,2023-09-11,2
台南市,永康區,蔦松里,2023-09-18,0
台南市,永康區,蔦松里,2023-09-25,0
台南市,永康區,蔦松里,2023-10-02,1
台南市,永康區,蔦松里,2023-10-09,2
台南市,永康區,蔦松里,2023-10-16,0
台南市,永康區,蔦松里,2023-10-23,0
台南市,永康區,蔦松里,2023-10-30,2
台南市,永康區,蔦松里,2023-11-06,1
台南市,永康區,蔦松里,2023-11-13,0
台南市,永康區,蔦松里,2023-11-20,0
台南市,永康區,蔦松里,2023-11-27,0
台南市,永康區,蔦松里,2023-12-04,0
台南市,永康區,蔦松里,2023-12-11,0
台南市,永康區,蔦松里,2023-12-18,0
台南市,永康區,蔦松里,2023-12-25,0
台南市,永康區,蔦松里,2024-01-01,0
台南市,永康區,西勢里,2023-06-12,0
台南市,永康區,西勢里,2023-06-19,0
台南市,永康區,西勢里,2023-06-26,0
台南市,永康區,西勢里,2023-07-03,0
台南市,永康區,西勢里,2023-07-10,0
台南市,永康區,西勢里,2023-07-17,0
台南市,永康區,西勢里,2023-07-24,0
台南市,永康區,西勢里,2023-07-31,0
台南市,永康區,西勢里,2023-08-07,0
台南市,永康區,西勢里,2023-08-14,1
台南市,永康區,西勢里,2023-08-21,0
台南市,永康區,西勢里,2023-08-28,3
台南市,永康區,西勢里,2023-09-04,1
台南市,永康區,西勢里,2023-09-11,1
台南市,永康區,西勢里,2023-09-18,1
台南市,永康區,西勢里,2023-09-25,0
台南市,永康區,西勢里,2023-10-02,0
台南市,永康區,西勢里,2023-10-09,2
台南市,永康區,西勢里,2023-10-16,1
台南市,永康區,西勢里,2023-10-23,3
台南市,永康區,西勢里,2023-10-30,4
台南市,永康區,西勢里,2023-11-06,0
台南市,永康區,西勢里,2023-11-13,4
台南市,永康區,西勢里,2023-11-20,1
台南市,永康區,西勢里,2023-11-27,0
台南市,永康區,西勢里,2023-12-04,0
台南市,永康區,西勢里,2023-12-11,0
台南市,永康區,西勢里,2023-12-18,1
台南市,永康區,西勢里,2023-12-25,0
台南市,永康區,西勢里,2024-01-01,0
台南市,永康區,西橋里,2023-06-12,0
台南市,永康區,西橋里,2023-06-19,0
台南市,永康區,西橋里,2023-06-26,0
台南市,永康區,西橋里,2023-07-03,0
台南市,永康區,西橋里,2023-07-10,0
台南市,永康區,西橋里,2023-07-17,0
台南市,永康區,西橋里,2023-07-24,0
台南市,永康區,西橋里,2023-07-31,0
台南市,永康區,西橋里,2023-08-07,2
台南市,永康區,西橋里,2023-08-14,0
台南市,永康區,西橋里,2023-08-21,1
台南市,永康區,西橋里,2023-08-28,0
台南市,永康區,西橋里,2023-09-04,1
台南市,永康區,西橋里,2023-09-11,9
台南市,永康區,西橋里,2023-09-18,1
台南市,永康區,西橋里,2023-09-25,2
台南市,永康區,西橋里,2023-10-02,9
台南市,永康區,西橋里,2023-10-09,11
台南市,永康區,西橋里,2023-10-16,6
台南市,永康區,西橋里,2023-10-23,11
台南市,永康區,西橋里,2023-10-30,9
台南市,永康區,西橋里,2023-11-06,6
台南市,永康區,西橋里,2023-11-13,2
台南市,永康區,西橋里,2023-11-20,4
台南市,永康區,西橋里,2023-11-27,1
台南市,永康區,西橋里,2023-12-04,0
台南市,永康區,西橋里,2023-12-11,0
台南市,永康區,西橋里,2023-12-18,0
台南市,永康區,西橋里,2023-12-25,1
台南市,永康區,西橋里,2024-01-01,0
台南市,永康區,西灣里,2023-06-12,0
台南市,永康區,西灣里,2023-06-19,0
台南市,永康區,西灣里,2023-06-26,0
台南市,永康區,西灣里,2023-07-03,0
台南市,永康區,西灣里,2023-07-10,1
台南市,永康區,西灣里,2023-07-17,0
台南市,永康區,西灣里,2023-07-24,1
台南市,永康區,西灣里,2023-07-31,0
台南市,永康區,西灣里,2023-08-07,1
台南市,永康區,西灣里,2023-08-14,1
台南市,永康區,西灣里,2023-08-21,2
台南市,永康區,西灣里,2023-08-28,0
台南市,永康區,西灣里,2023-09-04,3
台南市,永康區,西灣里,2023-09-11,6
台南市,永康區,西灣里,2023-09-18,0
台南市,永康區,西灣里,2023-09-25,3
台南市,永康區,西灣里,2023-10-02,5
台南市,永康區,西灣里,2023-10-09,7
台南市,永康區,西灣里,2023-10-16,3
台南市,永康區,西灣里,2023-10-23,8
台南市,永康區,西灣里,2023-10-30,3
台南市,永康區,西灣里,2023-11-06,2
台南市,永康區,西灣里,2023-11-13,5
台南市,永康區,西灣里,2023-11-20,1
台南市,永康區,西灣里,2023-11-27,0
台南市,永康區,西灣里,2023-12-04,0
台南市,永康區,西灣里,2023-12-11,0
台南市,永康區,西灣里,2023-12-18,1
台南市,永康區,西灣里,2023-12-25,0
台南市,永康區,西灣里,2024-01-01,0
台南市,永康區,龍潭里,2023-06-12,0
台南市,永康區,龍潭里,2023-06-19,0
台南市,永康區,龍潭里,2023-06-26,0
台南市,永康區,龍潭里,2023-07-03,0
台南市,永康區,龍潭里,2023-07-10,0
台南市,永康區,龍潭里,2023-07-17,0
台南市,永康區,龍潭里,2023-07-24,1
台南市,永康區,龍潭里,2023-07-31,1
台南市,永康區,龍潭里,2023-08-07,0
台南市,永康區,龍潭里,2023-08-14,0
台南市,永康區,龍潭里,2023-08-21,2
台南市,永康區,龍潭里,2023-08-28,0
台南市,永康區,龍潭里,2023-09-04,2
台南市,永康區,龍潭里,2023-09-11,4
台南市,永康區,龍潭里,2023-09-18,2
台南市,永康區,龍潭里,2023-09-25,3
台南市,永康區,龍潭里,2023-10-02,7
台南市,永康區,龍潭里,2023-10-09,2
台南市,永康區,龍潭里,2023-10-16,2
台南市,永康區,龍潭里,2023-10-23,0
台南市,永康區,龍潭里,2023-10-30,3
台南市,永康區,龍潭里,2023-11-06,3
台南市,永康區,龍潭里,2023-11-13,7
台南市,永康區,龍潭里,2023-11-20,0
台南市,永康區,龍潭里,2023-11-27,0
台南市,永康區,龍潭里,2023-12-04,0
台南市,永康區,龍潭里,2023-12-11,1
台南市,永康區,龍潭里,2023-12-18,1
台南市,永康區,龍潭里,2023-12-25,0
台南市,永康區,龍潭里,2024-01-01,0
台南市,玉井區,三和里,2023-06-12,0
台南市,玉井區,三和里,2023-06-19,0
台南市,玉井區,三和里,2023-06-26,0
台南市,玉井區,三和里,2023-07-03,0
台南市,玉井區,三和里,2023-07-10,0
台南市,玉井區,三和里,2023-07-17,0
台南市,玉井區,三和里,2023-07-24,0
台南市,玉井區,三和里,2023-07-31,0
台南市,玉井區,三和里,2023-08-07,0
台南市,玉井區,三和里,2023-08-14,0
台南市,玉井區,三和里,2023-08-21,0
台南市,玉井區,三和里,2023-08-28,0
台南市,玉井區,三和里,2023-09-04,0
台南市,玉井區,三和里,2023-09-11,0
台南市,玉井區,三和里,2023-09-18,0
台南市,玉井區,三和里,2023-09-25,0
台南市,玉井區,三和里,2023-10-02,0
台南市,玉井區,三和里,2023-10-09,0
台南市,玉井區,三和里,2023-10-16,0
台南市,玉井區,三和里,2023-10-23,0
台南市,玉井區,三和里,2023-10-30,0
台南市,玉井區,三和里,2023-11-06,0
台南市,玉井區,三和里,2023-11-13,0
台南市,玉井區,三和里,2023-11-20,0
台南市,玉井區,三和里,2023-11-27,0
台南市,玉井區,三和里,2023-12-04,0
台南市,玉井區,三和里,2023-12-11,0
台南市,玉井區,三和里,2023-12-18,0
台南市,玉井區,三和里,2023-12-25,0
台南市,玉井區,三和里,2024-01-01,0
台南市,玉井區,三埔里,2023-06-12,0
台南市,玉井區,三埔里,2023-06-19,0
台南市,玉井區,三埔里,2023-06-26,0
台南市,玉井區,三埔里,2023-07-03,0
台南市,玉井區,三埔里,2023-07-10,0
台南市,玉井區,三埔里,2023-07-17,0
台南市,玉井區,三埔里,2023-07-24,0
台南市,玉井區,三埔里,2023-07-31,0
台南市,玉井區,三埔里,2023-08-07,0
台南市,玉井區,三埔里,2023-08-14,0
台南市,玉井區,三埔里,2023-08-21,0
台南市,玉井區,三埔里,2023-08-28,0
台南市,玉井區,三埔里,2023-09-04,0
台南市,玉井區,三埔里,2023-09-11,0
台南市,玉井區,三埔里,2023-09-18,0
台南市,玉井區,三埔里,2023-09-25,0
台南市,玉井區,三埔里,2023-10-02,0
台南市,玉井區,三埔里,2023-10-09,0
台南市,玉井區,三埔里,2023-10-16,0
台南市,玉井區,三埔里,2023-10-23,0
台南市,玉井區,三埔里,2023-10-30,0
台南市,玉井區,三埔里,2023-11-06,0
台南市,玉井區,三埔里,2023-11-13,0
台南市,玉井區,三埔里,2023-11-20,0
台南市,玉井區,三埔里,2023-11-27,0
台南市,玉井區,三埔里,2023-12-04,0
台南市,玉井區,三埔里,2023-12-11,0
台南市,玉井區,三埔里,2023-12-18,0
台南市,玉井區,三埔里,2023-12-25,0
台南市,玉井區,三埔里,2024-01-01,0
台南市,玉井區,中正里,2023-06-12,0
台南市,玉井區,中正里,2023-06-19,0
台南市,玉井區,中正里,2023-06-26,0
台南市,玉井區,中正里,2023-07-03,0
台南市,玉井區,中正里,2023-07-10,0
台南市,玉井區,中正里,2023-07-17,0
台南市,玉井區,中正里,2023-07-24,0
台南市,玉井區,中正里,2023-07-31,0
台南市,玉井區,中正里,2023-08-07,0
台南市,玉井區,中正里,2023-08-14,0
台南市,玉井區,中正里,2023-08-21,0
台南市,玉井區,中正里,2023-08-28,0
台南市,玉井區,中正里,2023-09-04,0
台南市,玉井區,中正里,2023-09-11,1
台南市,玉井區,中正里,2023-09-18,0
台南市,玉井區,中正里,2023-09-25,0
台南市,玉井區,中正里,2023-10-02,0
台南市,玉井區,中正里,2023-10-09,0
台南市,玉井區,中正里,2023-10-16,0
台南市,玉井區,中正里,2023-10-23,0
台南市,玉井區,中正里,2023-10-30,0
台南市,玉井區,中正里,2023-11-06,0
台南市,玉井區,中正里,2023-11-13,0
台南市,玉井區,中正里,2023-11-20,1
台南市,玉井區,中正里,2023-11-27,0
台南市,玉井區,中正里,2023-12-04,1
台南市,玉井區,中正里,2023-12-11,0
台南市,玉井區,中正里,2023-12-18,0
台南市,玉井區,中正里,2023-12-25,0
台南市,玉井區,中正里,2024-01-01,0
台南市,玉井區,層林里,2023-06-12,0
台南市,玉井區,層林里,2023-06-19,0
台南市,玉井區,層林里,2023-06-26,0
台南市,玉井區,層林里,2023-07-03,0
台南市,玉井區,層林里,2023-07-10,0
台南市,玉井區,層林里,2023-07-17,0
台南市,玉井區,層林里,2023-07-24,0
台南市,玉井區,層林里,2023-07-31,0
台南市,玉井區,層林里,2023-08-07,0
台南市,玉井區,層林里,2023-08-14,0
台南市,玉井區,層林里,2023-08-21,0
台南市,玉井區,層林里,2023-08-28,0
台南市,玉井區,層林里,2023-09-04,0
台南市,玉井區,層林里,2023-09-11,0
台南市,玉井區,層林里,2023-09-18,0
台南市,玉井區,層林里,2023-09-25,0
台南市,玉井區,層林里,2023-10-02,0
台南市,玉井區,層林里,2023-10-09,0
台南市,玉井區,層林里,2023-10-16,0
台南市,玉井區,層林里,2023-10-23,0
台南市,玉井區,層林里,2023-10-30,0
台南市,玉井區,層林里,2023-11-06,0
台南市,玉井區,層林里,2023-11-13,0
台南市,玉井區,層林里,2023-11-20,0
台南市,玉井區,層林里,2023-11-27,0
台南市,玉井區,層林里,2023-12-04,0
台南市,玉井區,層林里,2023-12-11,0
台南市,玉井區,層林里,2023-12-18,0
台南市,玉井區,層林里,2023-12-25,0
台南市,玉井區,層林里,2024-01-01,0
台南市,玉井區,望明里,2023-06-12,0
台南市,玉井區,望明里,2023-06-19,0
台南市,玉井區,望明里,2023-06-26,0
台南市,玉井區,望明里,2023-07-03,0
台南市,玉井區,望明里,2023-07-10,0
台南市,玉井區,望明里,2023-07-17,0
台南市,玉井區,望明里,2023-07-24,0
台南市,玉井區,望明里,2023-07-31,0
台南市,玉井區,望明里,2023-08-07,0
台南市,玉井區,望明里,2023-08-14,0
台南市,玉井區,望明里,2023-08-21,0
台南市,玉井區,望明里,2023-08-28,1
台南市,玉井區,望明里,2023-09-04,0
台南市,玉井區,望明里,2023-09-11,0
台南市,玉井區,望明里,2023-09-18,0
台南市,玉井區,望明里,2023-09-25,0
台南市,玉井區,望明里,2023-10-02,0
台南市,玉井區,望明里,2023-10-09,0
台南市,玉井區,望明里,2023-10-16,0
台南市,玉井區,望明里,2023-10-23,2
台南市,玉井區,望明里,2023-10-30,0
台南市,玉井區,望明里,2023-11-06,0
台南市,玉井區,望明里,2023-11-13,0
台南市,玉井區,望明里,2023-11-20,0
台南市,玉井區,望明里,2023-11-27,0
台南市,玉井區,望明里,2023-12-04,0
台南市,玉井區,望明里,2023-12-11,0
台南市,玉井區,望明里,2023-12-18,0
台南市,玉井區,望明里,2023-12-25,0
台南市,玉井區,望明里,2024-01-01,0
台南市,玉井區,沙田里,2023-06-12,0
台南市,玉井區,沙田里,2023-06-19,0
台南市,玉井區,沙田里,2023-06-26,0
台南市,玉井區,沙田里,2023-07-03,0
台南市,玉井區,沙田里,2023-07-10,0
台南市,玉井區,沙田里,2023-07-17,0
台南市,玉井區,沙田里,2023-07-24,0
台南市,玉井區,沙田里,2023-07-31,0
台南市,玉井區,沙田里,2023-08-07,0
台南市,玉井區,沙田里,2023-08-14,0
台南市,玉井區,沙田里,2023-08-21,0
台南市,玉井區,沙田里,2023-08-28,0
台南市,玉井區,沙田里,2023-09-04,0
台南市,玉井區,沙田里,2023-09-11,0
台南市,玉井區,沙田里,2023-09-18,0
台南市,玉井區,沙田里,2023-09-25,0
台南市,玉井區,沙田里,2023-10-02,0
台南市,玉井區,沙田里,2023-10-09,0
台南市,玉井區,沙田里,2023-10-16,0
台南市,玉井區,沙田里,2023-10-23,0
台南市,玉井區,沙田里,2023-10-30,0
台南市,玉井區,沙田里,2023-11-06,0
台南市,玉井區,沙田里,2023-11-13,1
台南市,玉井區,沙田里,2023-11-20,0
台南市,玉井區,沙田里,2023-11-27,0
台南市,玉井區,沙田里,2023-12-04,0
台南市,玉井區,沙田里,2023-12-11,0
台南市,玉井區,沙田里,2023-12-18,0
台南市,玉井區,沙田里,2023-12-25,0
台南市,玉井區,沙田里,2024-01-01,0
台南市,玉井區,玉井里,2023-06-12,0
台南市,玉井區,玉井里,2023-06-19,0
台南市,玉井區,玉井里,2023-06-26,0
台南市,玉井區,玉井里,2023-07-03,0
台南市,玉井區,玉井里,2023-07-10,0
台南市,玉井區,玉井里,2023-07-17,0
台南市,玉井區,玉井里,2023-07-24,0
台南市,玉井區,玉井里,2023-07-31,0
台南市,玉井區,玉井里,2023-08-07,0
台南市,玉井區,玉井里,2023-08-14,0
台南市,玉井區,玉井里,2023-08-21,0
台南市,玉井區,玉井里,2023-08-28,0
台南市,玉井區,玉井里,2023-09-04,0
台南市,玉井區,玉井里,2023-09-11,0
台南市,玉井區,玉井里,2023-09-18,0
台南市,玉井區,玉井里,2023-09-25,0
台南市,玉井區,玉井里,2023-10-02,0
台南市,玉井區,玉井里,2023-10-09,0
台南市,玉井區,玉井里,2023-10-16,0
台南市,玉井區,玉井里,2023-10-23,0
台南市,玉井區,玉井里,2023-10-30,0
台南市,玉井區,玉井里,2023-11-06,0
台南市,玉井區,玉井里,2023-11-13,0
台南市,玉井區,玉井里,2023-11-20,0
台南市,玉井區,玉井里,2023-11-27,0
台南市,玉井區,玉井里,2023-12-04,0
台南市,玉井區,玉井里,2023-12-11,0
台南市,玉井區,玉井里,2023-12-18,0
台南市,玉井區,玉井里,2023-12-25,0
台南市,玉井區,玉井里,2024-01-01,0
台南市,玉井區,玉田里,2023-06-12,0
台南市,玉井區,玉田里,2023-06-19,0
台南市,玉井區,玉田里,2023-06-26,0
台南市,玉井區,玉田里,2023-07-03,0
台南市,玉井區,玉田里,2023-07-10,0
台南市,玉井區,玉田里,2023-07-17,0
台南市,玉井區,玉田里,2023-07-24,0
台南市,玉井區,玉田里,2023-07-31,0
台南市,玉井區,玉田里,2023-08-07,0
台南市,玉井區,玉田里,2023-08-14,0
台南市,玉井區,玉田里,2023-08-21,0
台南市,玉井區,玉田里,2023-08-28,0
台南市,玉井區,玉田里,2023-09-04,0
台南市,玉井區,玉田里,2023-09-11,0
台南市,玉井區,玉田里,2023-09-18,0
台南市,玉井區,玉田里,2023-09-25,0
台南市,玉井區,玉田里,2023-10-02,0
台南市,玉井區,玉田里,2023-10-09,0
台南市,玉井區,玉田里,2023-10-16,0
台南市,玉井區,玉田里,2023-10-23,0
台南市,玉井區,玉田里,2023-10-30,0
台南市,玉井區,玉田里,2023-11-06,0
台南市,玉井區,玉田里,2023-11-13,0
台南市,玉井區,玉田里,2023-11-20,0
台南市,玉井區,玉田里,2023-11-27,0
台南市,玉井區,玉田里,2023-12-04,0
台南市,玉井區,玉田里,2023-12-11,0
台南市,玉井區,玉田里,2023-12-18,0
台南市,玉井區,玉田里,2023-12-25,0
台南市,玉井區,玉田里,2024-01-01,0
台南市,玉井區,竹圍里,2023-06-12,0
台南市,玉井區,竹圍里,2023-06-19,0
台南市,玉井區,竹圍里,2023-06-26,0
台南市,玉井區,竹圍里,2023-07-03,0
台南市,玉井區,竹圍里,2023-07-10,0
台南市,玉井區,竹圍里,2023-07-17,0
台南市,玉井區,竹圍里,2023-07-24,0
台南市,玉井區,竹圍里,2023-07-31,0
台南市,玉井區,竹圍里,2023-08-07,0
台南市,玉井區,竹圍里,2023-08-14,0
台南市,玉井區,竹圍里,2023-08-21,0
台南市,玉井區,竹圍里,2023-08-28,0
台南市,玉井區,竹圍里,2023-09-04,0
台南市,玉井區,竹圍里,2023-09-11,0
台南市,玉井區,竹圍里,2023-09-18,0
台南市,玉井區,竹圍里,2023-09-25,0
台南市,玉井區,竹圍里,2023-10-02,0
台南市,玉井區,竹圍里,2023-10-09,0
台南市,玉井區,竹圍里,2023-10-16,0
台南市,玉井區,竹圍里,2023-10-23,0
台南市,玉井區,竹圍里,2023-10-30,0
台南市,玉井區,竹圍里,2023-11-06,0
台南市,玉井區,竹圍里,2023-11-13,0
台南市,玉井區,竹圍里,2023-11-20,0
台南市,玉井區,竹圍里,2023-11-27,0
台南市,玉井區,竹圍里,2023-12-04,0
台南市,玉井區,竹圍里,2023-12-11,0
台南市,玉井區,竹圍里,2023-12-18,0
台南市,玉井區,竹圍里,2023-12-25,0
台南市,玉井區,竹圍里,2024-01-01,0
台南市,玉井區,豐里里,2023-06-12,0
台南市,玉井區,豐里里,2023-06-19,0
台南市,玉井區,豐里里,2023-06-26,0
台南市,玉井區,豐里里,2023-07-03,0
台南市,玉井區,豐里里,2023-07-10,0
台南市,玉井區,豐里里,2023-07-17,0
台南市,玉井區,豐里里,2023-07-24,0
台南市,玉井區,豐里里,2023-07-31,0
台南市,玉井區,豐里里,2023-08-07,0
台南市,玉井區,豐里里,2023-08-14,0
台南市,玉井區,豐里里,2023-08-21,0
台南市,玉井區,豐里里,2023-08-28,0
台南市,玉井區,豐里里,2023-09-04,0
台南市,玉井區,豐里里,2023-09-11,0
台南市,玉井區,豐里里,2023-09-18,0
台南市,玉井區,豐里里,2023-09-25,0
台南市,玉井區,豐里里,2023-10-02,0
台南市,玉井區,豐里里,2023-10-09,0
台南市,玉井區,豐里里,2023-10-16,0
台南市,玉井區,豐里里,2023-10-23,0
台南市,玉井區,豐里里,2023-10-30,0
台南市,玉井區,豐里里,2023-11-06,0
台南市,玉井區,豐里里,2023-11-13,0
台南市,玉井區,豐里里,2023-11-20,0
台南市,玉井區,豐里里,2023-11-27,0
台南市,玉井區,豐里里,2023-12-04,0
台南市,玉井區,豐里里,2023-12-11,0
台南市,玉井區,豐里里,2023-12-18,0
台南市,玉井區,豐里里,2023-12-25,0
台南市,玉井區,豐里里,2024-01-01,0
台南市,白河區,仙草里,2023-06-12,0
台南市,白河區,仙草里,2023-06-19,0
台南市,白河區,仙草里,2023-06-26,0
台南市,白河區,仙草里,2023-07-03,0
台南市,白河區,仙草里,2023-07-10,0
台南市,白河區,仙草里,2023-07-17,0
台南市,白河區,仙草里,2023-07-24,0
台南市,白河區,仙草里,2023-07-31,0
台南市,白河區,仙草里,2023-08-07,0
台南市,白河區,仙草里,2023-08-14,0
台南市,白河區,仙草里,2023-08-21,0
台南市,白河區,仙草里,2023-08-28,0
台南市,白河區,仙草里,2023-09-04,0
台南市,白河區,仙草里,2023-09-11,0
台南市,白河區,仙草里,2023-09-18,0
台南市,白河區,仙草里,2023-09-25,0
台南市,白河區,仙草里,2023-10-02,0
台南市,白河區,仙草里,2023-10-09,0
台南市,白河區,仙草里,2023-10-16,0
台南市,白河區,仙草里,2023-10-23,0
台南市,白河區,仙草里,2023-10-30,0
台南市,白河區,仙草里,2023-11-06,0
台南市,白河區,仙草里,2023-11-13,0
台南市,白河區,仙草里,2023-11-20,0
台南市,白河區,仙草里,2023-11-27,0
台南市,白河區,仙草里,2023-12-04,0
台南市,白河區,仙草里,2023-12-11,0
台南市,白河區,仙草里,2023-12-18,0
台南市,白河區,仙草里,2023-12-25,0
台南市,白河區,仙草里,2024-01-01,0
台南市,白河區,內角里,2023-06-12,0
台南市,白河區,內角里,2023-06-19,0
台南市,白河區,內角里,2023-06-26,0
台南市,白河區,內角里,2023-07-03,0
台南市,白河區,內角里,2023-07-10,0
台南市,白河區,內角里,2023-07-17,0
台南市,白河區,內角里,2023-07-24,0
台南市,白河區,內角里,2023-07-31,0
台南市,白河區,內角里,2023-08-07,0
台南市,白河區,內角里,2023-08-14,0
台南市,白河區,內角里,2023-08-21,0
台南市,白河區,內角里,2023-08-28,0
台南市,白河區,內角里,2023-09-04,0
台南市,白河區,內角里,2023-09-11,0
台南市,白河區,內角里,2023-09-18,0
台南市,白河區,內角里,2023-09-25,0
台南市,白河區,內角里,2023-10-02,0
台南市,白河區,內角里,2023-10-09,0
台南市,白河區,內角里,2023-10-16,0
台南市,白河區,內角里,2023-10-23,0
台南市,白河區,內角里,2023-10-30,0
台南市,白河區,內角里,2023-11-06,0
台南市,白河區,內角里,2023-11-13,0
台南市,白河區,內角里,2023-11-20,0
台南市,白河區,內角里,2023-11-27,0
台南市,白河區,內角里,2023-12-04,0
台南市,白河區,內角里,2023-12-11,0
台南市,白河區,內角里,2023-12-18,0
台南市,白河區,內角里,2023-12-25,0
台南市,白河區,內角里,2024-01-01,0
台南市,白河區,六溪里,2023-06-12,0
台南市,白河區,六溪里,2023-06-19,0
台南市,白河區,六溪里,2023-06-26,0
台南市,白河區,六溪里,2023-07-03,0
台南市,白河區,六溪里,2023-07-10,0
台南市,白河區,六溪里,2023-07-17,0
台南市,白河區,六溪里,2023-07-24,0
台南市,白河區,六溪里,2023-07-31,0
台南市,白河區,六溪里,2023-08-07,0
台南市,白河區,六溪里,2023-08-14,0
台南市,白河區,六溪里,2023-08-21,0
台南市,白河區,六溪里,2023-08-28,0
台南市,白河區,六溪里,2023-09-04,0
台南市,白河區,六溪里,2023-09-11,0
台南市,白河區,六溪里,2023-09-18,0
台南市,白河區,六溪里,2023-09-25,0
台南市,白河區,六溪里,2023-10-02,0
台南市,白河區,六溪里,2023-10-09,0
台南市,白河區,六溪里,2023-10-16,0
台南市,白河區,六溪里,2023-10-23,0
台南市,白河區,六溪里,2023-10-30,0
台南市,白河區,六溪里,2023-11-06,0
台南市,白河區,六溪里,2023-11-13,0
台南市,白河區,六溪里,2023-11-20,0
台南市,白河區,六溪里,2023-11-27,0
台南市,白河區,六溪里,2023-12-04,0
台南市,白河區,六溪里,2023-12-11,0
台南市,白河區,六溪里,2023-12-18,0
台南市,白河區,六溪里,2023-12-25,0
台南市,白河區,六溪里,2024-01-01,0
台南市,白河區,外角里,2023-06-12,0
台南市,白河區,外角里,2023-06-19,0
台南市,白河區,外角里,2023-06-26,0
台南市,白河區,外角里,2023-07-03,0
台南市,白河區,外角里,2023-07-10,0
台南市,白河區,外角里,2023-07-17,0
台南市,白河區,外角里,2023-07-24,0
台南市,白河區,外角里,2023-07-31,0
台南市,白河區,外角里,2023-08-07,0
台南市,白河區,外角里,2023-08-14,0
台南市,白河區,外角里,2023-08-21,0
台南市,白河區,外角里,2023-08-28,0
台南市,白河區,外角里,2023-09-04,0
台南市,白河區,外角里,2023-09-11,0
台南市,白河區,外角里,2023-09-18,0
台南市,白河區,外角里,2023-09-25,0
台南市,白河區,外角里,2023-10-02,0
台南市,白河區,外角里,2023-10-09,0
台南市,白河區,外角里,2023-10-16,0
台南市,白河區,外角里,2023-10-23,0
台南市,白河區,外角里,2023-10-30,0
台南市,白河區,外角里,2023-11-06,0
台南市,白河區,外角里,2023-11-13,0
台南市,白河區,外角里,2023-11-20,0
台南市,白河區,外角里,2023-11-27,0
台南市,白河區,外角里,2023-12-04,0
台南市,白河區,外角里,2023-12-11,0
台南市,白河區,外角里,2023-12-18,0
台南市,白河區,外角里,2023-12-25,0
台南市,白河區,外角里,2024-01-01,0
台南市,白河區,大竹里,2023-06-12,0
台南市,白河區,大竹里,2023-06-19,0
台南市,白河區,大竹里,2023-06-26,0
台南市,白河區,大竹里,2023-07-03,0
台南市,白河區,大竹里,2023-07-10,0
台南市,白河區,大竹里,2023-07-17,0
台南市,白河區,大竹里,2023-07-24,0
台南市,白河區,大竹里,2023-07-31,0
台南市,白河區,大竹里,2023-08-07,0
台南市,白河區,大竹里,2023-08-14,0
台南市,白河區,大竹里,2023-08-21,0
台南市,白河區,大竹里,2023-08-28,0
台南市,白河區,大竹里,2023-09-04,0
台南市,白河區,大竹里,2023-09-11,0
台南市,白河區,大竹里,2023-09-18,0
台南市,白河區,大竹里,2023-09-25,0
台南市,白河區,大竹里,2023-10-02,0
台南市,白河區,大竹里,2023-10-09,0
台南市,白河區,大竹里,2023-10-16,0
台南市,白河區,大竹里,2023-10-23,0
台南市,白河區,大竹里,2023-10-30,0
台南市,白河區,大竹里,2023-11-06,0
台南市,白河區,大竹里,2023-11-13,0
台南市,白河區,大竹里,2023-11-20,0
台南市,白河區,大竹里,2023-11-27,0
台南市,白河區,大竹里,2023-12-04,0
台南市,白河區,大竹里,2023-12-11,0
台南市,白河區,大竹里,2023-12-18,0
台南市,白河區,大竹里,2023-12-25,0
台南市,白河區,大竹里,2024-01-01,0
台南市,白河區,崁頭里,2023-06-12,0
台南市,白河區,崁頭里,2023-06-19,0
台南市,白河區,崁頭里,2023-06-26,0
台南市,白河區,崁頭里,2023-07-03,0
台南市,白河區,崁頭里,2023-07-10,0
台南市,白河區,崁頭里,2023-07-17,0
台南市,白河區,崁頭里,2023-07-24,0
台南市,白河區,崁頭里,2023-07-31,0
台南市,白河區,崁頭里,2023-08-07,0
台南市,白河區,崁頭里,2023-08-14,0
台南市,白河區,崁頭里,2023-08-21,0
台南市,白河區,崁頭里,2023-08-28,0
台南市,白河區,崁頭里,2023-09-04,0
台南市,白河區,崁頭里,2023-09-11,0
台南市,白河區,崁頭里,2023-09-18,0
台南市,白河區,崁頭里,2023-09-25,0
台南市,白河區,崁頭里,2023-10-02,0
台南市,白河區,崁頭里,2023-10-09,0
台南市,白河區,崁頭里,2023-10-16,0
台南市,白河區,崁頭里,2023-10-23,0
台南市,白河區,崁頭里,2023-10-30,0
台南市,白河區,崁頭里,2023-11-06,0
台南市,白河區,崁頭里,2023-11-13,0
台南市,白河區,崁頭里,2023-11-20,0
台南市,白河區,崁頭里,2023-11-27,0
台南市,白河區,崁頭里,2023-12-04,0
台南市,白河區,崁頭里,2023-12-11,0
台南市,白河區,崁頭里,2023-12-18,0
台南市,白河區,崁頭里,2023-12-25,0
台南市,白河區,崁頭里,2024-01-01,0
台南市,白河區,庄內里,2023-06-12,0
台南市,白河區,庄內里,2023-06-19,0
台南市,白河區,庄內里,2023-06-26,0
台南市,白河區,庄內里,2023-07-03,0
台南市,白河區,庄內里,2023-07-10,0
台南市,白河區,庄內里,2023-07-17,0
台南市,白河區,庄內里,2023-07-24,0
台南市,白河區,庄內里,2023-07-31,0
台南市,白河區,庄內里,2023-08-07,0
台南市,白河區,庄內里,2023-08-14,0
台南市,白河區,庄內里,2023-08-21,0
台南市,白河區,庄內里,2023-08-28,0
台南市,白河區,庄內里,2023-09-04,0
台南市,白河區,庄內里,2023-09-11,0
台南市,白河區,庄內里,2023-09-18,0
台南市,白河區,庄內里,2023-09-25,0
台南市,白河區,庄內里,2023-10-02,0
台南市,白河區,庄內里,2023-10-09,0
台南市,白河區,庄內里,2023-10-16,0
台南市,白河區,庄內里,2023-10-23,0
台南市,白河區,庄內里,2023-10-30,0
台南市,白河區,庄內里,2023-11-06,0
台南市,白河區,庄內里,2023-11-13,0
台南市,白河區,庄內里,2023-11-20,0
台南市,白河區,庄內里,2023-11-27,0
台南市,白河區,庄內里,2023-12-04,0
台南市,白河區,庄內里,2023-12-11,0
台南市,白河區,庄內里,2023-12-18,0
台南市,白河區,庄內里,2023-12-25,0
台南市,白河區,庄內里,2024-01-01,0
台南市,白河區,昇安里,2023-06-12,0
台南市,白河區,昇安里,2023-06-19,0
台南市,白河區,昇安里,2023-06-26,0
台南市,白河區,昇安里,2023-07-03,0
台南市,白河區,昇安里,2023-07-10,0
台南市,白河區,昇安里,2023-07-17,0
台南市,白河區,昇安里,2023-07-24,0
台南市,白河區,昇安里,2023-07-31,0
台南市,白河區,昇安里,2023-08-07,0
台南市,白河區,昇安里,2023-08-14,0
台南市,白河區,昇安里,2023-08-21,0
台南市,白河區,昇安里,2023-08-28,0
台南市,白河區,昇安里,2023-09-04,0
台南市,白河區,昇安里,2023-09-11,0
台南市,白河區,昇安里,2023-09-18,0
台南市,白河區,昇安里,2023-09-25,0
台南市,白河區,昇安里,2023-10-02,0
台南市,白河區,昇安里,2023-10-09,0
台南市,白河區,昇安里,2023-10-16,0
台南市,白河區,昇安里,2023-10-23,0
台南市,白河區,昇安里,2023-10-30,0
台南市,白河區,昇安里,2023-11-06,0
台南市,白河區,昇安里,2023-11-13,0
台南市,白河區,昇安里,2023-11-20,0
台南市,白河區,昇安里,2023-11-27,0
台南市,白河區,昇安里,2023-12-04,0
台南市,白河區,昇安里,2023-12-11,0
台南市,白河區,昇安里,2023-12-18,0
台南市,白河區,昇安里,2023-12-25,0
台南市,白河區,昇安里,2024-01-01,0
台南市,白河區,永安里,2023-06-12,0
台南市,白河區,永安里,2023-06-19,0
台南市,白河區,永安里,2023-06-26,0
台南市,白河區,永安里,2023-07-03,0
台南市,白河區,永安里,2023-07-10,0
台南市,白河區,永安里,2023-07-17,0
台南市,白河區,永安里,2023-07-24,0
台南市,白河區,永安里,2023-07-31,0
台南市,白河區,永安里,2023-08-07,0
台南市,白河區,永安里,2023-08-14,0
台南市,白河區,永安里,2023-08-21,0
台南市,白河區,永安里,2023-08-28,0
台南市,白河區,永安里,2023-09-04,0
台南市,白河區,永安里,2023-09-11,0
台南市,白河區,永安里,2023-09-18,0
台南市,白河區,永安里,2023-09-25,0
台南市,白河區,永安里,2023-10-02,0
台南市,白河區,永安里,2023-10-09,0
台南市,白河區,永安里,2023-10-16,0
台南市,白河區,永安里,2023-10-23,0
台南市,白河區,永安里,2023-10-30,0
台南市,白河區,永安里,2023-11-06,0
台南市,白河區,永安里,2023-11-13,0
台南市,白河區,永安里,2023-11-20,0
台南市,白河區,永安里,2023-11-27,0
台南市,白河區,永安里,2023-12-04,0
台南市,白河區,永安里,2023-12-11,0
台南市,白河區,永安里,2023-12-18,0
台南市,白河區,永安里,2023-12-25,0
台南市,白河區,永安里,2024-01-01,0
台南市,白河區,汴頭里,2023-06-12,0
台南市,白河區,汴頭里,2023-06-19,0
台南市,白河區,汴頭里,2023-06-26,0
台南市,白河區,汴頭里,2023-07-03,0
台南市,白河區,汴頭里,2023-07-10,0
台南市,白河區,汴頭里,2023-07-17,0
台南市,白河區,汴頭里,2023-07-24,0
台南市,白河區,汴頭里,2023-07-31,0
台南市,白河區,汴頭里,2023-08-07,0
台南市,白河區,汴頭里,2023-08-14,0
台南市,白河區,汴頭里,2023-08-21,0
台南市,白河區,汴頭里,2023-08-28,0
台南市,白河區,汴頭里,2023-09-04,0
台南市,白河區,汴頭里,2023-09-11,0
台南市,白河區,汴頭里,2023-09-18,0
台南市,白河區,汴頭里,2023-09-25,0
台南市,白河區,汴頭里,2023-10-02,0
台南市,白河區,汴頭里,2023-10-09,0
台南市,白河區,汴頭里,2023-10-16,0
台南市,白河區,汴頭里,2023-10-23,0
台南市,白河區,汴頭里,2023-10-30,0
台南市,白河區,汴頭里,2023-11-06,0
台南市,白河區,汴頭里,2023-11-13,0
台南市,白河區,汴頭里,2023-11-20,0
台南市,白河區,汴頭里,2023-11-27,0
台南市,白河區,汴頭里,2023-12-04,0
台南市,白河區,汴頭里,2023-12-11,0
台南市,白河區,汴頭里,2023-12-18,0
台南市,白河區,汴頭里,2023-12-25,0
台南市,白河區,汴頭里,2024-01-01,0
台南市,白河區,河東里,2023-06-12,0
台南市,白河區,河東里,2023-06-19,0
台南市,白河區,河東里,2023-06-26,0
台南市,白河區,河東里,2023-07-03,0
台南市,白河區,河東里,2023-07-10,0
台南市,白河區,河東里,2023-07-17,0
台南市,白河區,河東里,2023-07-24,0
台南市,白河區,河東里,2023-07-31,0
台南市,白河區,河東里,2023-08-07,0
台南市,白河區,河東里,2023-08-14,0
台南市,白河區,河東里,2023-08-21,0
台南市,白河區,河東里,2023-08-28,0
台南市,白河區,河東里,2023-09-04,0
台南市,白河區,河東里,2023-09-11,0
台南市,白河區,河東里,2023-09-18,0
台南市,白河區,河東里,2023-09-25,0
台南市,白河區,河東里,2023-10-02,0
台南市,白河區,河東里,2023-10-09,0
台南市,白河區,河東里,2023-10-16,0
台南市,白河區,河東里,2023-10-23,0
台南市,白河區,河東里,2023-10-30,0
台南市,白河區,河東里,2023-11-06,0
台南市,白河區,河東里,2023-11-13,0
台南市,白河區,河東里,2023-11-20,0
台南市,白河區,河東里,2023-11-27,0
台南市,白河區,河東里,2023-12-04,0
台南市,白河區,河東里,2023-12-11,0
台南市,白河區,河東里,2023-12-18,0
台南市,白河區,河東里,2023-12-25,0
台南市,白河區,河東里,2024-01-01,0
台南市,白河區,白河里,2023-06-12,0
台南市,白河區,白河里,2023-06-19,0
台南市,白河區,白河里,2023-06-26,0
台南市,白河區,白河里,2023-07-03,0
台南市,白河區,白河里,2023-07-10,0
台南市,白河區,白河里,2023-07-17,0
台南市,白河區,白河里,2023-07-24,0
台南市,白河區,白河里,2023-07-31,0
台南市,白河區,白河里,2023-08-07,0
台南市,白河區,白河里,2023-08-14,0
台南市,白河區,白河里,2023-08-21,0
台南市,白河區,白河里,2023-08-28,0
台南市,白河區,白河里,2023-09-04,0
台南市,白河區,白河里,2023-09-11,0
台南市,白河區,白河里,2023-09-18,0
台南市,白河區,白河里,2023-09-25,0
台南市,白河區,白河里,2023-10-02,0
台南市,白河區,白河里,2023-10-09,0
台南市,白河區,白河里,2023-10-16,0
台南市,白河區,白河里,2023-10-23,0
台南市,白河區,白河里,2023-10-30,0
台南市,白河區,白河里,2023-11-06,0
台南市,白河區,白河里,2023-11-13,0
台南市,白河區,白河里,2023-11-20,0
台南市,白河區,白河里,2023-11-27,0
台南市,白河區,白河里,2023-12-04,0
台南市,白河區,白河里,2023-12-11,0
台南市,白河區,白河里,2023-12-18,0
台南市,白河區,白河里,2023-12-25,0
台南市,白河區,白河里,2024-01-01,0
台南市,白河區,秀祐里,2023-06-12,0
台南市,白河區,秀祐里,2023-06-19,0
台南市,白河區,秀祐里,2023-06-26,0
台南市,白河區,秀祐里,2023-07-03,0
台南市,白河區,秀祐里,2023-07-10,0
台南市,白河區,秀祐里,2023-07-17,0
台南市,白河區,秀祐里,2023-07-24,0
台南市,白河區,秀祐里,2023-07-31,0
台南市,白河區,秀祐里,2023-08-07,0
台南市,白河區,秀祐里,2023-08-14,0
台南市,白河區,秀祐里,2023-08-21,0
台南市,白河區,秀祐里,2023-08-28,0
台南市,白河區,秀祐里,2023-09-04,0
台南市,白河區,秀祐里,2023-09-11,0
台南市,白河區,秀祐里,2023-09-18,0
台南市,白河區,秀祐里,2023-09-25,0
台南市,白河區,秀祐里,2023-10-02,0
台南市,白河區,秀祐里,2023-10-09,0
台南市,白河區,秀祐里,2023-10-16,0
台南市,白河區,秀祐里,2023-10-23,0
台南市,白河區,秀祐里,2023-10-30,0
台南市,白河區,秀祐里,2023-11-06,0
台南市,白河區,秀祐里,2023-11-13,0
台南市,白河區,秀祐里,2023-11-20,0
台南市,白河區,秀祐里,2023-11-27,0
台南市,白河區,秀祐里,2023-12-04,0
台南市,白河區,秀祐里,2023-12-11,0
台南市,白河區,秀祐里,2023-12-18,0
台南市,白河區,秀祐里,2023-12-25,0
台南市,白河區,秀祐里,2024-01-01,0
台南市,白河區,竹門里,2023-06-12,0
台南市,白河區,竹門里,2023-06-19,0
台南市,白河區,竹門里,2023-06-26,0
台南市,白河區,竹門里,2023-07-03,0
台南市,白河區,竹門里,2023-07-10,0
台南市,白河區,竹門里,2023-07-17,0
台南市,白河區,竹門里,2023-07-24,0
台南市,白河區,竹門里,2023-07-31,0
台南市,白河區,竹門里,2023-08-07,0
台南市,白河區,竹門里,2023-08-14,0
台南市,白河區,竹門里,2023-08-21,0
台南市,白河區,竹門里,2023-08-28,0
台南市,白河區,竹門里,2023-09-04,0
台南市,白河區,竹門里,2023-09-11,0
台南市,白河區,竹門里,2023-09-18,0
台南市,白河區,竹門里,2023-09-25,0
台南市,白河區,竹門里,2023-10-02,0
台南市,白河區,竹門里,2023-10-09,0
台南市,白河區,竹門里,2023-10-16,0
台南市,白河區,竹門里,2023-10-23,0
台南市,白河區,竹門里,2023-10-30,0
台南市,白河區,竹門里,2023-11-06,0
台南市,白河區,竹門里,2023-11-13,0
台南市,白河區,竹門里,2023-11-20,0
台南市,白河區,竹門里,2023-11-27,0
台南市,白河區,竹門里,2023-12-04,0
台南市,白河區,竹門里,2023-12-11,0
台南市,白河區,竹門里,2023-12-18,0
台南市,白河區,竹門里,2023-12-25,0
台南市,白河區,竹門里,2024-01-01,0
台南市,白河區,關嶺里,2023-06-12,0
台南市,白河區,關嶺里,2023-06-19,0
台南市,白河區,關嶺里,2023-06-26,0
台南市,白河區,關嶺里,2023-07-03,0
台南市,白河區,關嶺里,2023-07-10,0
台南市,白河區,關嶺里,2023-07-17,0
台南市,白河區,關嶺里,2023-07-24,0
台南市,白河區,關嶺里,2023-07-31,0
台南市,白河區,關嶺里,2023-08-07,0
台南市,白河區,關嶺里,2023-08-14,0
台南市,白河區,關嶺里,2023-08-21,0
台南市,白河區,關嶺里,2023-08-28,0
台南市,白河區,關嶺里,2023-09-04,0
台南市,白河區,關嶺里,2023-09-11,0
台南市,白河區,關嶺里,2023-09-18,0
台南市,白河區,關嶺里,2023-09-25,0
台南市,白河區,關嶺里,2023-10-02,0
台南市,白河區,關嶺里,2023-10-09,0
台南市,白河區,關嶺里,2023-10-16,0
台南市,白河區,關嶺里,2023-10-23,0
台南市,白河區,關嶺里,2023-10-30,0
台南市,白河區,關嶺里,2023-11-06,0
台南市,白河區,關嶺里,2023-11-13,0
台南市,白河區,關嶺里,2023-11-20,0
台南市,白河區,關嶺里,2023-11-27,0
台南市,白河區,關嶺里,2023-12-04,0
台南市,白河區,關嶺里,2023-12-11,0
台南市,白河區,關嶺里,2023-12-18,0
台南市,白河區,關嶺里,2023-12-25,0
台南市,白河區,關嶺里,2024-01-01,0
台南市,西港區,劉厝里,2023-06-12,0
台南市,西港區,劉厝里,2023-06-19,0
台南市,西港區,劉厝里,2023-06-26,0
台南市,西港區,劉厝里,2023-07-03,0
台南市,西港區,劉厝里,2023-07-10,0
台南市,西港區,劉厝里,2023-07-17,0
台南市,西港區,劉厝里,2023-07-24,0
台南市,西港區,劉厝里,2023-07-31,0
台南市,西港區,劉厝里,2023-08-07,0
台南市,西港區,劉厝里,2023-08-14,0
台南市,西港區,劉厝里,2023-08-21,0
台南市,西港區,劉厝里,2023-08-28,1
台南市,西港區,劉厝里,2023-09-04,1
台南市,西港區,劉厝里,2023-09-11,0
台南市,西港區,劉厝里,2023-09-18,0
台南市,西港區,劉厝里,2023-09-25,0
台南市,西港區,劉厝里,2023-10-02,0
台南市,西港區,劉厝里,2023-10-09,0
台南市,西港區,劉厝里,2023-10-16,1
台南市,西港區,劉厝里,2023-10-23,0
台南市,西港區,劉厝里,2023-10-30,0
台南市,西港區,劉厝里,2023-11-06,0
台南市,西港區,劉厝里,2023-11-13,0
台南市,西港區,劉厝里,2023-11-20,1
台南市,西港區,劉厝里,2023-11-27,0
台南市,西港區,劉厝里,2023-12-04,0
台南市,西港區,劉厝里,2023-12-11,0
台南市,西港區,劉厝里,2023-12-18,0
台南市,西港區,劉厝里,2023-12-25,0
台南市,西港區,劉厝里,2024-01-01,0
台南市,西港區,南海里,2023-06-12,0
台南市,西港區,南海里,2023-06-19,0
台南市,西港區,南海里,2023-06-26,0
台南市,西港區,南海里,2023-07-03,0
台南市,西港區,南海里,2023-07-10,0
台南市,西港區,南海里,2023-07-17,0
台南市,西港區,南海里,2023-07-24,0
台南市,西港區,南海里,2023-07-31,0
台南市,西港區,南海里,2023-08-07,0
台南市,西港區,南海里,2023-08-14,0
台南市,西港區,南海里,2023-08-21,0
台南市,西港區,南海里,2023-08-28,0
台南市,西港區,南海里,2023-09-04,0
台南市,西港區,南海里,2023-09-11,0
台南市,西港區,南海里,2023-09-18,0
台南市,西港區,南海里,2023-09-25,0
台南市,西港區,南海里,2023-10-02,2
台南市,西港區,南海里,2023-10-09,0
台南市,西港區,南海里,2023-10-16,1
台南市,西港區,南海里,2023-10-23,0
台南市,西港區,南海里,2023-10-30,1
台南市,西港區,南海里,2023-11-06,1
台南市,西港區,南海里,2023-11-13,0
台南市,西港區,南海里,2023-11-20,0
台南市,西港區,南海里,2023-11-27,0
台南市,西港區,南海里,2023-12-04,0
台南市,西港區,南海里,2023-12-11,0
台南市,西港區,南海里,2023-12-18,0
台南市,西港區,南海里,2023-12-25,0
台南市,西港區,南海里,2024-01-01,0
台南市,西港區,後營里,2023-06-12,0
台南市,西港區,後營里,2023-06-19,0
台南市,西港區,後營里,2023-06-26,0
台南市,西港區,後營里,2023-07-03,0
台南市,西港區,後營里,2023-07-10,0
台南市,西港區,後營里,2023-07-17,0
台南市,西港區,後營里,2023-07-24,0
台南市,西港區,後營里,2023-07-31,0
台南市,西港區,後營里,2023-08-07,0
台南市,西港區,後營里,2023-08-14,0
台南市,西港區,後營里,2023-08-21,0
台南市,西港區,後營里,2023-08-28,0
台南市,西港區,後營里,2023-09-04,0
台南市,西港區,後營里,2023-09-11,0
台南市,西港區,後營里,2023-09-18,1
台南市,西港區,後營里,2023-09-25,0
台南市,西港區,後營里,2023-10-02,0
台南市,西港區,後營里,2023-10-09,0
台南市,西港區,後營里,2023-10-16,0
台南市,西港區,後營里,2023-10-23,0
台南市,西港區,後營里,2023-10-30,0
台南市,西港區,後營里,2023-11-06,0
台南市,西港區,後營里,2023-11-13,0
台南市,西港區,後營里,2023-11-20,0
台南市,西港區,後營里,2023-11-27,0
台南市,西港區,後營里,2023-12-04,0
台南市,西港區,後營里,2023-12-11,0
台南市,西港區,後營里,2023-12-18,0
台南市,西港區,後營里,2023-12-25,0
台南市,西港區,後營里,2024-01-01,0
台南市,西港區,慶安里,2023-06-12,0
台南市,西港區,慶安里,2023-06-19,0
台南市,西港區,慶安里,2023-06-26,0
台南市,西港區,慶安里,2023-07-03,0
台南市,西港區,慶安里,2023-07-10,0
台南市,西港區,慶安里,2023-07-17,0
台南市,西港區,慶安里,2023-07-24,0
台南市,西港區,慶安里,2023-07-31,0
台南市,西港區,慶安里,2023-08-07,0
台南市,西港區,慶安里,2023-08-14,0
台南市,西港區,慶安里,2023-08-21,0
台南市,西港區,慶安里,2023-08-28,0
台南市,西港區,慶安里,2023-09-04,0
台南市,西港區,慶安里,2023-09-11,0
台南市,西港區,慶安里,2023-09-18,0
台南市,西港區,慶安里,2023-09-25,0
台南市,西港區,慶安里,2023-10-02,1
台南市,西港區,慶安里,2023-10-09,0
台南市,西港區,慶安里,2023-10-16,0
台南市,西港區,慶安里,2023-10-23,0
台南市,西港區,慶安里,2023-10-30,3
台南市,西港區,慶安里,2023-11-06,1
台南市,西港區,慶安里,2023-11-13,1
台南市,西港區,慶安里,2023-11-20,0
台南市,西港區,慶安里,2023-11-27,1
台南市,西港區,慶安里,2023-12-04,2
台南市,西港區,慶安里,2023-12-11,0
台南市,西港區,慶安里,2023-12-18,0
台南市,西港區,慶安里,2023-12-25,0
台南市,西港區,慶安里,2024-01-01,0
台南市,西港區,新復里,2023-06-12,0
台南市,西港區,新復里,2023-06-19,0
台南市,西港區,新復里,2023-06-26,0
台南市,西港區,新復里,2023-07-03,0
台南市,西港區,新復里,2023-07-10,0
台南市,西港區,新復里,2023-07-17,0
台南市,西港區,新復里,2023-07-24,0
台南市,西港區,新復里,2023-07-31,0
台南市,西港區,新復里,2023-08-07,0
台南市,西港區,新復里,2023-08-14,0
台南市,西港區,新復里,2023-08-21,0
台南市,西港區,新復里,2023-08-28,0
台南市,西港區,新復里,2023-09-04,0
台南市,西港區,新復里,2023-09-11,0
台南市,西港區,新復里,2023-09-18,0
台南市,西港區,新復里,2023-09-25,0
台南市,西港區,新復里,2023-10-02,1
台南市,西港區,新復里,2023-10-09,0
台南市,西港區,新復里,2023-10-16,0
台南市,西港區,新復里,2023-10-23,1
台南市,西港區,新復里,2023-10-30,0
台南市,西港區,新復里,2023-11-06,0
台南市,西港區,新復里,2023-11-13,0
台南市,西港區,新復里,2023-11-20,1
台南市,西港區,新復里,2023-11-27,0
台南市,西港區,新復里,2023-12-04,0
台南市,西港區,新復里,2023-12-11,0
台南市,西港區,新復里,2023-12-18,0
台南市,西港區,新復里,2023-12-25,0
台南市,西港區,新復里,2024-01-01,0
台南市,西港區,檨林里,2023-06-12,0
台南市,西港區,檨林里,2023-06-19,0
台南市,西港區,檨林里,2023-06-26,0
台南市,西港區,檨林里,2023-07-03,0
台南市,西港區,檨林里,2023-07-10,0
台南市,西港區,檨林里,2023-07-17,0
台南市,西港區,檨林里,2023-07-24,0
台南市,西港區,檨林里,2023-07-31,0
台南市,西港區,檨林里,2023-08-07,0
台南市,西港區,檨林里,2023-08-14,0
台南市,西港區,檨林里,2023-08-21,0
台南市,西港區,檨林里,2023-08-28,0
台南市,西港區,檨林里,2023-09-04,0
台南市,西港區,檨林里,2023-09-11,0
台南市,西港區,檨林里,2023-09-18,0
台南市,西港區,檨林里,2023-09-25,0
台南市,西港區,檨林里,2023-10-02,0
台南市,西港區,檨林里,2023-10-09,0
台南市,西港區,檨林里,2023-10-16,0
台南市,西港區,檨林里,2023-10-23,0
台南市,西港區,檨林里,2023-10-30,0
台南市,西港區,檨林里,2023-11-06,0
台南市,西港區,檨林里,2023-11-13,0
台南市,西港區,檨林里,2023-11-20,1
台南市,西港區,檨林里,2023-11-27,0
台南市,西港區,檨林里,2023-12-04,0
台南市,西港區,檨林里,2023-12-11,0
台南市,西港區,檨林里,2023-12-18,0
台南市,西港區,檨林里,2023-12-25,0
台南市,西港區,檨林里,2024-01-01,0
台南市,西港區,永樂里,2023-06-12,0
台南市,西港區,永樂里,2023-06-19,0
台南市,西港區,永樂里,2023-06-26,0
台南市,西港區,永樂里,2023-07-03,0
台南市,西港區,永樂里,2023-07-10,0
台南市,西港區,永樂里,2023-07-17,0
台南市,西港區,永樂里,2023-07-24,0
台南市,西港區,永樂里,2023-07-31,0
台南市,西港區,永樂里,2023-08-07,0
台南市,西港區,永樂里,2023-08-14,1
台南市,西港區,永樂里,2023-08-21,0
台南市,西港區,永樂里,2023-08-28,0
台南市,西港區,永樂里,2023-09-04,0
台南市,西港區,永樂里,2023-09-11,0
台南市,西港區,永樂里,2023-09-18,0
台南市,西港區,永樂里,2023-09-25,0
台南市,西港區,永樂里,2023-10-02,2
台南市,西港區,永樂里,2023-10-09,0
台南市,西港區,永樂里,2023-10-16,0
台南市,西港區,永樂里,2023-10-23,0
台南市,西港區,永樂里,2023-10-30,0
台南市,西港區,永樂里,2023-11-06,0
台南市,西港區,永樂里,2023-11-13,0
台南市,西港區,永樂里,2023-11-20,0
台南市,西港區,永樂里,2023-11-27,0
台南市,西港區,永樂里,2023-12-04,0
台南市,西港區,永樂里,2023-12-11,0
台南市,西港區,永樂里,2023-12-18,0
台南市,西港區,永樂里,2023-12-25,0
台南市,西港區,永樂里,2024-01-01,0
台南市,西港區,港東里,2023-06-12,0
台南市,西港區,港東里,2023-06-19,0
台南市,西港區,港東里,2023-06-26,0
台南市,西港區,港東里,2023-07-03,0
台南市,西港區,港東里,2023-07-10,0
台南市,西港區,港東里,2023-07-17,0
台南市,西港區,港東里,2023-07-24,0
台南市,西港區,港東里,2023-07-31,0
台南市,西港區,港東里,2023-08-07,0
台南市,西港區,港東里,2023-08-14,0
台南市,西港區,港東里,2023-08-21,0
台南市,西港區,港東里,2023-08-28,0
台南市,西港區,港東里,2023-09-04,0
台南市,西港區,港東里,2023-09-11,0
台南市,西港區,港東里,2023-09-18,0
台南市,西港區,港東里,2023-09-25,0
台南市,西港區,港東里,2023-10-02,0
台南市,西港區,港東里,2023-10-09,0
台南市,西港區,港東里,2023-10-16,0
台南市,西港區,港東里,2023-10-23,0
台南市,西港區,港東里,2023-10-30,1
台南市,西港區,港東里,2023-11-06,0
台南市,西港區,港東里,2023-11-13,1
台南市,西港區,港東里,2023-11-20,0
台南市,西港區,港東里,2023-11-27,0
台南市,西港區,港東里,2023-12-04,0
台南市,西港區,港東里,2023-12-11,0
台南市,西港區,港東里,2023-12-18,1
台南市,西港區,港東里,2023-12-25,0
台南市,西港區,港東里,2024-01-01,0
台南市,西港區,營西里,2023-06-12,0
台南市,西港區,營西里,2023-06-19,0
台南市,西港區,營西里,2023-06-26,0
台南市,西港區,營西里,2023-07-03,0
台南市,西港區,營西里,2023-07-10,0
台南市,西港區,營西里,2023-07-17,0
台南市,西港區,營西里,2023-07-24,0
台南市,西港區,營西里,2023-07-31,0
台南市,西港區,營西里,2023-08-07,0
台南市,西港區,營西里,2023-08-14,0
台南市,西港區,營西里,2023-08-21,0
台南市,西港區,營西里,2023-08-28,0
台南市,西港區,營西里,2023-09-04,0
台南市,西港區,營西里,2023-09-11,1
台南市,西港區,營西里,2023-09-18,0
台南市,西港區,營西里,2023-09-25,0
台南市,西港區,營西里,2023-10-02,0
台南市,西港區,營西里,2023-10-09,1
台南市,西港區,營西里,2023-10-16,1
台南市,西港區,營西里,2023-10-23,1
台南市,西港區,營西里,2023-10-30,0
台南市,西港區,營西里,2023-11-06,0
台南市,西港區,營西里,2023-11-13,0
台南市,西港區,營西里,2023-11-20,2
台南市,西港區,營西里,2023-11-27,1
台南市,西港區,營西里,2023-12-04,0
台南市,西港區,營西里,2023-12-11,0
台南市,西港區,營西里,2023-12-18,0
台南市,西港區,營西里,2023-12-25,0
台南市,西港區,營西里,2024-01-01,0
台南市,西港區,竹林里,2023-06-12,0
台南市,西港區,竹林里,2023-06-19,0
台南市,西港區,竹林里,2023-06-26,0
台南市,西港區,竹林里,2023-07-03,0
台南市,西港區,竹林里,2023-07-10,0
台南市,西港區,竹林里,2023-07-17,0
台南市,西港區,竹林里,2023-07-24,0
台南市,西港區,竹林里,2023-07-31,0
台南市,西港區,竹林里,2023-08-07,0
台南市,西港區,竹林里,2023-08-14,0
台南市,西港區,竹林里,2023-08-21,0
台南市,西港區,竹林里,2023-08-28,0
台南市,西港區,竹林里,2023-09-04,0
台南市,西港區,竹林里,2023-09-11,1
台南市,西港區,竹林里,2023-09-18,0
台南市,西港區,竹林里,2023-09-25,0
台南市,西港區,竹林里,2023-10-02,0
台南市,西港區,竹林里,2023-10-09,0
台南市,西港區,竹林里,2023-10-16,0
台南市,西港區,竹林里,2023-10-23,0
台南市,西港區,竹林里,2023-10-30,0
台南市,西港區,竹林里,2023-11-06,0
台南市,西港區,竹林里,2023-11-13,0
台南市,西港區,竹林里,2023-11-20,1
台南市,西港區,竹林里,2023-11-27,0
台南市,西港區,竹林里,2023-12-04,0
台南市,西港區,竹林里,2023-12-11,0
台南市,西港區,竹林里,2023-12-18,0
台南市,西港區,竹林里,2023-12-25,0
台南市,西港區,竹林里,2024-01-01,0
台南市,西港區,西港里,2023-06-12,0
台南市,西港區,西港里,2023-06-19,0
台南市,西港區,西港里,2023-06-26,0
台南市,西港區,西港里,2023-07-03,0
台南市,西港區,西港里,2023-07-10,0
台南市,西港區,西港里,2023-07-17,0
台南市,西港區,西港里,2023-07-24,0
台南市,西港區,西港里,2023-07-31,0
台南市,西港區,西港里,2023-08-07,0
台南市,西港區,西港里,2023-08-14,0
台南市,西港區,西港里,2023-08-21,0
台南市,西港區,西港里,2023-08-28,0
台南市,西港區,西港里,2023-09-04,0
台南市,西港區,西港里,2023-09-11,0
台南市,西港區,西港里,2023-09-18,0
台南市,西港區,西港里,2023-09-25,0
台南市,西港區,西港里,2023-10-02,1
台南市,西港區,西港里,2023-10-09,1
台南市,西港區,西港里,2023-10-16,2
台南市,西港區,西港里,2023-10-23,0
台南市,西港區,西港里,2023-10-30,0
台南市,西港區,西港里,2023-11-06,1
台南市,西港區,西港里,2023-11-13,2
台南市,西港區,西港里,2023-11-20,0
台南市,西港區,西港里,2023-11-27,0
台南市,西港區,西港里,2023-12-04,0
台南市,西港區,西港里,2023-12-11,0
台南市,西港區,西港里,2023-12-18,0
台南市,西港區,西港里,2023-12-25,0
台南市,西港區,西港里,2024-01-01,0
台南市,西港區,金砂里,2023-06-12,0
台南市,西港區,金砂里,2023-06-19,0
台南市,西港區,金砂里,2023-06-26,0
台南市,西港區,金砂里,2023-07-03,0
台南市,西港區,金砂里,2023-07-10,0
台南市,西港區,金砂里,2023-07-17,0
台南市,西港區,金砂里,2023-07-24,0
台南市,西港區,金砂里,2023-07-31,0
台南市,西港區,金砂里,2023-08-07,0
台南市,西港區,金砂里,2023-08-14,0
台南市,西港區,金砂里,2023-08-21,0
台南市,西港區,金砂里,2023-08-28,0
台南市,西港區,金砂里,2023-09-04,0
台南市,西港區,金砂里,2023-09-11,0
台南市,西港區,金砂里,2023-09-18,0
台南市,西港區,金砂里,2023-09-25,0
台南市,西港區,金砂里,2023-10-02,0
台南市,西港區,金砂里,2023-10-09,0
台南市,西港區,金砂里,2023-10-16,0
台南市,西港區,金砂里,2023-10-23,0
台南市,西港區,金砂里,2023-10-30,0
台南市,西港區,金砂里,2023-11-06,0
台南市,西港區,金砂里,2023-11-13,0
台南市,西港區,金砂里,2023-11-20,0
台南市,西港區,金砂里,2023-11-27,0
台南市,西港區,金砂里,2023-12-04,0
台南市,西港區,金砂里,2023-12-11,0
台南市,西港區,金砂里,2023-12-18,0
台南市,西港區,金砂里,2023-12-25,0
台南市,西港區,金砂里,2024-01-01,0
台南市,關廟區,下湖里,2023-06-12,0
台南市,關廟區,下湖里,2023-06-19,0
台南市,關廟區,下湖里,2023-06-26,0
台南市,關廟區,下湖里,2023-07-03,0
台南市,關廟區,下湖里,2023-07-10,0
台南市,關廟區,下湖里,2023-07-17,0
台南市,關廟區,下湖里,2023-07-24,0
台南市,關廟區,下湖里,2023-07-31,0
台南市,關廟區,下湖里,2023-08-07,0
台南市,關廟區,下湖里,2023-08-14,0
台南市,關廟區,下湖里,2023-08-21,0
台南市,關廟區,下湖里,2023-08-28,0
台南市,關廟區,下湖里,2023-09-04,0
台南市,關廟區,下湖里,2023-09-11,0
台南市,關廟區,下湖里,2023-09-18,0
台南市,關廟區,下湖里,2023-09-25,0
台南市,關廟區,下湖里,2023-10-02,0
台南市,關廟區,下湖里,2023-10-09,1
台南市,關廟區,下湖里,2023-10-16,0
台南市,關廟區,下湖里,2023-10-23,0
台南市,關廟區,下湖里,2023-10-30,1
台南市,關廟區,下湖里,2023-11-06,0
台南市,關廟區,下湖里,2023-11-13,1
台南市,關廟區,下湖里,2023-11-20,0
台南市,關廟區,下湖里,2023-11-27,0
台南市,關廟區,下湖里,2023-12-04,0
台南市,關廟區,下湖里,2023-12-11,0
台南市,關廟區,下湖里,2023-12-18,0
台南市,關廟區,下湖里,2023-12-25,0
台南市,關廟區,下湖里,2024-01-01,0
台南市,關廟區,五甲里,2023-06-12,0
台南市,關廟區,五甲里,2023-06-19,0
台南市,關廟區,五甲里,2023-06-26,0
台南市,關廟區,五甲里,2023-07-03,0
台南市,關廟區,五甲里,2023-07-10,0
台南市,關廟區,五甲里,2023-07-17,0
台南市,關廟區,五甲里,2023-07-24,0
台南市,關廟區,五甲里,2023-07-31,0
台南市,關廟區,五甲里,2023-08-07,0
台南市,關廟區,五甲里,2023-08-14,0
台南市,關廟區,五甲里,2023-08-21,1
台南市,關廟區,五甲里,2023-08-28,1
台南市,關廟區,五甲里,2023-09-04,0
台南市,關廟區,五甲里,2023-09-11,4
台南市,關廟區,五甲里,2023-09-18,4
台南市,關廟區,五甲里,2023-09-25,7
台南市,關廟區,五甲里,2023-10-02,3
台南市,關廟區,五甲里,2023-10-09,8
台南市,關廟區,五甲里,2023-10-16,0
台南市,關廟區,五甲里,2023-10-23,4
台南市,關廟區,五甲里,2023-10-30,3
台南市,關廟區,五甲里,2023-11-06,3
台南市,關廟區,五甲里,2023-11-13,4
台南市,關廟區,五甲里,2023-11-20,3
台南市,關廟區,五甲里,2023-11-27,5
台南市,關廟區,五甲里,2023-12-04,1
台南市,關廟區,五甲里,2023-12-11,0
台南市,關廟區,五甲里,2023-12-18,0
台南市,關廟區,五甲里,2023-12-25,0
台南市,關廟區,五甲里,2024-01-01,0
台南市,關廟區,北勢里,2023-06-12,0
台南市,關廟區,北勢里,2023-06-19,0
台南市,關廟區,北勢里,2023-06-26,0
台南市,關廟區,北勢里,2023-07-03,0
台南市,關廟區,北勢里,2023-07-10,0
台南市,關廟區,北勢里,2023-07-17,0
台南市,關廟區,北勢里,2023-07-24,0
台南市,關廟區,北勢里,2023-07-31,0
台南市,關廟區,北勢里,2023-08-07,1
台南市,關廟區,北勢里,2023-08-14,0
台南市,關廟區,北勢里,2023-08-21,1
台南市,關廟區,北勢里,2023-08-28,1
台南市,關廟區,北勢里,2023-09-04,0
台南市,關廟區,北勢里,2023-09-11,3
台南市,關廟區,北勢里,2023-09-18,0
台南市,關廟區,北勢里,2023-09-25,2
台南市,關廟區,北勢里,2023-10-02,2
台南市,關廟區,北勢里,2023-10-09,9
台南市,關廟區,北勢里,2023-10-16,5
台南市,關廟區,北勢里,2023-10-23,4
台南市,關廟區,北勢里,2023-10-30,10
台南市,關廟區,北勢里,2023-11-06,5
台南市,關廟區,北勢里,2023-11-13,6
台南市,關廟區,北勢里,2023-11-20,4
台南市,關廟區,北勢里,2023-11-27,1
台南市,關廟區,北勢里,2023-12-04,3
台南市,關廟區,北勢里,2023-12-11,1
台南市,關廟區,北勢里,2023-12-18,1
台南市,關廟區,北勢里,2023-12-25,0
台南市,關廟區,北勢里,2024-01-01,1
台南市,關廟區,埤頭里,2023-06-12,0
台南市,關廟區,埤頭里,2023-06-19,0
台南市,關廟區,埤頭里,2023-06-26,0
台南市,關廟區,埤頭里,2023-07-03,0
台南市,關廟區,埤頭里,2023-07-10,0
台南市,關廟區,埤頭里,2023-07-17,0
台南市,關廟區,埤頭里,2023-07-24,0
台南市,關廟區,埤頭里,2023-07-31,0
台南市,關廟區,埤頭里,2023-08-07,0
台南市,關廟區,埤頭里,2023-08-14,0
台南市,關廟區,埤頭里,2023-08-21,0
台南市,關廟區,埤頭里,2023-08-28,0
台南市,關廟區,埤頭里,2023-09-04,1
台南市,關廟區,埤頭里,2023-09-11,0
台南市,關廟區,埤頭里,2023-09-18,0
台南市,關廟區,埤頭里,2023-09-25,1
台南市,關廟區,埤頭里,2023-10-02,1
台南市,關廟區,埤頭里,2023-10-09,0
台南市,關廟區,埤頭里,2023-10-16,0
台南市,關廟區,埤頭里,2023-10-23,1
台南市,關廟區,埤頭里,2023-10-30,0
台南市,關廟區,埤頭里,2023-11-06,1
台南市,關廟區,埤頭里,2023-11-13,3
台南市,關廟區,埤頭里,2023-11-20,1
台南市,關廟區,埤頭里,2023-11-27,0
台南市,關廟區,埤頭里,2023-12-04,0
台南市,關廟區,埤頭里,2023-12-11,0
台南市,關廟區,埤頭里,2023-12-18,1
台南市,關廟區,埤頭里,2023-12-25,0
台南市,關廟區,埤頭里,2024-01-01,0
台南市,關廟區,山西里,2023-06-12,0
台南市,關廟區,山西里,2023-06-19,0
台南市,關廟區,山西里,2023-06-26,0
台南市,關廟區,山西里,2023-07-03,0
台南市,關廟區,山西里,2023-07-10,0
台南市,關廟區,山西里,2023-07-17,0
台南市,關廟區,山西里,2023-07-24,0
台南市,關廟區,山西里,2023-07-31,0
台南市,關廟區,山西里,2023-08-07,0
台南市,關廟區,山西里,2023-08-14,1
台南市,關廟區,山西里,2023-08-21,0
台南市,關廟區,山西里,2023-08-28,2
台南市,關廟區,山西里,2023-09-04,4
台南市,關廟區,山西里,2023-09-11,6
台南市,關廟區,山西里,2023-09-18,5
台南市,關廟區,山西里,2023-09-25,5
台南市,關廟區,山西里,2023-10-02,6
台南市,關廟區,山西里,2023-10-09,5
台南市,關廟區,山西里,2023-10-16,0
台南市,關廟區,山西里,2023-10-23,5
台南市,關廟區,山西里,2023-10-30,1
台南市,關廟區,山西里,2023-11-06,0
台南市,關廟區,山西里,2023-11-13,2
台南市,關廟區,山西里,2023-11-20,3
台南市,關廟區,山西里,2023-11-27,2
台南市,關廟區,山西里,2023-12-04,0
台南市,關廟區,山西里,2023-12-11,0
台南市,關廟區,山西里,2023-12-18,0
台南市,關廟區,山西里,2023-12-25,0
台南市,關廟區,山西里,2024-01-01,1
台南市,關廟區,布袋里,2023-06-12,0
台南市,關廟區,布袋里,2023-06-19,0
台南市,關廟區,布袋里,2023-06-26,0
台南市,關廟區,布袋里,2023-07-03,0
台南市,關廟區,布袋里,2023-07-10,0
台南市,關廟區,布袋里,2023-07-17,0
台南市,關廟區,布袋里,2023-07-24,0
台南市,關廟區,布袋里,2023-07-31,0
台南市,關廟區,布袋里,2023-08-07,0
台南市,關廟區,布袋里,2023-08-14,0
台南市,關廟區,布袋里,2023-08-21,0
台南市,關廟區,布袋里,2023-08-28,2
台南市,關廟區,布袋里,2023-09-04,2
台南市,關廟區,布袋里,2023-09-11,3
台南市,關廟區,布袋里,2023-09-18,1
台南市,關廟區,布袋里,2023-09-25,2
台南市,關廟區,布袋里,2023-10-02,5
台南市,關廟區,布袋里,2023-10-09,2
台南市,關廟區,布袋里,2023-10-16,2
台南市,關廟區,布袋里,2023-10-23,2
台南市,關廟區,布袋里,2023-10-30,4
台南市,關廟區,布袋里,2023-11-06,3
台南市,關廟區,布袋里,2023-11-13,3
台南市,關廟區,布袋里,2023-11-20,3
台南市,關廟區,布袋里,2023-11-27,1
台南市,關廟區,布袋里,2023-12-04,1
台南市,關廟區,布袋里,2023-12-11,1
台南市,關廟區,布袋里,2023-12-18,0
台南市,關廟區,布袋里,2023-12-25,0
台南市,關廟區,布袋里,2024-01-01,0
台南市,關廟區,新光里,2023-06-12,0
台南市,關廟區,新光里,2023-06-19,0
台南市,關廟區,新光里,2023-06-26,0
台南市,關廟區,新光里,2023-07-03,0
台南市,關廟區,新光里,2023-07-10,0
台南市,關廟區,新光里,2023-07-17,0
台南市,關廟區,新光里,2023-07-24,0
台南市,關廟區,新光里,2023-07-31,0
台南市,關廟區,新光里,2023-08-07,0
台南市,關廟區,新光里,2023-08-14,0
台南市,關廟區,新光里,2023-08-21,0
台南市,關廟區,新光里,2023-08-28,0
台南市,關廟區,新光里,2023-09-04,0
台南市,關廟區,新光里,2023-09-11,1
台南市,關廟區,新光里,2023-09-18,0
台南市,關廟區,新光里,2023-09-25,2
台南市,關廟區,新光里,2023-10-02,2
台南市,關廟區,新光里,2023-10-09,0
台南市,關廟區,新光里,2023-10-16,1
台南市,關廟區,新光里,2023-10-23,2
台南市,關廟區,新光里,2023-10-30,0
台南市,關廟區,新光里,2023-11-06,4
台南市,關廟區,新光里,2023-11-13,1
台南市,關廟區,新光里,2023-11-20,0
台南市,關廟區,新光里,2023-11-27,0
台南市,關廟區,新光里,2023-12-04,0
台南市,關廟區,新光里,2023-12-11,0
台南市,關廟區,新光里,2023-12-18,0
台南市,關廟區,新光里,2023-12-25,0
台南市,關廟區,新光里,2024-01-01,1
台南市,關廟區,新埔里,2023-06-12,0
台南市,關廟區,新埔里,2023-06-19,0
台南市,關廟區,新埔里,2023-06-26,0
台南市,關廟區,新埔里,2023-07-03,0
台南市,關廟區,新埔里,2023-07-10,0
台南市,關廟區,新埔里,2023-07-17,0
台南市,關廟區,新埔里,2023-07-24,0
台南市,關廟區,新埔里,2023-07-31,0
台南市,關廟區,新埔里,2023-08-07,0
台南市,關廟區,新埔里,2023-08-14,0
台南市,關廟區,新埔里,2023-08-21,0
台南市,關廟區,新埔里,2023-08-28,0
台南市,關廟區,新埔里,2023-09-04,1
台南市,關廟區,新埔里,2023-09-11,2
台南市,關廟區,新埔里,2023-09-18,0
台南市,關廟區,新埔里,2023-09-25,1
台南市,關廟區,新埔里,2023-10-02,1
台南市,關廟區,新埔里,2023-10-09,0
台南市,關廟區,新埔里,2023-10-16,0
台南市,關廟區,新埔里,2023-10-23,1
台南市,關廟區,新埔里,2023-10-30,0
台南市,關廟區,新埔里,2023-11-06,1
台南市,關廟區,新埔里,2023-11-13,1
台南市,關廟區,新埔里,2023-11-20,0
台南市,關廟區,新埔里,2023-11-27,1
台南市,關廟區,新埔里,2023-12-04,0
台南市,關廟區,新埔里,2023-12-11,0
台南市,關廟區,新埔里,2023-12-18,0
台南市,關廟區,新埔里,2023-12-25,0
台南市,關廟區,新埔里,2024-01-01,0
台南市,關廟區,松腳里,2023-06-12,0
台南市,關廟區,松腳里,2023-06-19,0
台南市,關廟區,松腳里,2023-06-26,0
台南市,關廟區,松腳里,2023-07-03,0
台南市,關廟區,松腳里,2023-07-10,0
台南市,關廟區,松腳里,2023-07-17,0
台南市,關廟區,松腳里,2023-07-24,0
台南市,關廟區,松腳里,2023-07-31,0
台南市,關廟區,松腳里,2023-08-07,0
台南市,關廟區,松腳里,2023-08-14,1
台南市,關廟區,松腳里,2023-08-21,2
台南市,關廟區,松腳里,2023-08-28,0
台南市,關廟區,松腳里,2023-09-04,1
台南市,關廟區,松腳里,2023-09-11,0
台南市,關廟區,松腳里,2023-09-18,1
台南市,關廟區,松腳里,2023-09-25,1
台南市,關廟區,松腳里,2023-10-02,1
台南市,關廟區,松腳里,2023-10-09,3
台南市,關廟區,松腳里,2023-10-16,2
台南市,關廟區,松腳里,2023-10-23,2
台南市,關廟區,松腳里,2023-10-30,0
台南市,關廟區,松腳里,2023-11-06,2
台南市,關廟區,松腳里,2023-11-13,2
台南市,關廟區,松腳里,2023-11-20,1
台南市,關廟區,松腳里,2023-11-27,0
台南市,關廟區,松腳里,2023-12-04,1
台南市,關廟區,松腳里,2023-12-11,0
台南市,關廟區,松腳里,2023-12-18,0
台南市,關廟區,松腳里,2023-12-25,0
台南市,關廟區,松腳里,2024-01-01,0
台南市,關廟區,深坑里,2023-06-12,0
台南市,關廟區,深坑里,2023-06-19,0
台南市,關廟區,深坑里,2023-06-26,0
台南市,關廟區,深坑里,2023-07-03,0
台南市,關廟區,深坑里,2023-07-10,0
台南市,關廟區,深坑里,2023-07-17,0
台南市,關廟區,深坑里,2023-07-24,0
台南市,關廟區,深坑里,2023-07-31,0
台南市,關廟區,深坑里,2023-08-07,0
台南市,關廟區,深坑里,2023-08-14,0
台南市,關廟區,深坑里,2023-08-21,0
台南市,關廟區,深坑里,2023-08-28,0
台南市,關廟區,深坑里,2023-09-04,0
台南市,關廟區,深坑里,2023-09-11,1
台南市,關廟區,深坑里,2023-09-18,4
台南市,關廟區,深坑里,2023-09-25,1
台南市,關廟區,深坑里,2023-10-02,1
台南市,關廟區,深坑里,2023-10-09,1
台南市,關廟區,深坑里,2023-10-16,4
台南市,關廟區,深坑里,2023-10-23,2
台南市,關廟區,深坑里,2023-10-30,0
台南市,關廟區,深坑里,2023-11-06,3
台南市,關廟區,深坑里,2023-11-13,1
台南市,關廟區,深坑里,2023-11-20,2
台南市,關廟區,深坑里,2023-11-27,0
台南市,關廟區,深坑里,2023-12-04,0
台南市,關廟區,深坑里,2023-12-11,1
台南市,關廟區,深坑里,2023-12-18,1
台南市,關廟區,深坑里,2023-12-25,0
台南市,關廟區,深坑里,2024-01-01,0
台南市,關廟區,關廟里,2023-06-12,0
台南市,關廟區,關廟里,2023-06-19,0
台南市,關廟區,關廟里,2023-06-26,0
台南市,關廟區,關廟里,2023-07-03,0
台南市,關廟區,關廟里,2023-07-10,0
台南市,關廟區,關廟里,2023-07-17,0
台南市,關廟區,關廟里,2023-07-24,1
台南市,關廟區,關廟里,2023-07-31,2
台南市,關廟區,關廟里,2023-08-07,0
台南市,關廟區,關廟里,2023-08-14,0
台南市,關廟區,關廟里,2023-08-21,0
台南市,關廟區,關廟里,2023-08-28,1
台南市,關廟區,關廟里,2023-09-04,6
台南市,關廟區,關廟里,2023-09-11,4
台南市,關廟區,關廟里,2023-09-18,0
台南市,關廟區,關廟里,2023-09-25,6
台南市,關廟區,關廟里,2023-10-02,5
台南市,關廟區,關廟里,2023-10-09,2
台南市,關廟區,關廟里,2023-10-16,5
台南市,關廟區,關廟里,2023-10-23,2
台南市,關廟區,關廟里,2023-10-30,3
台南市,關廟區,關廟里,2023-11-06,6
台南市,關廟區,關廟里,2023-11-13,3
台南市,關廟區,關廟里,2023-11-20,1
台南市,關廟區,關廟里,2023-11-27,2
台南市,關廟區,關廟里,2023-12-04,0
台南市,關廟區,關廟里,2023-12-11,0
台南市,關廟區,關廟里,2023-12-18,0
台南市,關廟區,關廟里,2023-12-25,0
台南市,關廟區,關廟里,2024-01-01,0
台南市,關廟區,香洋里,2023-06-12,0
台南市,關廟區,香洋里,2023-06-19,0
台南市,關廟區,香洋里,2023-06-26,0
台南市,關廟區,香洋里,2023-07-03,0
台南市,關廟區,香洋里,2023-07-10,0
台南市,關廟區,香洋里,2023-07-17,0
台南市,關廟區,香洋里,2023-07-24,0
台南市,關廟區,香洋里,2023-07-31,0
台南市,關廟區,香洋里,2023-08-07,0
台南市,關廟區,香洋里,2023-08-14,0
台南市,關廟區,香洋里,2023-08-21,1
台南市,關廟區,香洋里,2023-08-28,5
台南市,關廟區,香洋里,2023-09-04,20
台南市,關廟區,香洋里,2023-09-11,19
台南市,關廟區,香洋里,2023-09-18,14
台南市,關廟區,香洋里,2023-09-25,22
台南市,關廟區,香洋里,2023-10-02,8
台南市,關廟區,香洋里,2023-10-09,4
台南市,關廟區,香洋里,2023-10-16,9
台南市,關廟區,香洋里,2023-10-23,1
台南市,關廟區,香洋里,2023-10-30,4
台南市,關廟區,香洋里,2023-11-06,4
台南市,關廟區,香洋里,2023-11-13,3
台南市,關廟區,香洋里,2023-11-20,1
台南市,關廟區,香洋里,2023-11-27,0
台南市,關廟區,香洋里,2023-12-04,0
台南市,關廟區,香洋里,2023-12-11,2
台南市,關廟區,香洋里,2023-12-18,0
台南市,關廟區,香洋里,2023-12-25,0
台南市,關廟區,香洋里,2024-01-01,0
台南市,鹽水區,岸內里,2023-06-12,0
台南市,鹽水區,岸內里,2023-06-19,0
台南市,鹽水區,岸內里,2023-06-26,0
台南市,鹽水區,岸內里,2023-07-03,0
台南市,鹽水區,岸內里,2023-07-10,0
台南市,鹽水區,岸內里,2023-07-17,0
台南市,鹽水區,岸內里,2023-07-24,0
台南市,鹽水區,岸內里,2023-07-31,0
台南市,鹽水區,岸內里,2023-08-07,0
台南市,鹽水區,岸內里,2023-08-14,0
台南市,鹽水區,岸內里,2023-08-21,0
台南市,鹽水區,岸內里,2023-08-28,0
台南市,鹽水區,岸內里,2023-09-04,0
台南市,鹽水區,岸內里,2023-09-11,0
台南市,鹽水區,岸內里,2023-09-18,0
台南市,鹽水區,岸內里,2023-09-25,0
台南市,鹽水區,岸內里,2023-10-02,0
台南市,鹽水區,岸內里,2023-10-09,0
台南市,鹽水區,岸內里,2023-10-16,0
台南市,鹽水區,岸內里,2023-10-23,0
台南市,鹽水區,岸內里,2023-10-30,0
台南市,鹽水區,岸內里,2023-11-06,0
台南市,鹽水區,岸內里,2023-11-13,0
台南市,鹽水區,岸內里,2023-11-20,0
台南市,鹽水區,岸內里,2023-11-27,0
台南市,鹽水區,岸內里,2023-12-04,0
台南市,鹽水區,岸內里,2023-12-11,0
台南市,鹽水區,岸內里,2023-12-18,0
台南市,鹽水區,岸內里,2023-12-25,0
台南市,鹽水區,岸內里,2024-01-01,0
台南市,鹽水區,橋南里,2023-06-12,0
台南市,鹽水區,橋南里,2023-06-19,0
台南市,鹽水區,橋南里,2023-06-26,0
台南市,鹽水區,橋南里,2023-07-03,0
台南市,鹽水區,橋南里,2023-07-10,0
台南市,鹽水區,橋南里,2023-07-17,0
台南市,鹽水區,橋南里,2023-07-24,0
台南市,鹽水區,橋南里,2023-07-31,0
台南市,鹽水區,橋南里,2023-08-07,0
台南市,鹽水區,橋南里,2023-08-14,0
台南市,鹽水區,橋南里,2023-08-21,0
台南市,鹽水區,橋南里,2023-08-28,0
台南市,鹽水區,橋南里,2023-09-04,0
台南市,鹽水區,橋南里,2023-09-11,0
台南市,鹽水區,橋南里,2023-09-18,0
台南市,鹽水區,橋南里,2023-09-25,1
台南市,鹽水區,橋南里,2023-10-02,0
台南市,鹽水區,橋南里,2023-10-09,0
台南市,鹽水區,橋南里,2023-10-16,0
台南市,鹽水區,橋南里,2023-10-23,0
台南市,鹽水區,橋南里,2023-10-30,0
台南市,鹽水區,橋南里,2023-11-06,0
台南市,鹽水區,橋南里,2023-11-13,0
台南市,鹽水區,橋南里,2023-11-20,0
台南市,鹽水區,橋南里,2023-11-27,0
台南市,鹽水區,橋南里,2023-12-04,0
台南市,鹽水區,橋南里,2023-12-11,0
台南市,鹽水區,橋南里,2023-12-18,0
台南市,鹽水區,橋南里,2023-12-25,0
台南市,鹽水區,橋南里,2024-01-01,0
台南市,鹽水區,歡雅里,2023-06-12,0
台南市,鹽水區,歡雅里,2023-06-19,0
台南市,鹽水區,歡雅里,2023-06-26,0
台南市,鹽水區,歡雅里,2023-07-03,0
台南市,鹽水區,歡雅里,2023-07-10,0
台南市,鹽水區,歡雅里,2023-07-17,0
台南市,鹽水區,歡雅里,2023-07-24,0
台南市,鹽水區,歡雅里,2023-07-31,0
台南市,鹽水區,歡雅里,2023-08-07,0
台南市,鹽水區,歡雅里,2023-08-14,0
台南市,鹽水區,歡雅里,2023-08-21,0
台南市,鹽水區,歡雅里,2023-08-28,0
台南市,鹽水區,歡雅里,2023-09-04,0
台南市,鹽水區,歡雅里,2023-09-11,0
台南市,鹽水區,歡雅里,2023-09-18,0
台南市,鹽水區,歡雅里,2023-09-25,0
台南市,鹽水區,歡雅里,2023-10-02,0
台南市,鹽水區,歡雅里,2023-10-09,0
台南市,鹽水區,歡雅里,2023-10-16,0
台南市,鹽水區,歡雅里,2023-10-23,0
台南市,鹽水區,歡雅里,2023-10-30,0
台南市,鹽水區,歡雅里,2023-11-06,0
台南市,鹽水區,歡雅里,2023-11-13,0
台南市,鹽水區,歡雅里,2023-11-20,0
台南市,鹽水區,歡雅里,2023-11-27,0
台南市,鹽水區,歡雅里,2023-12-04,0
台南市,鹽水區,歡雅里,2023-12-11,0
台南市,鹽水區,歡雅里,2023-12-18,0
台南市,鹽水區,歡雅里,2023-12-25,0
台南市,鹽水區,歡雅里,2024-01-01,0
台南市,鹽水區,水秀里,2023-06-12,0
台南市,鹽水區,水秀里,2023-06-19,0
台南市,鹽水區,水秀里,2023-06-26,0
台南市,鹽水區,水秀里,2023-07-03,0
台南市,鹽水區,水秀里,2023-07-10,0
台南市,鹽水區,水秀里,2023-07-17,0
台南市,鹽水區,水秀里,2023-07-24,0
台南市,鹽水區,水秀里,2023-07-31,0
台南市,鹽水區,水秀里,2023-08-07,0
台南市,鹽水區,水秀里,2023-08-14,0
台南市,鹽水區,水秀里,2023-08-21,0
台南市,鹽水區,水秀里,2023-08-28,0
台南市,鹽水區,水秀里,2023-09-04,0
台南市,鹽水區,水秀里,2023-09-11,0
台南市,鹽水區,水秀里,2023-09-18,0
台南市,鹽水區,水秀里,2023-09-25,0
台南市,鹽水區,水秀里,2023-10-02,0
台南市,鹽水區,水秀里,2023-10-09,0
台南市,鹽水區,水秀里,2023-10-16,1
台南市,鹽水區,水秀里,2023-10-23,0
台南市,鹽水區,水秀里,2023-10-30,0
台南市,鹽水區,水秀里,2023-11-06,0
台南市,鹽水區,水秀里,2023-11-13,0
台南市,鹽水區,水秀里,2023-11-20,0
台南市,鹽水區,水秀里,2023-11-27,0
台南市,鹽水區,水秀里,2023-12-04,0
台南市,鹽水區,水秀里,2023-12-11,0
台南市,鹽水區,水秀里,2023-12-18,0
台南市,鹽水區,水秀里,2023-12-25,0
台南市,鹽水區,水秀里,2024-01-01,0
台南市,鹽水區,汫水里,2023-06-12,0
台南市,鹽水區,汫水里,2023-06-19,0
台南市,鹽水區,汫水里,2023-06-26,0
台南市,鹽水區,汫水里,2023-07-03,0
台南市,鹽水區,汫水里,2023-07-10,0
台南市,鹽水區,汫水里,2023-07-17,0
台南市,鹽水區,汫水里,2023-07-24,0
台南市,鹽水區,汫水里,2023-07-31,0
台南市,鹽水區,汫水里,2023-08-07,0
台南市,鹽水區,汫水里,2023-08-14,0
台南市,鹽水區,汫水里,2023-08-21,0
台南市,鹽水區,汫水里,2023-08-28,0
台南市,鹽水區,汫水里,2023-09-04,0
台南市,鹽水區,汫水里,2023-09-11,0
台南市,鹽水區,汫水里,2023-09-18,0
台南市,鹽水區,汫水里,2023-09-25,0
台南市,鹽水區,汫水里,2023-10-02,0
台南市,鹽水區,汫水里,2023-10-09,0
台南市,鹽水區,汫水里,2023-10-16,0
台南市,鹽水區,汫水里,2023-10-23,0
台南市,鹽水區,汫水里,2023-10-30,0
台南市,鹽水區,汫水里,2023-11-06,0
台南市,鹽水區,汫水里,2023-11-13,0
台南市,鹽水區,汫水里,2023-11-20,0
台南市,鹽水區,汫水里,2023-11-27,0
台南市,鹽水區,汫水里,2023-12-04,0
台南市,鹽水區,汫水里,2023-12-11,0
台南市,鹽水區,汫水里,2023-12-18,0
台南市,鹽水區,汫水里,2023-12-25,0
台南市,鹽水區,汫水里,2024-01-01,0
台南市,麻豆區,南勢里,2023-06-12,0
台南市,麻豆區,南勢里,2023-06-19,0
台南市,麻豆區,南勢里,2023-06-26,0
台南市,麻豆區,南勢里,2023-07-03,0
台南市,麻豆區,南勢里,2023-07-10,0
台南市,麻豆區,南勢里,2023-07-17,0
台南市,麻豆區,南勢里,2023-07-24,0
台南市,麻豆區,南勢里,2023-07-31,0
台南市,麻豆區,南勢里,2023-08-07,0
台南市,麻豆區,南勢里,2023-08-14,0
台南市,麻豆區,南勢里,2023-08-21,0
台南市,麻豆區,南勢里,2023-08-28,0
台南市,麻豆區,南勢里,2023-09-04,0
台南市,麻豆區,南勢里,2023-09-11,2
台南市,麻豆區,南勢里,2023-09-18,0
台南市,麻豆區,南勢里,2023-09-25,0
台南市,麻豆區,南勢里,2023-10-02,3
台南市,麻豆區,南勢里,2023-10-09,0
台南市,麻豆區,南勢里,2023-10-16,0
台南市,麻豆區,南勢里,2023-10-23,4
台南市,麻豆區,南勢里,2023-10-30,0
台南市,麻豆區,南勢里,2023-11-06,1
台南市,麻豆區,南勢里,2023-11-13,1
台南市,麻豆區,南勢里,2023-11-20,2
台南市,麻豆區,南勢里,2023-11-27,3
台南市,麻豆區,南勢里,2023-12-04,0
台南市,麻豆區,南勢里,2023-12-11,1
台南市,麻豆區,南勢里,2023-12-18,0
台南市,麻豆區,南勢里,2023-12-25,0
台南市,麻豆區,南勢里,2024-01-01,0
台南市,麻豆區,大埕里,2023-06-12,0
台南市,麻豆區,大埕里,2023-06-19,0
台南市,麻豆區,大埕里,2023-06-26,0
台南市,麻豆區,大埕里,2023-07-03,0
台南市,麻豆區,大埕里,2023-07-10,0
台南市,麻豆區,大埕里,2023-07-17,0
台南市,麻豆區,大埕里,2023-07-24,0
台南市,麻豆區,大埕里,2023-07-31,0
台南市,麻豆區,大埕里,2023-08-07,0
台南市,麻豆區,大埕里,2023-08-14,0
台南市,麻豆區,大埕里,2023-08-21,0
台南市,麻豆區,大埕里,2023-08-28,0
台南市,麻豆區,大埕里,2023-09-04,0
台南市,麻豆區,大埕里,2023-09-11,0
台南市,麻豆區,大埕里,2023-09-18,1
台南市,麻豆區,大埕里,2023-09-25,0
台南市,麻豆區,大埕里,2023-10-02,2
台南市,麻豆區,大埕里,2023-10-09,0
台南市,麻豆區,大埕里,2023-10-16,0
台南市,麻豆區,大埕里,2023-10-23,0
台南市,麻豆區,大埕里,2023-10-30,0
台南市,麻豆區,大埕里,2023-11-06,2
台南市,麻豆區,大埕里,2023-11-13,13
台南市,麻豆區,大埕里,2023-11-20,10
台南市,麻豆區,大埕里,2023-11-27,4
台南市,麻豆區,大埕里,2023-12-04,2
台南市,麻豆區,大埕里,2023-12-11,1
台南市,麻豆區,大埕里,2023-12-18,0
台南市,麻豆區,大埕里,2023-12-25,0
台南市,麻豆區,大埕里,2024-01-01,0
台南市,麻豆區,安業里,2023-06-12,0
台南市,麻豆區,安業里,2023-06-19,0
台南市,麻豆區,安業里,2023-06-26,0
台南市,麻豆區,安業里,2023-07-03,0
台南市,麻豆區,安業里,2023-07-10,0
台南市,麻豆區,安業里,2023-07-17,0
台南市,麻豆區,安業里,2023-07-24,0
台南市,麻豆區,安業里,2023-07-31,0
台南市,麻豆區,安業里,2023-08-07,0
台南市,麻豆區,安業里,2023-08-14,0
台南市,麻豆區,安業里,2023-08-21,0
台南市,麻豆區,安業里,2023-08-28,0
台南市,麻豆區,安業里,2023-09-04,0
台南市,麻豆區,安業里,2023-09-11,0
台南市,麻豆區,安業里,2023-09-18,0
台南市,麻豆區,安業里,2023-09-25,0
台南市,麻豆區,安業里,2023-10-02,0
台南市,麻豆區,安業里,2023-10-09,0
台南市,麻豆區,安業里,2023-10-16,0
台南市,麻豆區,安業里,2023-10-23,0
台南市,麻豆區,安業里,2023-10-30,0
台南市,麻豆區,安業里,2023-11-06,1
台南市,麻豆區,安業里,2023-11-13,0
台南市,麻豆區,安業里,2023-11-20,1
台南市,麻豆區,安業里,2023-11-27,0
台南市,麻豆區,安業里,2023-12-04,0
台南市,麻豆區,安業里,2023-12-11,0
台南市,麻豆區,安業里,2023-12-18,0
台南市,麻豆區,安業里,2023-12-25,0
台南市,麻豆區,安業里,2024-01-01,0
台南市,麻豆區,安正里,2023-06-12,0
台南市,麻豆區,安正里,2023-06-19,0
台南市,麻豆區,安正里,2023-06-26,0
台南市,麻豆區,安正里,2023-07-03,0
台南市,麻豆區,安正里,2023-07-10,0
台南市,麻豆區,安正里,2023-07-17,0
台南市,麻豆區,安正里,2023-07-24,0
台南市,麻豆區,安正里,2023-07-31,0
台南市,麻豆區,安正里,2023-08-07,0
台南市,麻豆區,安正里,2023-08-14,0
台南市,麻豆區,安正里,2023-08-21,0
台南市,麻豆區,安正里,2023-08-28,0
台南市,麻豆區,安正里,2023-09-04,0
台南市,麻豆區,安正里,2023-09-11,0
台南市,麻豆區,安正里,2023-09-18,0
台南市,麻豆區,安正里,2023-09-25,1
台南市,麻豆區,安正里,2023-10-02,0
台南市,麻豆區,安正里,2023-10-09,1
台南市,麻豆區,安正里,2023-10-16,0
台南市,麻豆區,安正里,2023-10-23,0
台南市,麻豆區,安正里,2023-10-30,0
台南市,麻豆區,安正里,2023-11-06,0
台南市,麻豆區,安正里,2023-11-13,0
台南市,麻豆區,安正里,2023-11-20,1
台南市,麻豆區,安正里,2023-11-27,0
台南市,麻豆區,安正里,2023-12-04,0
台南市,麻豆區,安正里,2023-12-11,0
台南市,麻豆區,安正里,2023-12-18,0
台南市,麻豆區,安正里,2023-12-25,0
台南市,麻豆區,安正里,2024-01-01,0
台南市,麻豆區,寮廍里,2023-06-12,0
台南市,麻豆區,寮廍里,2023-06-19,0
台南市,麻豆區,寮廍里,2023-06-26,0
台南市,麻豆區,寮廍里,2023-07-03,0
台南市,麻豆區,寮廍里,2023-07-10,0
台南市,麻豆區,寮廍里,2023-07-17,0
台南市,麻豆區,寮廍里,2023-07-24,0
台南市,麻豆區,寮廍里,2023-07-31,0
台南市,麻豆區,寮廍里,2023-08-07,0
台南市,麻豆區,寮廍里,2023-08-14,0
台南市,麻豆區,寮廍里,2023-08-21,0
台南市,麻豆區,寮廍里,2023-08-28,0
台南市,麻豆區,寮廍里,2023-09-04,0
台南市,麻豆區,寮廍里,2023-09-11,0
台南市,麻豆區,寮廍里,2023-09-18,0
台南市,麻豆區,寮廍里,2023-09-25,0
台南市,麻豆區,寮廍里,2023-10-02,0
台南市,麻豆區,寮廍里,2023-10-09,0
台南市,麻豆區,寮廍里,2023-10-16,0
台南市,麻豆區,寮廍里,2023-10-23,0
台南市,麻豆區,寮廍里,2023-10-30,0
台南市,麻豆區,寮廍里,2023-11-06,0
台南市,麻豆區,寮廍里,2023-11-13,0
台南市,麻豆區,寮廍里,2023-11-20,0
台南市,麻豆區,寮廍里,2023-11-27,0
台南市,麻豆區,寮廍里,2023-12-04,0
台南市,麻豆區,寮廍里,2023-12-11,0
台南市,麻豆區,寮廍里,2023-12-18,0
台南市,麻豆區,寮廍里,2023-12-25,0
台南市,麻豆區,寮廍里,2024-01-01,0
台南市,麻豆區,巷口里,2023-06-12,0
台南市,麻豆區,巷口里,2023-06-19,0
台南市,麻豆區,巷口里,2023-06-26,0
台南市,麻豆區,巷口里,2023-07-03,0
台南市,麻豆區,巷口里,2023-07-10,0
台南市,麻豆區,巷口里,2023-07-17,0
台南市,麻豆區,巷口里,2023-07-24,0
台南市,麻豆區,巷口里,2023-07-31,0
台南市,麻豆區,巷口里,2023-08-07,0
台南市,麻豆區,巷口里,2023-08-14,0
台南市,麻豆區,巷口里,2023-08-21,0
台南市,麻豆區,巷口里,2023-08-28,0
台南市,麻豆區,巷口里,2023-09-04,0
台南市,麻豆區,巷口里,2023-09-11,0
台南市,麻豆區,巷口里,2023-09-18,0
台南市,麻豆區,巷口里,2023-09-25,0
台南市,麻豆區,巷口里,2023-10-02,0
台南市,麻豆區,巷口里,2023-10-09,1
台南市,麻豆區,巷口里,2023-10-16,0
台南市,麻豆區,巷口里,2023-10-23,1
台南市,麻豆區,巷口里,2023-10-30,1
台南市,麻豆區,巷口里,2023-11-06,0
台南市,麻豆區,巷口里,2023-11-13,1
台南市,麻豆區,巷口里,2023-11-20,1
台南市,麻豆區,巷口里,2023-11-27,2
台南市,麻豆區,巷口里,2023-12-04,0
台南市,麻豆區,巷口里,2023-12-11,0
台南市,麻豆區,巷口里,2023-12-18,2
台南市,麻豆區,巷口里,2023-12-25,0
台南市,麻豆區,巷口里,2024-01-01,0
台南市,麻豆區,晋江里,2023-06-12,0
台南市,麻豆區,晋江里,2023-06-19,0
台南市,麻豆區,晋江里,2023-06-26,0
台南市,麻豆區,晋江里,2023-07-03,0
台南市,麻豆區,晋江里,2023-07-10,0
台南市,麻豆區,晋江里,2023-07-17,0
台南市,麻豆區,晋江里,2023-07-24,0
台南市,麻豆區,晋江里,2023-07-31,0
台南市,麻豆區,晋江里,2023-08-07,0
台南市,麻豆區,晋江里,2023-08-14,0
台南市,麻豆區,晋江里,2023-08-21,0
台南市,麻豆區,晋江里,2023-08-28,0
台南市,麻豆區,晋江里,2023-09-04,0
台南市,麻豆區,晋江里,2023-09-11,0
台南市,麻豆區,晋江里,2023-09-18,0
台南市,麻豆區,晋江里,2023-09-25,0
台南市,麻豆區,晋江里,2023-10-02,0
台南市,麻豆區,晋江里,2023-10-09,0
台南市,麻豆區,晋江里,2023-10-16,0
台南市,麻豆區,晋江里,2023-10-23,0
台南市,麻豆區,晋江里,2023-10-30,0
台南市,麻豆區,晋江里,2023-11-06,0
台南市,麻豆區,晋江里,2023-11-13,0
台南市,麻豆區,晋江里,2023-11-20,0
台南市,麻豆區,晋江里,2023-11-27,0
台南市,麻豆區,晋江里,2023-12-04,0
台南市,麻豆區,晋江里,2023-12-11,0
台南市,麻豆區,晋江里,2023-12-18,0
台南市,麻豆區,晋江里,2023-12-25,0
台南市,麻豆區,晋江里,2024-01-01,0
台南市,麻豆區,東角里,2023-06-12,0
台南市,麻豆區,東角里,2023-06-19,0
台南市,麻豆區,東角里,2023-06-26,0
台南市,麻豆區,東角里,2023-07-03,0
台南市,麻豆區,東角里,2023-07-10,0
台南市,麻豆區,東角里,2023-07-17,0
台南市,麻豆區,東角里,2023-07-24,0
台南市,麻豆區,東角里,2023-07-31,0
台南市,麻豆區,東角里,2023-08-07,0
台南市,麻豆區,東角里,2023-08-14,0
台南市,麻豆區,東角里,2023-08-21,0
台南市,麻豆區,東角里,2023-08-28,0
台南市,麻豆區,東角里,2023-09-04,0
台南市,麻豆區,東角里,2023-09-11,0
台南市,麻豆區,東角里,2023-09-18,0
台南市,麻豆區,東角里,2023-09-25,0
台南市,麻豆區,東角里,2023-10-02,1
台南市,麻豆區,東角里,2023-10-09,0
台南市,麻豆區,東角里,2023-10-16,1
台南市,麻豆區,東角里,2023-10-23,1
台南市,麻豆區,東角里,2023-10-30,1
台南市,麻豆區,東角里,2023-11-06,0
台南市,麻豆區,東角里,2023-11-13,4
台南市,麻豆區,東角里,2023-11-20,1
台南市,麻豆區,東角里,2023-11-27,2
台南市,麻豆區,東角里,2023-12-04,2
台南市,麻豆區,東角里,2023-12-11,2
台南市,麻豆區,東角里,2023-12-18,0
台南市,麻豆區,東角里,2023-12-25,0
台南市,麻豆區,東角里,2024-01-01,0
台南市,麻豆區,油車里,2023-06-12,0
台南市,麻豆區,油車里,2023-06-19,0
台南市,麻豆區,油車里,2023-06-26,0
台南市,麻豆區,油車里,2023-07-03,0
台南市,麻豆區,油車里,2023-07-10,0
台南市,麻豆區,油車里,2023-07-17,0
台南市,麻豆區,油車里,2023-07-24,0
台南市,麻豆區,油車里,2023-07-31,0
台南市,麻豆區,油車里,2023-08-07,0
台南市,麻豆區,油車里,2023-08-14,0
台南市,麻豆區,油車里,2023-08-21,0
台南市,麻豆區,油車里,2023-08-28,0
台南市,麻豆區,油車里,2023-09-04,0
台南市,麻豆區,油車里,2023-09-11,0
台南市,麻豆區,油車里,2023-09-18,0
台南市,麻豆區,油車里,2023-09-25,0
台南市,麻豆區,油車里,2023-10-02,0
台南市,麻豆區,油車里,2023-10-09,0
台南市,麻豆區,油車里,2023-10-16,1
台南市,麻豆區,油車里,2023-10-23,0
台南市,麻豆區,油車里,2023-10-30,0
台南市,麻豆區,油車里,2023-11-06,2
台南市,麻豆區,油車里,2023-11-13,0
台南市,麻豆區,油車里,2023-11-20,3
台南市,麻豆區,油車里,2023-11-27,2
台南市,麻豆區,油車里,2023-12-04,0
台南市,麻豆區,油車里,2023-12-11,0
台南市,麻豆區,油車里,2023-12-18,0
台南市,麻豆區,油車里,2023-12-25,0
台南市,麻豆區,油車里,2024-01-01,0
台南市,麻豆區,海埔里,2023-06-12,0
台南市,麻豆區,海埔里,2023-06-19,0
台南市,麻豆區,海埔里,2023-06-26,0
台南市,麻豆區,海埔里,2023-07-03,0
台南市,麻豆區,海埔里,2023-07-10,0
台南市,麻豆區,海埔里,2023-07-17,0
台南市,麻豆區,海埔里,2023-07-24,0
台南市,麻豆區,海埔里,2023-07-31,0
台南市,麻豆區,海埔里,2023-08-07,0
台南市,麻豆區,海埔里,2023-08-14,0
台南市,麻豆區,海埔里,2023-08-21,0
台南市,麻豆區,海埔里,2023-08-28,0
台南市,麻豆區,海埔里,2023-09-04,0
台南市,麻豆區,海埔里,2023-09-11,0
台南市,麻豆區,海埔里,2023-09-18,0
台南市,麻豆區,海埔里,2023-09-25,2
台南市,麻豆區,海埔里,2023-10-02,0
台南市,麻豆區,海埔里,2023-10-09,0
台南市,麻豆區,海埔里,2023-10-16,0
台南市,麻豆區,海埔里,2023-10-23,0
台南市,麻豆區,海埔里,2023-10-30,0
台南市,麻豆區,海埔里,2023-11-06,0
台南市,麻豆區,海埔里,2023-11-13,0
台南市,麻豆區,海埔里,2023-11-20,1
台南市,麻豆區,海埔里,2023-11-27,1
台南市,麻豆區,海埔里,2023-12-04,1
台南市,麻豆區,海埔里,2023-12-11,0
台南市,麻豆區,海埔里,2023-12-18,0
台南市,麻豆區,海埔里,2023-12-25,0
台南市,麻豆區,海埔里,2024-01-01,0
台南市,龍崎區,中坑里,2023-06-12,0
台南市,龍崎區,中坑里,2023-06-19,0
台南市,龍崎區,中坑里,2023-06-26,0
台南市,龍崎區,中坑里,2023-07-03,0
台南市,龍崎區,中坑里,2023-07-10,0
台南市,龍崎區,中坑里,2023-07-17,0
台南市,龍崎區,中坑里,2023-07-24,0
台南市,龍崎區,中坑里,2023-07-31,0
台南市,龍崎區,中坑里,2023-08-07,0
台南市,龍崎區,中坑里,2023-08-14,0
台南市,龍崎區,中坑里,2023-08-21,1
台南市,龍崎區,中坑里,2023-08-28,0
台南市,龍崎區,中坑里,2023-09-04,0
台南市,龍崎區,中坑里,2023-09-11,0
台南市,龍崎區,中坑里,2023-09-18,0
台南市,龍崎區,中坑里,2023-09-25,0
台南市,龍崎區,中坑里,2023-10-02,0
台南市,龍崎區,中坑里,2023-10-09,0
台南市,龍崎區,中坑里,2023-10-16,0
台南市,龍崎區,中坑里,2023-10-23,1
台南市,龍崎區,中坑里,2023-10-30,0
台南市,龍崎區,中坑里,2023-11-06,0
台南市,龍崎區,中坑里,2023-11-13,0
台南市,龍崎區,中坑里,2023-11-20,0
台南市,龍崎區,中坑里,2023-11-27,0
台南市,龍崎區,中坑里,2023-12-04,1
台南市,龍崎區,中坑里,2023-12-11,0
台南市,龍崎區,中坑里,2023-12-18,0
台南市,龍崎區,中坑里,2023-12-25,0
台南市,龍崎區,中坑里,2024-01-01,0
台南市,龍崎區,土崎里,2023-06-12,0
台南市,龍崎區,土崎里,2023-06-19,0
台南市,龍崎區,土崎里,2023-06-26,0
台南市,龍崎區,土崎里,2023-07-03,0
台南市,龍崎區,土崎里,2023-07-10,0
台南市,龍崎區,土崎里,2023-07-17,0
台南市,龍崎區,土崎里,2023-07-24,0
台南市,龍崎區,土崎里,2023-07-31,0
台南市,龍崎區,土崎里,2023-08-07,0
台南市,龍崎區,土崎里,2023-08-14,0
台南市,龍崎區,土崎里,2023-08-21,0
台南市,龍崎區,土崎里,2023-08-28,0
台南市,龍崎區,土崎里,2023-09-04,0
台南市,龍崎區,土崎里,2023-09-11,0
台南市,龍崎區,土崎里,2023-09-18,0
台南市,龍崎區,土崎里,2023-09-25,0
台南市,龍崎區,土崎里,2023-10-02,1
台南市,龍崎區,土崎里,2023-10-09,0
台南市,龍崎區,土崎里,2023-10-16,0
台南市,龍崎區,土崎里,2023-10-23,0
台南市,龍崎區,土崎里,2023-10-30,2
台南市,龍崎區,土崎里,2023-11-06,0
台南市,龍崎區,土崎里,2023-11-13,0
台南市,龍崎區,土崎里,2023-11-20,0
台南市,龍崎區,土崎里,2023-11-27,0
台南市,龍崎區,土崎里,2023-12-04,0
台南市,龍崎區,土崎里,2023-12-11,0
台南市,龍崎區,土崎里,2023-12-18,0
台南市,龍崎區,土崎里,2023-12-25,0
台南市,龍崎區,土崎里,2024-01-01,0
台南市,龍崎區,大坪里,2023-06-12,0
台南市,龍崎區,大坪里,2023-06-19,0
台南市,龍崎區,大坪里,2023-06-26,0
台南市,龍崎區,大坪里,2023-07-03,0
台南市,龍崎區,大坪里,2023-07-10,0
台南市,龍崎區,大坪里,2023-07-17,0
台南市,龍崎區,大坪里,2023-07-24,0
台南市,龍崎區,大坪里,2023-07-31,0
台南市,龍崎區,大坪里,2023-08-07,0
台南市,龍崎區,大坪里,2023-08-14,0
台南市,龍崎區,大坪里,2023-08-21,0
台南市,龍崎區,大坪里,2023-08-28,0
台南市,龍崎區,大坪里,2023-09-04,0
台南市,龍崎區,大坪里,2023-09-11,0
台南市,龍崎區,大坪里,2023-09-18,0
台南市,龍崎區,大坪里,2023-09-25,0
台南市,龍崎區,大坪里,2023-10-02,0
台南市,龍崎區,大坪里,2023-10-09,0
台南市,龍崎區,大坪里,2023-10-16,0
台南市,龍崎區,大坪里,2023-10-23,0
台南市,龍崎區,大坪里,2023-10-30,0
台南市,龍崎區,大坪里,2023-11-06,0
台南市,龍崎區,大坪里,2023-11-13,0
台南市,龍崎區,大坪里,2023-11-20,0
台南市,龍崎區,大坪里,2023-11-27,0
台南市,龍崎區,大坪里,2023-12-04,0
台南市,龍崎區,大坪里,2023-12-11,0
台南市,龍崎區,大坪里,2023-12-18,0
台南市,龍崎區,大坪里,2023-12-25,0
台南市,龍崎區,大坪里,2024-01-01,0
台南市,龍崎區,崎頂里,2023-06-12,0
台南市,龍崎區,崎頂里,2023-06-19,0
台南市,龍崎區,崎頂里,2023-06-26,0
台南市,龍崎區,崎頂里,2023-07-03,0
台南市,龍崎區,崎頂里,2023-07-10,0
台南市,龍崎區,崎頂里,2023-07-17,0
台南市,龍崎區,崎頂里,2023-07-24,0
台南市,龍崎區,崎頂里,2023-07-31,0
台南市,龍崎區,崎頂里,2023-08-07,0
台南市,龍崎區,崎頂里,2023-08-14,0
台南市,龍崎區,崎頂里,2023-08-21,0
台南市,龍崎區,崎頂里,2023-08-28,0
台南市,龍崎區,崎頂里,2023-09-04,0
台南市,龍崎區,崎頂里,2023-09-11,0
台南市,龍崎區,崎頂里,2023-09-18,1
台南市,龍崎區,崎頂里,2023-09-25,1
台南市,龍崎區,崎頂里,2023-10-02,0
台南市,龍崎區,崎頂里,2023-10-09,2
台南市,龍崎區,崎頂里,2023-10-16,1
台南市,龍崎區,崎頂里,2023-10-23,0
台南市,龍崎區,崎頂里,2023-10-30,1
台南市,龍崎區,崎頂里,2023-11-06,2
台南市,龍崎區,崎頂里,2023-11-13,1
台南市,龍崎區,崎頂里,2023-11-20,1
台南市,龍崎區,崎頂里,2023-11-27,0
台南市,龍崎區,崎頂里,2023-12-04,0
台南市,龍崎區,崎頂里,2023-12-11,0
台南市,龍崎區,崎頂里,2023-12-18,1
台南市,龍崎區,崎頂里,2023-12-25,0
台南市,龍崎區,崎頂里,2024-01-01,0
台南市,龍崎區,楠坑里,2023-06-12,0
台南市,龍崎區,楠坑里,2023-06-19,0
台南市,龍崎區,楠坑里,2023-06-26,0
台南市,龍崎區,楠坑里,2023-07-03,0
台南市,龍崎區,楠坑里,2023-07-10,0
台南市,龍崎區,楠坑里,2023-07-17,0
台南市,龍崎區,楠坑里,2023-07-24,0
台南市,龍崎區,楠坑里,2023-07-31,0
台南市,龍崎區,楠坑里,2023-08-07,0
台南市,龍崎區,楠坑里,2023-08-14,0
台南市,龍崎區,楠坑里,2023-08-21,0
台南市,龍崎區,楠坑里,2023-08-28,0
台南市,龍崎區,楠坑里,2023-09-04,0
台南市,龍崎區,楠坑里,2023-09-11,0
台南市,龍崎區,楠坑里,2023-09-18,0
台南市,龍崎區,楠坑里,2023-09-25,0
台南市,龍崎區,楠坑里,2023-10-02,0
台南市,龍崎區,楠坑里,2023-10-09,0
台南市,龍崎區,楠坑里,2023-10-16,1
台南市,龍崎區,楠坑里,2023-10-23,1
台南市,龍崎區,楠坑里,2023-10-30,0
台南市,龍崎區,楠坑里,2023-11-06,0
台南市,龍崎區,楠坑里,2023-11-13,0
台南市,龍崎區,楠坑里,2023-11-20,0
台南市,龍崎區,楠坑里,2023-11-27,1
台南市,龍崎區,楠坑里,2023-12-04,0
台南市,龍崎區,楠坑里,2023-12-11,1
台南市,龍崎區,楠坑里,2023-12-18,0
台南市,龍崎區,楠坑里,2023-12-25,0
台南市,龍崎區,楠坑里,2024-01-01,0
台南市,龍崎區,牛埔里,2023-06-12,0
台南市,龍崎區,牛埔里,2023-06-19,0
台南市,龍崎區,牛埔里,2023-06-26,0
台南市,龍崎區,牛埔里,2023-07-03,0
台南市,龍崎區,牛埔里,2023-07-10,0
台南市,龍崎區,牛埔里,2023-07-17,0
台南市,龍崎區,牛埔里,2023-07-24,0
台南市,龍崎區,牛埔里,2023-07-31,0
台南市,龍崎區,牛埔里,2023-08-07,0
台南市,龍崎區,牛埔里,2023-08-14,0
台南市,龍崎區,牛埔里,2023-08-21,0
台南市,龍崎區,牛埔里,2023-08-28,0
台南市,龍崎區,牛埔里,2023-09-04,0
台南市,龍崎區,牛埔里,2023-09-11,1
台南市,龍崎區,牛埔里,2023-09-18,0
台南市,龍崎區,牛埔里,2023-09-25,0
台南市,龍崎區,牛埔里,2023-10-02,0
台南市,龍崎區,牛埔里,2023-10-09,0
台南市,龍崎區,牛埔里,2023-10-16,0
台南市,龍崎區,牛埔里,2023-10-23,0
台南市,龍崎區,牛埔里,2023-10-30,0
台南市,龍崎區,牛埔里,2023-11-06,0
台南市,龍崎區,牛埔里,2023-11-13,0
台南市,龍崎區,牛埔里,2023-11-20,0
台南市,龍崎區,牛埔里,2023-11-27,0
台南市,龍崎區,牛埔里,2023-12-04,0
台南市,龍崎區,牛埔里,2023-12-11,0
台南市,龍崎區,牛埔里,2023-12-18,0
台南市,龍崎區,牛埔里,2023-12-25,0
台南市,龍崎區,牛埔里,2024-01-01,0
台南市,龍崎區,石𥕢里,2023-06-12,0
台南市,龍崎區,石𥕢里,2023-06-19,0
台南市,龍崎區,石𥕢里,2023-06-26,0
台南市,龍崎區,石𥕢里,2023-07-03,0
台南市,龍崎區,石𥕢里,2023-07-10,0
台南市,龍崎區,石𥕢里,2023-07-17,0
台南市,龍崎區,石𥕢里,2023-07-24,0
台南市,龍崎區,石𥕢里,2023-07-31,0
台南市,龍崎區,石𥕢里,2023-08-07,0
台南市,龍崎區,石𥕢里,2023-08-14,0
台南市,龍崎區,石𥕢里,2023-08-21,0
台南市,龍崎區,石𥕢里,2023-08-28,0
台南市,龍崎區,石𥕢里,2023-09-04,0
台南市,龍崎區,石𥕢里,2023-09-11,0
台南市,龍崎區,石𥕢里,2023-09-18,0
台南市,龍崎區,石𥕢里,2023-09-25,0
台南市,龍崎區,石𥕢里,2023-10-02,0
台南市,龍崎區,石𥕢里,2023-10-09,0
台南市,龍崎區,石𥕢里,2023-10-16,0
台南市,龍崎區,石𥕢里,2023-10-23,0
台南市,龍崎區,石𥕢里,2023-10-30,0
台南市,龍崎區,石𥕢里,2023-11-06,0
台南市,龍崎區,石𥕢里,2023-11-13,0
台南市,龍崎區,石𥕢里,2023-11-20,0
台南市,龍崎區,石𥕢里,2023-11-27,0
台南市,龍崎區,石𥕢里,2023-12-04,0
台南市,龍崎區,石𥕢里,2023-12-11,0
台南市,龍崎區,石𥕢里,2023-12-18,0
台南市,龍崎區,石𥕢里,2023-12-25,0
台南市,龍崎區,石𥕢里,2024-01-01,0
台南市,龍崎區,龍船里,2023-06-12,0
台南市,龍崎區,龍船里,2023-06-19,0
台南市,龍崎區,龍船里,2023-06-26,0
台南市,龍崎區,龍船里,2023-07-03,0
台南市,龍崎區,龍船里,2023-07-10,0
台南市,龍崎區,龍船里,2023-07-17,0
台南市,龍崎區,龍船里,2023-07-24,0
台南市,龍崎區,龍船里,2023-07-31,0
台南市,龍崎區,龍船里,2023-08-07,0
台南市,龍崎區,龍船里,2023-08-14,0
台南市,龍崎區,龍船里,2023-08-21,0
台南市,龍崎區,龍船里,2023-08-28,0
台南市,龍崎區,龍船里,2023-09-04,0
台南市,龍崎區,龍船里,2023-09-11,0
台南市,龍崎區,龍船里,2023-09-18,0
台南市,龍崎區,龍船里,2023-09-25,0
台南市,龍崎區,龍船里,2023-10-02,0
台南市,龍崎區,龍船里,2023-10-09,0
台南市,龍崎區,龍船里,2023-10-16,0
台南市,龍崎區,龍船里,2023-10-23,1
台南市,龍崎區,龍船里,2023-10-30,3
台南市,龍崎區,龍船里,2023-11-06,2
台南市,龍崎區,龍船里,2023-11-13,0
台南市,龍崎區,龍船里,2023-11-20,1
台南市,龍崎區,龍船里,2023-11-27,1
台南市,龍崎區,龍船里,2023-12-04,0
台南市,龍崎區,龍船里,2023-12-11,0
台南市,龍崎區,龍船里,2023-12-18,0
台南市,龍崎區,龍船里,2023-12-25,0
台南市,龍崎區,龍船里,2024-01-01,0
